/home/ethan/github/ece405-assignment4-hpc/.venv/lib/python3.12/site-packages/torch/_inductor/compile_fx.py:322: UserWarning: TensorFloat32 tensor cores for float32 matrix multiplication available but not enabled. Consider setting `torch.set_float32_matmul_precision('high')` for better performance.
  warnings.warn(
W0503 20:27:17.907000 2528897 .venv/lib/python3.12/site-packages/torch/_dynamo/convert_frame.py:1743] [0/8] torch._dynamo hit config.recompile_limit (8)
W0503 20:27:17.907000 2528897 .venv/lib/python3.12/site-packages/torch/_dynamo/convert_frame.py:1743] [0/8]    function: '<lambda>' (/home/ethan/github/ece405-assignment4-hpc/cs336_systems/section1/pytorch_attention.py:73)
W0503 20:27:17.907000 2528897 .venv/lib/python3.12/site-packages/torch/_dynamo/convert_frame.py:1743] [0/8]    last reason: 0/7: GLOBAL_STATE changed: grad_mode 
W0503 20:27:17.907000 2528897 .venv/lib/python3.12/site-packages/torch/_dynamo/convert_frame.py:1743] [0/8] To log all recompilation reasons, use TORCH_LOGS="recompiles".
W0503 20:27:17.907000 2528897 .venv/lib/python3.12/site-packages/torch/_dynamo/convert_frame.py:1743] [0/8] To diagnose recompilation issues, see https://docs.pytorch.org/docs/main/user_guide/torch_compiler/compile/programming_model.recompilation.html
[
  {
    "config": {
      "implementation": "compiled_naive",
      "batch_size": 8,
      "d_model": 16,
      "sequence_length": 256,
      "warmup_steps": 10,
      "measure_steps": 100,
      "device": "cuda:0",
      "dtype": "fp32",
      "is_causal": false,
      "campaign": "assignment_attention_full",
      "output_root": "data/section1_2"
    },
    "status": "ok",
    "forward": {
      "mean_seconds": 0.009988656150526368,
      "stdev_seconds": 0.001033865949271056,
      "min_seconds": 0.00791677599772811,
      "max_seconds": 0.01127681601792574,
      "timings_seconds": [
        0.009407541016116738,
        0.009197657986078411,
        0.009183070011204109,
        0.009184041991829872,
        0.009590454981662333,
        0.00902299999142997,
        0.009031546011101454,
        0.008977283985586837,
        0.009065889986231923,
        0.010304964001988992,
        0.00791677599772811,
        0.009045462007634342,
        0.011195152997970581,
        0.011215171020012349,
        0.011123447999125347,
        0.011226793023524806,
        0.011140009999508038,
        0.0095023290195968,
        0.011152173014124855,
        0.011052475980250165,
        0.011108331003924832,
        0.009543026011670008,
        0.00909153898828663,
        0.009096958994632587,
        0.009102137992158532,
        0.008203372999560088,
        0.009069316991372034,
        0.008985609980300069,
        0.009036475996254012,
        0.00900261098286137,
        0.011077842995291576,
        0.01127681601792574,
        0.011151211016112939,
        0.011139598995214328,
        0.011183811991941184,
        0.01101498500793241,
        0.011177931010024622,
        0.011247119982726872,
        0.011150829988764599,
        0.011242953012697399,
        0.011207477014977485,
        0.01122436800505966,
        0.009305520012276247,
        0.009192436991725117,
        0.009241789986845106,
        0.009173692000331357,
        0.009514091012533754,
        0.008983785985037684,
        0.00909045702428557,
        0.008983987005194649,
        0.009069868014194071,
        0.0090536680072546,
        0.009085097000934184,
        0.008956123987445608,
        0.011188550997758284,
        0.01114349698764272,
        0.011133547988720238,
        0.01114774399320595,
        0.011138817004393786,
        0.009489585005212575,
        0.011200664011994377,
        0.011204841022845358,
        0.009279230987885967,
        0.009562271006871015,
        0.009053757996298373,
        0.009161530004348606,
        0.00916909400257282,
        0.009011759015265852,
        0.00905981901451014,
        0.00906427699374035,
        0.008970410999609157,
        0.00904215598711744,
        0.01111584500176832,
        0.011223587003769353,
        0.011074506997829303,
        0.011158475012052804,
        0.011228204995859414,
        0.011076720984419808,
        0.011177470005350187,
        0.011142114002723247,
        0.011234987992793322,
        0.01116609899327159,
        0.011231251002755016,
        0.011133837979286909,
        0.00929745499161072,
        0.00918678700691089,
        0.009236290003173053,
        0.009180175024084747,
        0.009535310004139319,
        0.008972706011263654,
        0.009051744011230767,
        0.008979609003290534,
        0.00898741401033476,
        0.009027377993334085,
        0.009177659987471998,
        0.00902099598897621,
        0.011150259000714868,
        0.011115773988422006,
        0.011247140995692462,
        0.009194181009661406
      ]
    },
    "backward": {
      "mean_seconds": 0.009651203240791802,
      "stdev_seconds": 0.0014837969606047647,
      "min_seconds": 0.004622298001777381,
      "max_seconds": 0.011328122986014932,
      "timings_seconds": [
        0.009310649009421468,
        0.008878148975782096,
        0.008851238002534956,
        0.00686130701797083,
        0.01102178799919784,
        0.011114382010418922,
        0.011055070994189009,
        0.010986061010044068,
        0.010828405007487163,
        0.008542187977582216,
        0.0068572489835787565,
        0.006749396998202428,
        0.006343154993373901,
        0.008668235008371994,
        0.0082706390239764,
        0.008706617023563012,
        0.008739889977732673,
        0.00873109299573116,
        0.008759505988564342,
        0.006877515988890082,
        0.006750117987394333,
        0.00495848897844553,
        0.004622298001777381,
        0.008844945987220854,
        0.009044300008099526,
        0.010910840006545186,
        0.010978075995808467,
        0.01095872902078554,
        0.0109913710039109,
        0.011018552002497017,
        0.009007781016407534,
        0.009014354000100866,
        0.007695861015236005,
        0.008735971990972757,
        0.011024412990082055,
        0.010801925993291661,
        0.010986983019392937,
        0.010939033003523946,
        0.011018731980584562,
        0.011010215996066108,
        0.008793740009423345,
        0.009035063005285338,
        0.009300890989834443,
        0.008859885012498125,
        0.008686939981998876,
        0.008973527001217008,
        0.010989587986841798,
        0.011026306980056688,
        0.010983236017636955,
        0.010691087984014302,
        0.010989386995788664,
        0.009179043001495302,
        0.009143797011347488,
        0.008882485999492928,
        0.008850156009430066,
        0.01104760600719601,
        0.011052485991967842,
        0.011022269987734035,
        0.010599756002193317,
        0.010410822986159474,
        0.011187910014996305,
        0.009064367011887953,
        0.009169614990241826,
        0.009567169996444136,
        0.008899136999389157,
        0.009041294979397207,
        0.009086399018997326,
        0.01119864999782294,
        0.011061032011639327,
        0.011060681019444019,
        0.010997573001077399,
        0.011192708014277741,
        0.008919706015149131,
        0.009070389001863077,
        0.008535947010386735,
        0.009056934010004625,
        0.011328122986014932,
        0.010670610005035996,
        0.011092540982645005,
        0.011164866999024525,
        0.011023851984646171,
        0.011129639984574169,
        0.009720839007059112,
        0.009133938001468778,
        0.009551830997224897,
        0.008908365009119734,
        0.009118298010434955,
        0.009068796003703028,
        0.011066502018366009,
        0.011110745021142066,
        0.011045192019082606,
        0.011049659980926663,
        0.010856318025616929,
        0.008958649006672204,
        0.009050711989402771,
        0.008741641999222338,
        0.0069810810091439635,
        0.011207746982108802,
        0.010959722014376894,
        0.011087541002780199
      ],
      "memory_allocated_before_backward": {
        "mean_bytes": 19791872.0,
        "max_bytes": 19791872,
        "mean_gb": 0.0184326171875,
        "max_gb": 0.0184326171875
      },
      "memory_reserved_before_backward": {
        "mean_bytes": 44040192.0,
        "max_bytes": 44040192,
        "mean_gb": 0.041015625,
        "max_gb": 0.041015625
      }
    },
    "attention_scores_bytes": 2097152
  },
  {
    "config": {
      "implementation": "compiled_naive",
      "batch_size": 8,
      "d_model": 16,
      "sequence_length": 1024,
      "warmup_steps": 10,
      "measure_steps": 100,
      "device": "cuda:0",
      "dtype": "fp32",
      "is_causal": false,
      "campaign": "assignment_attention_full",
      "output_root": "data/section1_2"
    },
    "status": "ok",
    "forward": {
      "mean_seconds": 0.009952655821398365,
      "stdev_seconds": 0.0015842276121749302,
      "min_seconds": 0.0068590119772125036,
      "max_seconds": 0.018392789992503822,
      "timings_seconds": [
        0.009972230007406324,
        0.009336738992715254,
        0.009726438991492614,
        0.010004310985095799,
        0.011221041990211233,
        0.0111605680140201,
        0.01117459501256235,
        0.011329035012749955,
        0.011222324013942853,
        0.011296873999526724,
        0.011300790996756405,
        0.011243384011322632,
        0.009380570001667365,
        0.009284711006330326,
        0.009284820989705622,
        0.009194442012812942,
        0.009563544008415192,
        0.009115394001128152,
        0.009116225002799183,
        0.009133577987086028,
        0.009126284014200792,
        0.009099874005187303,
        0.009171398007310927,
        0.009198689978802577,
        0.011277006997261196,
        0.0112594940001145,
        0.011220159998629242,
        0.011222855013329536,
        0.011267149006016552,
        0.009572060022037476,
        0.011271807015873492,
        0.011197096988325939,
        0.011261828010901809,
        0.009761084016645327,
        0.009199802007060498,
        0.018392789992503822,
        0.011156230000779033,
        0.011183000984601676,
        0.011211013013962656,
        0.011177239008247852,
        0.011169976001838222,
        0.011172210011864081,
        0.010100750980200246,
        0.00910006501362659,
        0.009128247998887673,
        0.009135250991676003,
        0.009034922026330605,
        0.008734689006814733,
        0.006977575016207993,
        0.007028380001429468,
        0.007061441981932148,
        0.008220035000704229,
        0.00687047399696894,
        0.006961493985727429,
        0.0069220809964463115,
        0.0068590119772125036,
        0.006905890011694282,
        0.0070955159899313,
        0.009063084988156334,
        0.011201074026757851,
        0.01117972400970757,
        0.01121965900529176,
        0.011198710009921342,
        0.011191615980351344,
        0.009639305993914604,
        0.01129339702310972,
        0.011170568002853543,
        0.011261017003562301,
        0.009605863015167415,
        0.009157121006865054,
        0.00917347299400717,
        0.009171629004413262,
        0.009173561993520707,
        0.009147875010967255,
        0.009110463986871764,
        0.009048649022588506,
        0.009112436993746087,
        0.010567485995125026,
        0.011190994991920888,
        0.011177620006492361,
        0.011201435001567006,
        0.011234036996029317,
        0.011223655979847535,
        0.01119391102110967,
        0.011239786981604993,
        0.011279402009677142,
        0.011271305993432179,
        0.011267758993199095,
        0.01116519799688831,
        0.009250125993276015,
        0.00925140900653787,
        0.009300080011598766,
        0.009205281996401027,
        0.009638583986088634,
        0.009106256999075413,
        0.009046594001119956,
        0.00907254300545901,
        0.009080557996639982,
        0.009134399006143212,
        0.008281438989797607
      ]
    },
    "backward": {
      "mean_seconds": 0.00995781729085138,
      "stdev_seconds": 0.0012029463224289083,
      "min_seconds": 0.005843547987751663,
      "max_seconds": 0.012125829001888633,
      "timings_seconds": [
        0.011026847991161048,
        0.01117096800589934,
        0.011019664001651108,
        0.011259443999733776,
        0.01077127901953645,
        0.011129268998047337,
        0.009132626000791788,
        0.00920889899134636,
        0.00900253199506551,
        0.009029092005221173,
        0.008628690004115924,
        0.008939823979744688,
        0.01116855299915187,
        0.011084316007327288,
        0.009509783005341887,
        0.011121635005110875,
        0.009615140006644651,
        0.00916343301651068,
        0.008983576000900939,
        0.0075608080078382045,
        0.008317366999108344,
        0.011113900982309133,
        0.011030183988623321,
        0.00864823700976558,
        0.011032267997507006,
        0.011121013987576589,
        0.011263952997978777,
        0.009249355003703386,
        0.009287105989642441,
        0.009105875011300668,
        0.009137173998169601,
        0.008797838003374636,
        0.009126214019488543,
        0.011273570009507239,
        0.005843547987751663,
        0.009610440989490598,
        0.011183741997228935,
        0.009708505996968597,
        0.009087850979994982,
        0.008981772989500314,
        0.008863341005053371,
        0.007871350011555478,
        0.011072191991843283,
        0.01092053801403381,
        0.01099166099447757,
        0.0111289499909617,
        0.011179563996847719,
        0.011244255991186947,
        0.009270253998693079,
        0.009030714980326593,
        0.009057304007001221,
        0.008854154002619907,
        0.00848028200562112,
        0.009066783008165658,
        0.011198560008779168,
        0.011027598986402154,
        0.009460230008699,
        0.011076661001425236,
        0.009681655996246263,
        0.008844214986311272,
        0.008769545005634427,
        0.008839605987304822,
        0.00823979199049063,
        0.011055912997107953,
        0.011091499007306993,
        0.011156710999784991,
        0.011122297000838444,
        0.011099143011961132,
        0.011109653016319498,
        0.00917481500073336,
        0.009226492024026811,
        0.008963217987911776,
        0.008970280992798507,
        0.007782953995047137,
        0.009077292022993788,
        0.01123922597616911,
        0.011248072987655178,
        0.009745413990458474,
        0.010861287009902298,
        0.009762837988091633,
        0.008905239024898037,
        0.00894124698243104,
        0.008978046011179686,
        0.00902838000911288,
        0.011009736015694216,
        0.010940486012259498,
        0.011214469006517902,
        0.011055631010094658,
        0.011334114009514451,
        0.011196806008229032,
        0.012125829001888633,
        0.009528418013360351,
        0.009013401984702796,
        0.009006339008919895,
        0.008769225009018555,
        0.011334845010424033,
        0.011327240994432941,
        0.011355034017469734,
        0.011218586994800717,
        0.01119604500127025
      ],
      "memory_allocated_before_backward": {
        "mean_bytes": 53215232.0,
        "max_bytes": 53215232,
        "mean_gb": 0.049560546875,
        "max_gb": 0.049560546875
      },
      "memory_reserved_before_backward": {
        "mean_bytes": 115343360.0,
        "max_bytes": 115343360,
        "mean_gb": 0.107421875,
        "max_gb": 0.107421875
      }
    },
    "attention_scores_bytes": 33554432
  },
  {
    "config": {
      "implementation": "compiled_naive",
      "batch_size": 8,
      "d_model": 16,
      "sequence_length": 4096,
      "warmup_steps": 10,
      "measure_steps": 100,
      "device": "cuda:0",
      "dtype": "fp32",
      "is_causal": false,
      "campaign": "assignment_attention_full",
      "output_root": "data/section1_2"
    },
    "status": "ok",
    "forward": {
      "mean_seconds": 0.011964503459457774,
      "stdev_seconds": 0.0011247873097832081,
      "min_seconds": 0.010314572020433843,
      "max_seconds": 0.016741483996156603,
      "timings_seconds": [
        0.012917052023112774,
        0.01290951800183393,
        0.013028741988819093,
        0.012985611014300957,
        0.012886796001112089,
        0.012920259003294632,
        0.013097329996526241,
        0.012923755013616756,
        0.012985530978767201,
        0.013048849010374397,
        0.012340179993771017,
        0.011126204015454277,
        0.010973606986226514,
        0.010890431993175298,
        0.01137561199720949,
        0.010776317998534068,
        0.010844486008863896,
        0.010901942994678393,
        0.010778611991554499,
        0.010823406017152593,
        0.010987404006300494,
        0.010857360000954941,
        0.011925983999390155,
        0.013071983004920185,
        0.013025966007262468,
        0.013034582982072607,
        0.013134189008269459,
        0.011848588997963816,
        0.013034873001743108,
        0.012891224003396928,
        0.013063737016636878,
        0.011919481999939308,
        0.010932881996268407,
        0.011018993012839928,
        0.010905080009251833,
        0.01088915002765134,
        0.010938471998088062,
        0.010812286025611684,
        0.01078129798406735,
        0.01083915599156171,
        0.012937610998051241,
        0.012914296996314079,
        0.012921109999297187,
        0.012956216000020504,
        0.01297522202366963,
        0.012854634987888858,
        0.013069587992504239,
        0.013062445010291412,
        0.012832392996642739,
        0.012992112984647974,
        0.013063756981864572,
        0.01286108698695898,
        0.012284235999686643,
        0.011021557002095506,
        0.010957206977764145,
        0.010869732999708503,
        0.011249736009631306,
        0.010656281985575333,
        0.01070706799509935,
        0.01078341100947,
        0.01074238499859348,
        0.01075747300637886,
        0.010314572020433843,
        0.010767872008727863,
        0.012837101996410638,
        0.01278607698623091,
        0.012833606015192345,
        0.012824118020944297,
        0.012829657993279397,
        0.011163695016875863,
        0.012757192977005616,
        0.012800153024727479,
        0.012818016984965652,
        0.011199792003026232,
        0.010750098997959867,
        0.01078353199409321,
        0.010866987984627485,
        0.010608191980281845,
        0.010758743999758735,
        0.010691107978345826,
        0.01064825797220692,
        0.010655621998012066,
        0.012869874015450478,
        0.011530471994774416,
        0.012781758996425197,
        0.012838053982704878,
        0.012874241976533085,
        0.012727427005302161,
        0.012717928999336436,
        0.012834989000111818,
        0.012897325010271743,
        0.012851648993091658,
        0.012819708994356915,
        0.01281020199530758,
        0.016741483996156603,
        0.010677011014195159,
        0.010724541003582999,
        0.010670299001503736,
        0.010751320980489254,
        0.010721164988353848
      ]
    },
    "backward": {
      "mean_seconds": 0.022836510890047065,
      "stdev_seconds": 0.002283922612480165,
      "min_seconds": 0.015837579005165026,
      "max_seconds": 0.02537193801254034,
      "timings_seconds": [
        0.025218409980880097,
        0.025310953002190217,
        0.025217788002919406,
        0.015837579005165026,
        0.020432254998013377,
        0.02090364901232533,
        0.020918336987961084,
        0.020866067992756143,
        0.020815312978811562,
        0.019924833002733067,
        0.017015588004142046,
        0.0171589569945354,
        0.02092500898288563,
        0.020992195000872016,
        0.0251875719986856,
        0.02481971200904809,
        0.025265709002269432,
        0.021572183002717793,
        0.021045564993983135,
        0.020982065005227923,
        0.025275827996665612,
        0.025159740005619824,
        0.02537193801254034,
        0.025371105992235243,
        0.021358272002544254,
        0.021126706997165456,
        0.021148347994312644,
        0.021285313996486366,
        0.025148799002636224,
        0.025261230010073632,
        0.02515609300462529,
        0.021736449998570606,
        0.02101438702084124,
        0.021014316007494926,
        0.025194344023475423,
        0.025101320003159344,
        0.024875277013052255,
        0.025294623017543927,
        0.021428313018986955,
        0.021657242003129795,
        0.020977617998141795,
        0.021065843000542372,
        0.025265317992307246,
        0.02530378001392819,
        0.02363669400801882,
        0.02166489599039778,
        0.021231583988992497,
        0.02094356299494393,
        0.025217358022928238,
        0.025238558009732515,
        0.025365236011566594,
        0.025320921995444223,
        0.021323647000826895,
        0.02167655900120735,
        0.02104137698188424,
        0.021135303017217666,
        0.02464795100968331,
        0.024858415010385215,
        0.025143648992525414,
        0.02145910100080073,
        0.021040855994215235,
        0.020964352996088564,
        0.02517263501067646,
        0.025109295005677268,
        0.02377646599779837,
        0.02535504597472027,
        0.0215017500158865,
        0.02158603901625611,
        0.020923425996443257,
        0.021023923996835947,
        0.02524777498911135,
        0.024190552008803934,
        0.0252013569988776,
        0.021717864990932867,
        0.02115657299873419,
        0.02020793399424292,
        0.025306705996626988,
        0.02516162398387678,
        0.024797390011372045,
        0.025248555990401655,
        0.02147252598660998,
        0.021789549995446578,
        0.02083386800950393,
        0.021065923996502534,
        0.025326091999886557,
        0.025209043000359088,
        0.02507591200992465,
        0.021400620986241847,
        0.02099718400859274,
        0.021056124998722225,
        0.025158598000416532,
        0.023789810977177694,
        0.025236073997803032,
        0.025365645997226238,
        0.021449421998113394,
        0.021665908978320658,
        0.019044972985284403,
        0.021007083007134497,
        0.025168166001094505,
        0.02494168098201044
      ],
      "memory_allocated_before_backward": {
        "mean_bytes": 564396032.0,
        "max_bytes": 564396032,
        "mean_gb": 0.525634765625,
        "max_gb": 0.525634765625
      },
      "memory_reserved_before_backward": {
        "mean_bytes": 1189085184.0,
        "max_bytes": 1189085184,
        "mean_gb": 1.107421875,
        "max_gb": 1.107421875
      }
    },
    "attention_scores_bytes": 536870912
  },
  {
    "config": {
      "implementation": "compiled_naive",
      "batch_size": 8,
      "d_model": 16,
      "sequence_length": 8192,
      "warmup_steps": 10,
      "measure_steps": 100,
      "device": "cuda:0",
      "dtype": "fp32",
      "is_causal": false,
      "campaign": "assignment_attention_full",
      "output_root": "data/section1_2"
    },
    "status": "ok",
    "forward": {
      "mean_seconds": 0.04794995178905083,
      "stdev_seconds": 0.004429225504237827,
      "min_seconds": 0.034655226016184315,
      "max_seconds": 0.059226211975328624,
      "timings_seconds": [
        0.05053484402014874,
        0.04663697400246747,
        0.04389473199262284,
        0.04778220201842487,
        0.051689868996618316,
        0.0524029070220422,
        0.04865641100332141,
        0.044481952994829044,
        0.04374560201540589,
        0.04729033002513461,
        0.050683462992310524,
        0.05078255900298245,
        0.04393981699831784,
        0.043805123976198956,
        0.05215782698360272,
        0.05204991501523182,
        0.052554149995557964,
        0.04465492797316983,
        0.044080108986236155,
        0.043831282993778586,
        0.05235625899513252,
        0.05063430001609959,
        0.04641654097940773,
        0.04378343399730511,
        0.0460210990277119,
        0.05216558201937005,
        0.0480830869928468,
        0.039855727984104306,
        0.035667154006659985,
        0.034655226016184315,
        0.03792877498199232,
        0.04201953602023423,
        0.04586072900565341,
        0.04399610200198367,
        0.043656546011334285,
        0.05197382200276479,
        0.052090320008574054,
        0.047846331988694146,
        0.04536840500077233,
        0.04456325600040145,
        0.04428587498841807,
        0.05262056499486789,
        0.04433328501181677,
        0.046773010020842776,
        0.04421432199887931,
        0.04719070202554576,
        0.05245423299493268,
        0.052666319999843836,
        0.04904784500831738,
        0.045023899991065264,
        0.04399857699172571,
        0.04818684997735545,
        0.05136676298570819,
        0.05147076799767092,
        0.04454373999033123,
        0.04419952299213037,
        0.052614582993555814,
        0.05272471997886896,
        0.05282733199419454,
        0.0452246560016647,
        0.04441188200144097,
        0.04419486501137726,
        0.05246212799102068,
        0.0509945259836968,
        0.04714887400041334,
        0.043908036983339116,
        0.04711180500453338,
        0.0525061099906452,
        0.0526305940002203,
        0.04912453901488334,
        0.044923722016392276,
        0.044169578002765775,
        0.04801604998647235,
        0.051314815995283425,
        0.050966163020348176,
        0.04448916600085795,
        0.044055723992642015,
        0.052535274997353554,
        0.05242191199795343,
        0.052535174996592104,
        0.04502027199487202,
        0.04444206799962558,
        0.04446900900802575,
        0.05714842601446435,
        0.059226211975328624,
        0.05560325799160637,
        0.05253127799369395,
        0.04997383200679906,
        0.05014385099639185,
        0.05231946098501794,
        0.048493255977518857,
        0.04461509300745092,
        0.05584715501754545,
        0.0492619669821579,
        0.044527669000672176,
        0.04369528801180422,
        0.05083346398896538,
        0.05262015399057418,
        0.05217003999860026,
        0.04576768397237174
      ]
    },
    "backward": {
      "mean_seconds": 0.0698506972900941,
      "stdev_seconds": 0.008156726322039476,
      "min_seconds": 0.04788761000963859,
      "max_seconds": 0.09152860500034876,
      "timings_seconds": [
        0.09095034198253416,
        0.07707128499168903,
        0.0829312939895317,
        0.06281334898085333,
        0.07830343500245363,
        0.07654997700592503,
        0.08511272500618361,
        0.08260639497893862,
        0.08629177598049864,
        0.07361182797467336,
        0.08241640901542269,
        0.08683180800289847,
        0.0732019700226374,
        0.06735588700394146,
        0.0658053990046028,
        0.07559635900543071,
        0.06400938198203221,
        0.07152166901505552,
        0.06917529899510555,
        0.0707599500019569,
        0.0649174040008802,
        0.06769142599659972,
        0.07337935201940127,
        0.06626529200002551,
        0.06957988798967563,
        0.06385067399241962,
        0.07557036000071093,
        0.06183153699385002,
        0.0721590239845682,
        0.06112153598223813,
        0.07499291800195351,
        0.06144671601941809,
        0.07409832999110222,
        0.06311279002693482,
        0.07547904900275171,
        0.06116290399222635,
        0.07249366099131294,
        0.06711111700860783,
        0.07204567102598958,
        0.06162162299733609,
        0.06831605700426735,
        0.07125741301570088,
        0.05244490600307472,
        0.04889869500766508,
        0.04788761000963859,
        0.07565104201785289,
        0.06271544500486925,
        0.07223404399701394,
        0.06162746500922367,
        0.07618066598661244,
        0.061818543006666005,
        0.07308862698846497,
        0.06442005099961534,
        0.07725877698976547,
        0.0617506249982398,
        0.07240436400752515,
        0.06996529002208263,
        0.07183297199662775,
        0.06588551899767481,
        0.06924958800664172,
        0.07467295799870044,
        0.07243276701774448,
        0.07814255400444381,
        0.07052708399714902,
        0.09152860500034876,
        0.07201536500360817,
        0.07938318999367766,
        0.07690315000945702,
        0.07765285501955077,
        0.06154235498979688,
        0.07392264998634346,
        0.06299803499132395,
        0.07503180098137818,
        0.06921416099066846,
        0.06372520799050108,
        0.07883030400262214,
        0.06276932600303553,
        0.06995281600393355,
        0.06742716100416146,
        0.068452242994681,
        0.06782429499435239,
        0.06634529199800454,
        0.061300030996790156,
        0.04803922399878502,
        0.06515403799130581,
        0.062134214997058734,
        0.07573175401194021,
        0.06225785700371489,
        0.0748586560075637,
        0.06123613097588532,
        0.07595800800481811,
        0.061376755009405315,
        0.07415763198514469,
        0.06492724301642738,
        0.07400680900900625,
        0.06117896400974132,
        0.07042701498721726,
        0.06796688301255926,
        0.07010456098942086,
        0.06522426899755374
      ],
      "memory_allocated_before_backward": {
        "mean_bytes": 2185494528.0,
        "max_bytes": 2185494528,
        "mean_gb": 2.035400390625,
        "max_gb": 2.035400390625
      },
      "memory_reserved_before_backward": {
        "mean_bytes": 5484052480.0,
        "max_bytes": 5484052480,
        "mean_gb": 5.107421875,
        "max_gb": 5.107421875
      }
    },
    "attention_scores_bytes": 2147483648
  },
  {
    "config": {
      "implementation": "compiled_naive",
      "batch_size": 8,
      "d_model": 16,
      "sequence_length": 16384,
      "warmup_steps": 10,
      "measure_steps": 100,
      "device": "cuda:0",
      "dtype": "fp32",
      "is_causal": false,
      "campaign": "assignment_attention_full",
      "output_root": "data/section1_2"
    },
    "status": "ok",
    "forward": {
      "mean_seconds": 0.14232421284075827,
      "stdev_seconds": 0.015884862322517745,
      "min_seconds": 0.09711788699496537,
      "max_seconds": 0.16848399399896152,
      "timings_seconds": [
        0.1268429379852023,
        0.12473297098767944,
        0.14127893798286095,
        0.09711788699496537,
        0.09828055702382699,
        0.13178308098576963,
        0.11907568198512308,
        0.13414949999423698,
        0.1326120260055177,
        0.12565926800016314,
        0.13382520101731643,
        0.12647391599602997,
        0.13152022898430005,
        0.1301983699959237,
        0.12496986499172635,
        0.13898079900536686,
        0.12584787199739367,
        0.12678623097599484,
        0.14185284500126727,
        0.12096185999689624,
        0.133424498984823,
        0.13564844999928027,
        0.1252410439774394,
        0.13559181400341913,
        0.12942919699708,
        0.1305823800212238,
        0.13137568699312396,
        0.12802693800767884,
        0.1644691849942319,
        0.15578802599338815,
        0.15226677298778668,
        0.1684017289953772,
        0.14977602200815454,
        0.1585371310065966,
        0.16358956499607302,
        0.14999827998690307,
        0.16180609099683352,
        0.12877528101671487,
        0.14516450400697067,
        0.16178816801402718,
        0.15163834500708617,
        0.16263992502354085,
        0.15609573302208446,
        0.1540339470084291,
        0.16663476600660942,
        0.15200902000651695,
        0.15713478199904785,
        0.167154210008448,
        0.1486523549829144,
        0.1637053530139383,
        0.16080075601348653,
        0.1554334810061846,
        0.16316340601770207,
        0.15356039901962504,
        0.16027896801824681,
        0.15763176398468204,
        0.15172093000728637,
        0.16661581001244485,
        0.15371236400096677,
        0.15396296299877577,
        0.168296861986164,
        0.14783892000559717,
        0.1607385899988003,
        0.16188311501173303,
        0.15210386700346135,
        0.16257572401082143,
        0.15572572901146486,
        0.15881769699626602,
        0.1601222030003555,
        0.1517427899816539,
        0.13612431299407035,
        0.13771599699975923,
        0.15198828000575304,
        0.16848399399896152,
        0.14953315700404346,
        0.15541994600789621,
        0.14868559801834635,
        0.12229819499771111,
        0.13521287302137353,
        0.1360906900081318,
        0.11970408097840846,
        0.13629823800874874,
        0.13284566401853226,
        0.13038050101022236,
        0.13180519299930893,
        0.1273255129926838,
        0.1333722419803962,
        0.13019659600104205,
        0.1258991380163934,
        0.13865475700004026,
        0.1260793560068123,
        0.1267238639993593,
        0.1418270159920212,
        0.12051585398148745,
        0.13349024197668768,
        0.13541807801811956,
        0.12463063898030668,
        0.13383113199961372,
        0.13358755499939434,
        0.12922700800118037
      ]
    },
    "backward": {
      "mean_seconds": 0.2148880538609228,
      "stdev_seconds": 0.015175563750949824,
      "min_seconds": 0.16855862402007915,
      "max_seconds": 0.26528565798071213,
      "timings_seconds": [
        0.21361403301125392,
        0.2117617090116255,
        0.20605710198287852,
        0.2065296669898089,
        0.20792325100046583,
        0.18522242200560868,
        0.2139609630103223,
        0.220007641997654,
        0.2067033940111287,
        0.20863770999130793,
        0.21428859801380895,
        0.21327730099437758,
        0.21239141002297401,
        0.20587903799605556,
        0.20545873898663558,
        0.21884375900845043,
        0.22369794198311865,
        0.2057599349936936,
        0.21037029899889603,
        0.20752033501048572,
        0.21141236400580965,
        0.22430889701354317,
        0.22178232000442222,
        0.2138462880102452,
        0.21181857597548515,
        0.20679795101750642,
        0.20968631701543927,
        0.2548820579831954,
        0.25866857898654416,
        0.2570843590074219,
        0.21685073198750615,
        0.2513649229949806,
        0.26528565798071213,
        0.25965144200017676,
        0.24296029302058741,
        0.21177822997560725,
        0.21621268498711288,
        0.21802579500945285,
        0.22171288999379613,
        0.22327248399960808,
        0.2139738469850272,
        0.2241019989887718,
        0.2011427560064476,
        0.1967103640199639,
        0.20658797697979026,
        0.20800148698617704,
        0.22202465400914662,
        0.21386784900096245,
        0.21028515000944026,
        0.21423249199870043,
        0.20853501799865626,
        0.2143066110147629,
        0.22111886501079425,
        0.21227485098643228,
        0.20624846999999136,
        0.16855862402007915,
        0.20322492098785006,
        0.2139758410048671,
        0.22190295599284582,
        0.21788053298951127,
        0.2068488959921524,
        0.2140810979763046,
        0.21298231699620374,
        0.22482195901102386,
        0.22488673101179302,
        0.21750608101137914,
        0.20939176398678683,
        0.21426646600593813,
        0.17323767798370682,
        0.21766315499553457,
        0.21464407301391475,
        0.21396925899898633,
        0.20861892501125112,
        0.20700369600672275,
        0.21767404599813744,
        0.2144927600165829,
        0.213803246995667,
        0.2219682380091399,
        0.20650750602362677,
        0.21586300001945347,
        0.19338766401051544,
        0.19790756900329143,
        0.2220979609992355,
        0.21816543699242175,
        0.20657468200079165,
        0.21807750200969167,
        0.22197113299625926,
        0.21336153900483623,
        0.21012452902505174,
        0.21535123998182826,
        0.21567942498950288,
        0.21951334402547218,
        0.22176752201630734,
        0.1705159539997112,
        0.21242051501758397,
        0.21366300398949534,
        0.21598934699431993,
        0.20942357400781475,
        0.22343883599387482,
        0.224880358990049
      ],
      "memory_allocated_before_backward": {
        "mean_bytes": 8648916992.0,
        "max_bytes": 8648916992,
        "mean_gb": 8.054931640625,
        "max_gb": 8.054931640625
      },
      "memory_reserved_before_backward": {
        "mean_bytes": 22663921664.0,
        "max_bytes": 22663921664,
        "mean_gb": 21.107421875,
        "max_gb": 21.107421875
      }
    },
    "attention_scores_bytes": 8589934592
  },
  {
    "config": {
      "implementation": "compiled_naive",
      "batch_size": 8,
      "d_model": 32,
      "sequence_length": 256,
      "warmup_steps": 10,
      "measure_steps": 100,
      "device": "cuda:0",
      "dtype": "fp32",
      "is_causal": false,
      "campaign": "assignment_attention_full",
      "output_root": "data/section1_2"
    },
    "status": "ok",
    "forward": {
      "mean_seconds": 0.007470823570911307,
      "stdev_seconds": 0.0019307463957276179,
      "min_seconds": 0.0015181560011114925,
      "max_seconds": 0.014968489005696028,
      "timings_seconds": [
        0.008922701992560178,
        0.009014795010443777,
        0.009006679989397526,
        0.00898808499914594,
        0.00899019799544476,
        0.007082441006787121,
        0.006982073013205081,
        0.007006558997090906,
        0.00697056099306792,
        0.007334453985095024,
        0.0068054319999646395,
        0.006804809992900118,
        0.006815730972448364,
        0.006800041010137647,
        0.006815100001404062,
        0.006918312981724739,
        0.0068262009881436825,
        0.008973256015451625,
        0.00889266500598751,
        0.008973548014182597,
        0.008956375007983297,
        0.008997872995678335,
        0.0072415589820593596,
        0.008946207002736628,
        0.008942629006924108,
        0.00897593202535063,
        0.007416167005430907,
        0.006868941010907292,
        0.006947026995476335,
        0.006907662987941876,
        0.014968489005696028,
        0.008879391010850668,
        0.008850365993566811,
        0.008894599013729021,
        0.008861517009790987,
        0.008936868020100519,
        0.00888594301068224,
        0.008878599008312449,
        0.00898777399561368,
        0.008930816984502599,
        0.008954151009675115,
        0.007644255005288869,
        0.006958618992939591,
        0.00700333301210776,
        0.009776833991054446,
        0.004980419005732983,
        0.012014339008601382,
        0.003993509017163888,
        0.009282095998059958,
        0.0015181560011114925,
        0.006761167984222993,
        0.006922440981725231,
        0.006768251012545079,
        0.008976301993243396,
        0.008966513996711,
        0.008967394998762757,
        0.00897161298780702,
        0.00899926500278525,
        0.007316230010474101,
        0.008945495006628335,
        0.00886487402021885,
        0.008921689994167536,
        0.007427158008795232,
        0.00691659000585787,
        0.006943399988813326,
        0.0068671570043079555,
        0.006817494024289772,
        0.006838725006673485,
        0.0068202189868316054,
        0.006782890006434172,
        0.00685348198749125,
        0.008951986994361505,
        0.008925848000217229,
        0.008948731003329158,
        0.008971572999143973,
        0.008914506994187832,
        0.008923604007577524,
        0.008958357997471467,
        0.008949803013820201,
        0.007285140978638083,
        0.00683136100997217,
        0.006855916988570243,
        0.006870874000014737,
        0.004905950016109273,
        0.004695785988587886,
        0.0047393880086019635,
        0.004672431998187676,
        0.004809659993043169,
        0.0038463429955299944,
        0.003719394007930532,
        0.003676655003800988,
        0.0037528870161622763,
        0.0037225399864837527,
        0.0037819019926246256,
        0.004149450978729874,
        0.006253286002902314,
        0.006728427018970251,
        0.006734779017278925,
        0.00677412300137803,
        0.0067592049890663475
      ]
    },
    "backward": {
      "mean_seconds": 0.007622657429601531,
      "stdev_seconds": 0.001035544256709783,
      "min_seconds": 0.0063165049941744655,
      "max_seconds": 0.008895200007827953,
      "timings_seconds": [
        0.0066781630157493055,
        0.006646452995482832,
        0.006675568001810461,
        0.008805362012935802,
        0.008799391012871638,
        0.008830779988784343,
        0.00875875397468917,
        0.008854434010572731,
        0.008799491013633087,
        0.0068212210026104,
        0.006399870995664969,
        0.006623931985814124,
        0.00665815599495545,
        0.006656592013314366,
        0.006700113997794688,
        0.008789142011664808,
        0.008841280010528862,
        0.007231461000628769,
        0.008693391981068999,
        0.007161129004089162,
        0.006389451009454206,
        0.00676101801218465,
        0.0067095819977112114,
        0.007828550005797297,
        0.008679716003825888,
        0.00874744402244687,
        0.008746501000132412,
        0.00882688199635595,
        0.008866296004271135,
        0.008895200007827953,
        0.006854542996734381,
        0.006399470003088936,
        0.006660259998170659,
        0.006627658993238583,
        0.006672351999441162,
        0.006699343008222058,
        0.008806674013612792,
        0.008823254989692941,
        0.007061281998176128,
        0.008776147005846724,
        0.007196263992227614,
        0.006447760999435559,
        0.006714852002914995,
        0.006659096980001777,
        0.006736512994393706,
        0.008807084988802671,
        0.008819488022709265,
        0.008750670007430017,
        0.008688784000696614,
        0.008781137003097683,
        0.008844004012644291,
        0.0068629699817392975,
        0.006383250001817942,
        0.006722936988808215,
        0.006689774978440255,
        0.006660109007498249,
        0.006685416999971494,
        0.008655370998894796,
        0.008786055987002328,
        0.007195081998361275,
        0.008740921010030434,
        0.007254994998220354,
        0.0067928780044894665,
        0.006690595997497439,
        0.0066984920122195035,
        0.006635773024754599,
        0.008717377000721171,
        0.008792407985311002,
        0.008783380995737389,
        0.008795543981250376,
        0.008867347991326824,
        0.00877947299159132,
        0.006870773999253288,
        0.006346309994114563,
        0.006673533993307501,
        0.006657774996710941,
        0.006641543994192034,
        0.006675909011391923,
        0.008766559010837227,
        0.008757200994296,
        0.007183390000136569,
        0.008673634991282597,
        0.0072469000006094575,
        0.0067978470178786665,
        0.006726504012476653,
        0.00670748800621368,
        0.006486072990810499,
        0.008797507005510852,
        0.008766508981352672,
        0.008751902001677081,
        0.008779051975579932,
        0.008852269995259121,
        0.008835599001031369,
        0.006738385010976344,
        0.0063165049941744655,
        0.00658809399465099,
        0.0066323170030955225,
        0.006615845981286839,
        0.006647926988080144,
        0.00884026798303239
      ],
      "memory_allocated_before_backward": {
        "mean_bytes": 20447232.0,
        "max_bytes": 20447232,
        "mean_gb": 0.01904296875,
        "max_gb": 0.01904296875
      },
      "memory_reserved_before_backward": {
        "mean_bytes": 22663921664.0,
        "max_bytes": 22663921664,
        "mean_gb": 21.107421875,
        "max_gb": 21.107421875
      }
    },
    "attention_scores_bytes": 2097152
  },
  {
    "config": {
      "implementation": "compiled_naive",
      "batch_size": 8,
      "d_model": 32,
      "sequence_length": 1024,
      "warmup_steps": 10,
      "measure_steps": 100,
      "device": "cuda:0",
      "dtype": "fp32",
      "is_causal": false,
      "campaign": "assignment_attention_full",
      "output_root": "data/section1_2"
    },
    "status": "ok",
    "forward": {
      "mean_seconds": 0.007609030669555068,
      "stdev_seconds": 0.0013051512969161911,
      "min_seconds": 0.004607048991601914,
      "max_seconds": 0.009095735993469134,
      "timings_seconds": [
        0.007017308991635218,
        0.006931657990207896,
        0.006928672024514526,
        0.006891552999150008,
        0.00687829899834469,
        0.006877306004753336,
        0.009020755998790264,
        0.00902016501640901,
        0.00890399600029923,
        0.008989947993541136,
        0.009048176987562329,
        0.009031736000906676,
        0.009002752020023763,
        0.009016136988066137,
        0.009095735993469134,
        0.009046944993315265,
        0.008977805991889909,
        0.008955454017268494,
        0.007006357976933941,
        0.007020856020972133,
        0.007107307988917455,
        0.007033900008536875,
        0.007387694000499323,
        0.006874682003399357,
        0.006884659989736974,
        0.006897323997691274,
        0.006903836008859798,
        0.006862307986011729,
        0.006992843002080917,
        0.006920797983184457,
        0.009037588024511933,
        0.009011477988678962,
        0.009088462975341827,
        0.009085257013794035,
        0.00903922101133503,
        0.007409003999782726,
        0.009005297004478052,
        0.008994877978693694,
        0.009005947998957708,
        0.007506806985475123,
        0.007006699015619233,
        0.007004024024354294,
        0.007014022005023435,
        0.006872167024994269,
        0.006903995992615819,
        0.006913924997206777,
        0.006868641008622944,
        0.006856196996523067,
        0.009029893000843003,
        0.009000829013530165,
        0.008956324978498742,
        0.009019803983392194,
        0.00903687599929981,
        0.008983946987427771,
        0.009008461987832561,
        0.009071029984625056,
        0.009020214987685904,
        0.009071861015399918,
        0.009049869986483827,
        0.009075237991055474,
        0.007181505992775783,
        0.00703340899781324,
        0.00706729298690334,
        0.007011258014244959,
        0.007385779987089336,
        0.006863921007607132,
        0.006906972004799172,
        0.00690445801592432,
        0.006909617019118741,
        0.006873298989376053,
        0.006988255016040057,
        0.00691834298777394,
        0.00904215598711744,
        0.009015465999254957,
        0.009042327001225203,
        0.009005747007904574,
        0.009061842982191592,
        0.007335325004532933,
        0.008968377020210028,
        0.009017510019475594,
        0.008967014990048483,
        0.0074568529962562025,
        0.005207985988818109,
        0.004830388003028929,
        0.004822782997507602,
        0.004731431981781498,
        0.0046793750079814345,
        0.004627568006981164,
        0.004634470999008045,
        0.004607048991601914,
        0.0063867170247249305,
        0.006732103996910155,
        0.006717005977407098,
        0.006722767022438347,
        0.006786765996366739,
        0.006771298008970916,
        0.006764224992366508,
        0.006813687999965623,
        0.006811983999796212,
        0.00682379599311389
      ]
    },
    "backward": {
      "mean_seconds": 0.007739838339621202,
      "stdev_seconds": 0.0010661451322263062,
      "min_seconds": 0.0059876480081584305,
      "max_seconds": 0.00905297600547783,
      "timings_seconds": [
        0.008845807984471321,
        0.00735961101599969,
        0.006915848993230611,
        0.006789471983211115,
        0.006171032000565901,
        0.0067227359977550805,
        0.008902664005290717,
        0.008895461010979488,
        0.00888338900404051,
        0.008947729016654193,
        0.008993514988105744,
        0.008976652985438704,
        0.0068211609905119985,
        0.006864442024379969,
        0.006782608979847282,
        0.006292899983236566,
        0.0066971390042454,
        0.00679232701077126,
        0.008872498001437634,
        0.008987564011476934,
        0.00730605999706313,
        0.008953229000326246,
        0.007301781995920464,
        0.006854403996840119,
        0.00670679600443691,
        0.0059876480081584305,
        0.006735129980370402,
        0.008951636002166197,
        0.00889917800668627,
        0.00891050900099799,
        0.008809980005025864,
        0.008985589985968545,
        0.008999495999887586,
        0.00697233498794958,
        0.006965932989260182,
        0.006781736999982968,
        0.0063864160038065165,
        0.006855365005321801,
        0.006860935012809932,
        0.008973467018222436,
        0.008948881004471332,
        0.007250796013977379,
        0.00888138500158675,
        0.007325938000576571,
        0.006882385001517832,
        0.006756288988981396,
        0.006439805991249159,
        0.00683795299846679,
        0.009009213972603902,
        0.008829597005387768,
        0.008933912991778925,
        0.008983776991954073,
        0.008967415982624516,
        0.008784483012277633,
        0.006942439009435475,
        0.006869011005619541,
        0.00676575698889792,
        0.006287259981036186,
        0.006858279986772686,
        0.006815149012254551,
        0.00895095500163734,
        0.009017709991894662,
        0.007251918985275552,
        0.00889498001197353,
        0.007354211003985256,
        0.0068743309821002185,
        0.006754355999873951,
        0.0068704440200235695,
        0.006829898018622771,
        0.008916880993638188,
        0.008936216996517032,
        0.008835327986162156,
        0.008950503979576752,
        0.008974118973128498,
        0.008891332981875166,
        0.007021837023785338,
        0.006957036006497219,
        0.0067246500111650676,
        0.006379642989486456,
        0.006866647017886862,
        0.006890010001370683,
        0.00898270498146303,
        0.008977725025033578,
        0.007389717007754371,
        0.00889278601971455,
        0.00733507500262931,
        0.00690755300456658,
        0.00675025800592266,
        0.006836599990492687,
        0.006839334993856028,
        0.00905297600547783,
        0.008969449991127476,
        0.008935545978602022,
        0.008986442000605166,
        0.009005728003103286,
        0.00884387400583364,
        0.006948420021217316,
        0.006922061002114788,
        0.0067723990068770945,
        0.006410261004930362
      ],
      "memory_allocated_before_backward": {
        "mean_bytes": 55836672.0,
        "max_bytes": 55836672,
        "mean_gb": 0.052001953125,
        "max_gb": 0.052001953125
      },
      "memory_reserved_before_backward": {
        "mean_bytes": 22668115968.0,
        "max_bytes": 22668115968,
        "mean_gb": 21.111328125,
        "max_gb": 21.111328125
      }
    },
    "attention_scores_bytes": 33554432
  },
  {
    "config": {
      "implementation": "compiled_naive",
      "batch_size": 8,
      "d_model": 32,
      "sequence_length": 4096,
      "warmup_steps": 10,
      "measure_steps": 100,
      "device": "cuda:0",
      "dtype": "fp32",
      "is_causal": false,
      "campaign": "assignment_attention_full",
      "output_root": "data/section1_2"
    },
    "status": "ok",
    "forward": {
      "mean_seconds": 0.017726064339803997,
      "stdev_seconds": 0.0024166219160115855,
      "min_seconds": 0.011376704002032056,
      "max_seconds": 0.020299244992202148,
      "timings_seconds": [
        0.015862756001297385,
        0.02009298899793066,
        0.0200800439924933,
        0.02022334298817441,
        0.020141039014561102,
        0.02025295898783952,
        0.020086265983991325,
        0.016065586009062827,
        0.016210889007197693,
        0.016399882995756343,
        0.015955679991748184,
        0.015918700984911993,
        0.016063732997281477,
        0.020180423016427085,
        0.020241587015334517,
        0.018592576001537964,
        0.0200649659964256,
        0.01852386599057354,
        0.016093017999082804,
        0.01607105601578951,
        0.0159386380109936,
        0.015870800998527557,
        0.020145868009421974,
        0.020078502013348043,
        0.02019724398269318,
        0.020174662000499666,
        0.02029452598071657,
        0.020168048999039456,
        0.016103927977383137,
        0.016248138999799266,
        0.016365339019102976,
        0.015894706011749804,
        0.015891619987087324,
        0.016033586987759918,
        0.020187957008602098,
        0.020205578999593854,
        0.01852542901178822,
        0.020053504005772993,
        0.018453894997946918,
        0.01608890001079999,
        0.016040499991504475,
        0.015868737013079226,
        0.015916556993033737,
        0.02011724398471415,
        0.020076968998182565,
        0.020154553989414126,
        0.020223133004037663,
        0.020268278021831065,
        0.02015399298397824,
        0.016070195997599512,
        0.016216799995163456,
        0.01633070397656411,
        0.015874589007580653,
        0.015868126007262617,
        0.016004001023247838,
        0.020299244992202148,
        0.020132011006353423,
        0.01849349998519756,
        0.02002079301746562,
        0.018536921008490026,
        0.01602090199594386,
        0.01601130500785075,
        0.015846395021071658,
        0.015878306003287435,
        0.020146889990428463,
        0.020089441997697577,
        0.020164804009255022,
        0.02016760900733061,
        0.02021487700403668,
        0.020210880000377074,
        0.01624169698334299,
        0.016257276001852006,
        0.016382189991418272,
        0.01585147497826256,
        0.01589169999351725,
        0.016023126983782277,
        0.0201880470267497,
        0.020121743000345305,
        0.018452602991601452,
        0.020160535001195967,
        0.01862165000056848,
        0.016146978974575177,
        0.015996245987480506,
        0.015933337999740615,
        0.0158572259824723,
        0.020144776004599407,
        0.020152230019448325,
        0.020105172006879002,
        0.020161016000201926,
        0.02024332102155313,
        0.020150096010183915,
        0.016018828988308087,
        0.012176354008261114,
        0.0120651250181254,
        0.011416608991567045,
        0.011376704002032056,
        0.011502970999572426,
        0.015785130992298946,
        0.01570885698311031,
        0.014012917003128678
      ]
    },
    "backward": {
      "mean_seconds": 0.019169658779283054,
      "stdev_seconds": 0.002111185902757097,
      "min_seconds": 0.014793611015193164,
      "max_seconds": 0.024150457000359893,
      "timings_seconds": [
        0.021368279994931072,
        0.017323345004115254,
        0.017170659004477784,
        0.021380223013693467,
        0.021295172977261245,
        0.021455334004713222,
        0.017468075995566323,
        0.01758397399680689,
        0.017108451982494444,
        0.02084844498313032,
        0.019694821996381506,
        0.019779571011895314,
        0.017145552003057674,
        0.017112569010350853,
        0.021265777992084622,
        0.021440215001348406,
        0.02140388698899187,
        0.017451305000577122,
        0.017053730000043288,
        0.017180407012347132,
        0.02104991301894188,
        0.02135090800584294,
        0.01732163201086223,
        0.017218938999576494,
        0.02139187400462106,
        0.021349013986764476,
        0.021487443998921663,
        0.01750328199705109,
        0.017560470005264506,
        0.017078114993637428,
        0.02116948799812235,
        0.01998530700802803,
        0.01999301099567674,
        0.017445434001274407,
        0.01650193499517627,
        0.02153179599554278,
        0.021492443018360063,
        0.021404488012194633,
        0.01762802599114366,
        0.017184564989292994,
        0.01734197000041604,
        0.0212702970020473,
        0.021587891998933628,
        0.017625311011215672,
        0.017358510987833142,
        0.021472896012710407,
        0.02155926899285987,
        0.02162297800532542,
        0.018347887002164498,
        0.01777984100044705,
        0.017212506994837895,
        0.021026760019594803,
        0.02002668401109986,
        0.020040030009113252,
        0.017307506001088768,
        0.017013583972584456,
        0.021352510986616835,
        0.021357930992962793,
        0.021568274998571724,
        0.017672298999968916,
        0.017402533994754776,
        0.017531966004753485,
        0.02155631300411187,
        0.021795802022097632,
        0.017738864000421017,
        0.01746277598431334,
        0.021590516000287607,
        0.021497042005648836,
        0.021574136015260592,
        0.017859479994513094,
        0.017594994977116585,
        0.017062175000319257,
        0.02099095200537704,
        0.019783578987699002,
        0.01983603698317893,
        0.017264925001654774,
        0.017042197985574603,
        0.021260246983729303,
        0.02138327801367268,
        0.021369492984376848,
        0.017449501989176497,
        0.017047046014340594,
        0.017139759991550818,
        0.02089432199136354,
        0.024150457000359893,
        0.01703984398045577,
        0.021230221027508378,
        0.021715621987823397,
        0.021401512989541516,
        0.017416870017768815,
        0.01697698500356637,
        0.01731469898368232,
        0.021355275996029377,
        0.019127147999824956,
        0.01756517801550217,
        0.0153486919880379,
        0.014793611015193164,
        0.01681433999328874,
        0.01683421799680218,
        0.015030445996671915
      ],
      "memory_allocated_before_backward": {
        "mean_bytes": 574881792.0,
        "max_bytes": 574881792,
        "mean_gb": 0.535400390625,
        "max_gb": 0.535400390625
      },
      "memory_reserved_before_backward": {
        "mean_bytes": 22668115968.0,
        "max_bytes": 22668115968,
        "mean_gb": 21.111328125,
        "max_gb": 21.111328125
      }
    },
    "attention_scores_bytes": 536870912
  },
  {
    "config": {
      "implementation": "compiled_naive",
      "batch_size": 8,
      "d_model": 32,
      "sequence_length": 8192,
      "warmup_steps": 10,
      "measure_steps": 100,
      "device": "cuda:0",
      "dtype": "fp32",
      "is_causal": false,
      "campaign": "assignment_attention_full",
      "output_root": "data/section1_2"
    },
    "status": "ok",
    "forward": {
      "mean_seconds": 0.04812760351051111,
      "stdev_seconds": 0.0050214707845552325,
      "min_seconds": 0.0324800270027481,
      "max_seconds": 0.05728434000047855,
      "timings_seconds": [
        0.04775027200230397,
        0.05252826100331731,
        0.048400191008113325,
        0.043471888988278806,
        0.05189737901673652,
        0.05728434000047855,
        0.04412505400250666,
        0.0433103860123083,
        0.05462857100064866,
        0.050773200986441225,
        0.04379065701505169,
        0.04761964699719101,
        0.053953825001372024,
        0.05428178998408839,
        0.04778062898549251,
        0.04013672500150278,
        0.04995017699548043,
        0.05248399800620973,
        0.04635104798944667,
        0.043404422991443425,
        0.05386153201106936,
        0.05396557701169513,
        0.048335819999920204,
        0.04404247901402414,
        0.04565614499733783,
        0.05246971201268025,
        0.05042684098589234,
        0.04358162501011975,
        0.04970752200460993,
        0.05410586000652984,
        0.05250340499333106,
        0.044296416017459705,
        0.04338940401794389,
        0.05197458399925381,
        0.052298870985396206,
        0.04432639098376967,
        0.045374256995273754,
        0.05408524099038914,
        0.05411873402772471,
        0.04639508100808598,
        0.04388915098388679,
        0.047761021996848285,
        0.05244190999655984,
        0.048290204984368756,
        0.04351620201487094,
        0.051770691992715,
        0.0540106619882863,
        0.05003754101926461,
        0.04419320198940113,
        0.0436201780103147,
        0.054134654987137765,
        0.05085472299833782,
        0.04371757002081722,
        0.04763717998866923,
        0.05391908000456169,
        0.05404011602513492,
        0.044669063994660974,
        0.043323500984115526,
        0.049995732988463715,
        0.05237290100194514,
        0.04640043101971969,
        0.04344728300930001,
        0.05387551797321066,
        0.05409895701450296,
        0.048203291022218764,
        0.044005128991557285,
        0.04562675999477506,
        0.05248312701587565,
        0.050435316981747746,
        0.043719553999835625,
        0.049588519003009424,
        0.05402889600372873,
        0.052301947987871245,
        0.04261153598781675,
        0.0324800270027481,
        0.04082464499515481,
        0.041196411999408156,
        0.033152126998174936,
        0.03428655400057323,
        0.04498908401001245,
        0.05379755201283842,
        0.04602188098942861,
        0.043677354988176376,
        0.04771107900887728,
        0.05239864901523106,
        0.0484138960018754,
        0.04360233401530422,
        0.05192912797792815,
        0.05410054000094533,
        0.05023085299762897,
        0.04422888800036162,
        0.04345441597979516,
        0.054173837997950613,
        0.05077740902197547,
        0.043658809998305514,
        0.04753812498529442,
        0.053926203021546826,
        0.05428857301012613,
        0.044763532001525164,
        0.043278926983475685
      ]
    },
    "backward": {
      "mean_seconds": 0.06950924795120955,
      "stdev_seconds": 0.007298099159836916,
      "min_seconds": 0.04988518598838709,
      "max_seconds": 0.09560393798165023,
      "timings_seconds": [
        0.07068371700006537,
        0.06295377199421637,
        0.07692890800535679,
        0.06263429298996925,
        0.07336996399681084,
        0.07098097499692813,
        0.06975088801118545,
        0.07143389401608147,
        0.06356483799754642,
        0.07737580698449165,
        0.06319851099397056,
        0.07474377998732962,
        0.07111143000656739,
        0.0699584879912436,
        0.06982911398517899,
        0.059563303977483884,
        0.06190445402171463,
        0.04988518598838709,
        0.0744279490027111,
        0.07095806099823676,
        0.0701375330099836,
        0.08030824598972686,
        0.07833802999812178,
        0.07824776097550057,
        0.07844912901055068,
        0.09560393798165023,
        0.09193343500373885,
        0.06564183201408014,
        0.07180546101881191,
        0.07264438399579376,
        0.070121132011991,
        0.07172631300636567,
        0.07253188302274793,
        0.06772175300284289,
        0.0726884070027154,
        0.06187950700405054,
        0.07695065898587927,
        0.06249896899680607,
        0.07181659099296667,
        0.0725742619833909,
        0.06737781799165532,
        0.07294500799616799,
        0.06235252501210198,
        0.07698491399060003,
        0.06249129501520656,
        0.07174694098648615,
        0.0720304930000566,
        0.06740320599055849,
        0.07288627797970548,
        0.0621480010158848,
        0.07692422901163809,
        0.053765402000863105,
        0.056357833003858104,
        0.05697284601046704,
        0.06754663499305025,
        0.07293025002581999,
        0.06189142001676373,
        0.07685418901382945,
        0.06264656598796137,
        0.07196449901675805,
        0.07258524300414138,
        0.06770165500347503,
        0.07295219099614769,
        0.0624552869994659,
        0.07712146898848005,
        0.06242631300119683,
        0.07172017102129757,
        0.07198089000303298,
        0.0676123769953847,
        0.07282885900349356,
        0.062304203980602324,
        0.07696928401128389,
        0.06258929800242186,
        0.07160442401072942,
        0.07260699398466386,
        0.06773545901523903,
        0.07309215300483629,
        0.061742400022922084,
        0.0771714230068028,
        0.06254730001091957,
        0.07162759700440802,
        0.0725555780227296,
        0.06767247000243515,
        0.07273986298241653,
        0.062380417017266154,
        0.07756588200572878,
        0.059605843998724595,
        0.07229837501654401,
        0.05716925399610773,
        0.0531097830098588,
        0.070867091009859,
        0.06291138200322166,
        0.07756814698223025,
        0.06337591298506595,
        0.07272133900551125,
        0.07329934198060073,
        0.06854609900619835,
        0.07314365002093837,
        0.0619156250031665,
        0.07700684398878366
      ],
      "memory_allocated_before_backward": {
        "mean_bytes": 2206466048.0,
        "max_bytes": 2206466048,
        "mean_gb": 2.054931640625,
        "max_gb": 2.054931640625
      },
      "memory_reserved_before_backward": {
        "mean_bytes": 22668115968.0,
        "max_bytes": 22668115968,
        "mean_gb": 21.111328125,
        "max_gb": 21.111328125
      }
    },
    "attention_scores_bytes": 2147483648
  },
  {
    "config": {
      "implementation": "compiled_naive",
      "batch_size": 8,
      "d_model": 32,
      "sequence_length": 16384,
      "warmup_steps": 10,
      "measure_steps": 100,
      "device": "cuda:0",
      "dtype": "fp32",
      "is_causal": false,
      "campaign": "assignment_attention_full",
      "output_root": "data/section1_2"
    },
    "status": "oom",
    "error": "CUDA out of memory. Tried to allocate 8.00 GiB. GPU 0 has a total capacity of 94.97 GiB of which 1.90 GiB is free. Process 911662 has 4.51 GiB memory in use. Process 1033637 has 56.75 GiB memory in use. Process 2468454 has 1.16 GiB memory in use. Process 2511083 has 884.00 MiB memory in use. Including non-PyTorch memory, this process has 25.26 GiB memory in use. Process 2560720 has 4.42 GiB memory in use. Of the allocated memory 24.11 GiB is allocated by PyTorch, and 503.75 MiB is reserved by PyTorch but unallocated. If reserved but unallocated memory is large try setting PYTORCH_CUDA_ALLOC_CONF=expandable_segments:True to avoid fragmentation.  See documentation for Memory Management  (https://docs.pytorch.org/docs/stable/notes/cuda.html#optimizing-memory-usage-with-pytorch-cuda-alloc-conf)"
  },
  {
    "config": {
      "implementation": "compiled_naive",
      "batch_size": 8,
      "d_model": 64,
      "sequence_length": 256,
      "warmup_steps": 10,
      "measure_steps": 100,
      "device": "cuda:0",
      "dtype": "fp32",
      "is_causal": false,
      "campaign": "assignment_attention_full",
      "output_root": "data/section1_2"
    },
    "status": "ok",
    "forward": {
      "mean_seconds": 0.007867158773879055,
      "stdev_seconds": 0.001015883051817982,
      "min_seconds": 0.006731884001055732,
      "max_seconds": 0.009009964996948838,
      "timings_seconds": [
        0.008995869022328407,
        0.007345473975874484,
        0.008889329998055473,
        0.008906321018002927,
        0.008924035006202757,
        0.007330916996579617,
        0.006860524998046458,
        0.006914156023412943,
        0.006872066995128989,
        0.006841679016361013,
        0.0067933989921584725,
        0.006859223009087145,
        0.006731884001055732,
        0.006810721009969711,
        0.00887871001032181,
        0.008905158989364281,
        0.00889809601358138,
        0.00893393301521428,
        0.00889879697933793,
        0.008949813025537878,
        0.008966282999608666,
        0.008979098027339205,
        0.008999816025607288,
        0.009009964996948838,
        0.008965030981926247,
        0.008983676001662388,
        0.0070744559925515205,
        0.006973477022256702,
        0.007001129008131102,
        0.006978416000492871,
        0.007341947988606989,
        0.006792678002966568,
        0.006815080007072538,
        0.006841269001597539,
        0.006818577006924897,
        0.0068351369991432875,
        0.006928161979885772,
        0.006822494004154578,
        0.008989597001345828,
        0.009002281003631651,
        0.008991451002657413,
        0.00892845299676992,
        0.008980690996395424,
        0.007289950997801498,
        0.008928652998292819,
        0.008865484996931627,
        0.00893870199797675,
        0.007429432007484138,
        0.006909767020260915,
        0.006958137993933633,
        0.006916910002473742,
        0.00676336299511604,
        0.006858651002403349,
        0.00685796097968705,
        0.006785855017369613,
        0.006812204024754465,
        0.00893048700527288,
        0.008922081004129723,
        0.008900570013793185,
        0.008927942020818591,
        0.008985118998680264,
        0.008952237025368959,
        0.008969801012426615,
        0.00896339799510315,
        0.009007150016259402,
        0.009008563007228076,
        0.009005758009152487,
        0.008986861997982487,
        0.0071210940077435225,
        0.006969098991248757,
        0.006995619012741372,
        0.006928012007847428,
        0.007252509996760637,
        0.006796856003347784,
        0.006806182995205745,
        0.006869983015349135,
        0.006804470001952723,
        0.006800793024012819,
        0.006931618001544848,
        0.006846198026323691,
        0.008947318012360483,
        0.008995818992843851,
        0.008965772984083742,
        0.008956895995652303,
        0.008970350987510756,
        0.007301270990865305,
        0.008913425001082942,
        0.008921159023884684,
        0.008922861976316199,
        0.007430955010931939,
        0.006921018997672945,
        0.006981552025536075,
        0.006947898014914244,
        0.006802836986025795,
        0.006843743001809344,
        0.0068306089960969985,
        0.006783441000152379,
        0.006789202016079798,
        0.00894219899782911,
        0.008990800008177757
      ]
    },
    "backward": {
      "mean_seconds": 0.007844974406762049,
      "stdev_seconds": 0.0018082997214548572,
      "min_seconds": 0.0030163660121615976,
      "max_seconds": 0.011145140015287325,
      "timings_seconds": [
        0.006641794985625893,
        0.008793859975412488,
        0.008805752993794158,
        0.0071869270177558064,
        0.008765967999352142,
        0.00722940600826405,
        0.006791836000047624,
        0.0066926909785252064,
        0.006620503991143778,
        0.006677361001493409,
        0.00845221901545301,
        0.008869762998074293,
        0.00873699301155284,
        0.008744316990487278,
        0.0088864840217866,
        0.008850586978951469,
        0.006843452982138842,
        0.006841068010544404,
        0.0066570829949341714,
        0.0066863480024039745,
        0.006260469992412254,
        0.006720573001075536,
        0.00884033800684847,
        0.008786065998720005,
        0.0072779869951773435,
        0.008758834999753162,
        0.0072501150134485215,
        0.006758453004295006,
        0.0066397110058460385,
        0.004897634004009888,
        0.0045007299922872335,
        0.005520491977222264,
        0.006500310002593324,
        0.006464821984991431,
        0.00656499998876825,
        0.006553268001880497,
        0.006468630017479882,
        0.004427762993145734,
        0.004498404974583536,
        0.004419748001964763,
        0.0035460999934002757,
        0.0030163660121615976,
        0.003940648981370032,
        0.006512872991152108,
        0.006615955993765965,
        0.007182447996456176,
        0.008683933992870152,
        0.00711183698149398,
        0.006739328004186973,
        0.006645992980338633,
        0.006675006996374577,
        0.0066745369986165315,
        0.008229783008573577,
        0.008738837001146749,
        0.008838583977194503,
        0.008733157010283321,
        0.008855735999532044,
        0.008741372002987191,
        0.006808117002947256,
        0.006765246012946591,
        0.006674906006082892,
        0.006748715008143336,
        0.006138409982668236,
        0.006739127013133839,
        0.008864742994774133,
        0.008987272973172367,
        0.007351845997618511,
        0.010925116977887228,
        0.009424212999874726,
        0.009050460997968912,
        0.00897971901576966,
        0.006893626996316016,
        0.007250166003359482,
        0.010580028989352286,
        0.01111911001498811,
        0.011092450993601233,
        0.011087761988164857,
        0.008946856978582218,
        0.009469868004089221,
        0.009006268985103816,
        0.00891416598460637,
        0.008904387999791652,
        0.008878038002876565,
        0.006319289997918531,
        0.00895394099643454,
        0.011008372996002436,
        0.011055109993321821,
        0.009430613979930058,
        0.009256267978344113,
        0.007838167977752164,
        0.00893045699922368,
        0.00896715500857681,
        0.008854693995090201,
        0.0088488940091338,
        0.00827547800145112,
        0.009410556987859309,
        0.010992844006977975,
        0.011145140015287325,
        0.011116224981378764,
        0.011127345991553739
      ],
      "memory_allocated_before_backward": {
        "mean_bytes": 21757952.0,
        "max_bytes": 21757952,
        "mean_gb": 0.020263671875,
        "max_gb": 0.020263671875
      },
      "memory_reserved_before_backward": {
        "mean_bytes": 9242148864.0,
        "max_bytes": 9242148864,
        "mean_gb": 8.607421875,
        "max_gb": 8.607421875
      }
    },
    "attention_scores_bytes": 2097152
  },
  {
    "config": {
      "implementation": "compiled_naive",
      "batch_size": 8,
      "d_model": 64,
      "sequence_length": 1024,
      "warmup_steps": 10,
      "measure_steps": 100,
      "device": "cuda:0",
      "dtype": "fp32",
      "is_causal": false,
      "campaign": "assignment_attention_full",
      "output_root": "data/section1_2"
    },
    "status": "ok",
    "forward": {
      "mean_seconds": 0.009774602529359981,
      "stdev_seconds": 0.0012882816130424493,
      "min_seconds": 0.006945533998077735,
      "max_seconds": 0.011351666995324194,
      "timings_seconds": [
        0.009267268003895879,
        0.007182798988651484,
        0.00915403600083664,
        0.009071751002920792,
        0.009593590017175302,
        0.011272128002019599,
        0.011261406994890422,
        0.009590635017957538,
        0.011220079992199317,
        0.011343140999088064,
        0.01131564998649992,
        0.009778307023225352,
        0.009166408999590203,
        0.007145119016058743,
        0.007102347997715697,
        0.007539559010183439,
        0.009217754995916039,
        0.009105815988732502,
        0.009099182992940769,
        0.009161901019979268,
        0.011240808991715312,
        0.01126795998425223,
        0.011187097989022732,
        0.01120663498295471,
        0.009173482016194612,
        0.009481229993980378,
        0.009113180014537647,
        0.009744292998220772,
        0.011351666995324194,
        0.0113320289819967,
        0.011281955987215042,
        0.01121551200048998,
        0.009349160973215476,
        0.009247231006156653,
        0.009329595020972192,
        0.009340695978607982,
        0.009318734984844923,
        0.00697501000831835,
        0.0075726899958681315,
        0.009153846011031419,
        0.009175535989925265,
        0.009138976980466396,
        0.009179293003398925,
        0.009138848021393642,
        0.011225019989069551,
        0.011303385981591418,
        0.011316179996356368,
        0.010809138999320567,
        0.009658532013418153,
        0.007438639004249126,
        0.00966472300933674,
        0.011263972002780065,
        0.011296012002276257,
        0.009766884992131963,
        0.009238253987859935,
        0.00923779301228933,
        0.00929889699909836,
        0.009232633019564673,
        0.009156521002296358,
        0.007842516002710909,
        0.00698525900952518,
        0.007501788000809029,
        0.01133621801272966,
        0.01122648300952278,
        0.01129803599906154,
        0.011248883994994685,
        0.011184934002812952,
        0.011236069985898212,
        0.011174003971973434,
        0.011237663013162091,
        0.00974732800386846,
        0.009161178983049467,
        0.009727531985845417,
        0.011310590023640543,
        0.009518188977381214,
        0.009306602005381137,
        0.009266496985219419,
        0.009309907996794209,
        0.009669101011240855,
        0.009070929983863607,
        0.009141041024122387,
        0.008323378016939387,
        0.00914013001602143,
        0.009132334991591051,
        0.009150850004516542,
        0.009161540016066283,
        0.011295290983980522,
        0.01124801198602654,
        0.011252039985265583,
        0.011251939984504133,
        0.011294700001599267,
        0.009590122994268313,
        0.01120701598119922,
        0.011242553009651601,
        0.011281716026132926,
        0.009682115982286632,
        0.009183871996356174,
        0.009209740004735067,
        0.008355678000953048,
        0.006945533998077735
      ]
    },
    "backward": {
      "mean_seconds": 0.007341104260995053,
      "stdev_seconds": 0.0013459192298955216,
      "min_seconds": 0.003778015001444146,
      "max_seconds": 0.009053756977664307,
      "timings_seconds": [
        0.006590369011973962,
        0.0068044599902350456,
        0.0067953029938507825,
        0.006875222985399887,
        0.008417874982114881,
        0.009020115016028285,
        0.007355553010711446,
        0.008865525014698505,
        0.007399444992188364,
        0.00691203199676238,
        0.0066829019924625754,
        0.006825599004514515,
        0.006784222001442686,
        0.008942850021412596,
        0.008892996003851295,
        0.00848354899790138,
        0.008959099999628961,
        0.008913865021895617,
        0.008877367014065385,
        0.006828134006354958,
        0.006940875988220796,
        0.006797777023166418,
        0.006834515981609002,
        0.0068131660227663815,
        0.006847801007097587,
        0.008554942993214354,
        0.009053756977664307,
        0.007354160014074296,
        0.008897976018488407,
        0.007329354004468769,
        0.006970310991164297,
        0.006837702996563166,
        0.006768162013031542,
        0.006757060997188091,
        0.008995267999125645,
        0.00892562698572874,
        0.008321915986016393,
        0.00891130100353621,
        0.008907423994969577,
        0.008971131988801062,
        0.0068773569946642965,
        0.00696934899315238,
        0.006746770988684148,
        0.006792938016587868,
        0.006836238986579701,
        0.006765806989278644,
        0.008432663016719744,
        0.00900399501551874,
        0.007246739987749606,
        0.00889363800524734,
        0.00725412301835604,
        0.00683914398541674,
        0.006758102012099698,
        0.006746630999259651,
        0.006718118005665019,
        0.008855244988808408,
        0.008741692989133298,
        0.008565372001612559,
        0.008971623989054933,
        0.009028751024743542,
        0.009001238999189809,
        0.007000346988206729,
        0.006972764997044578,
        0.0068237759987823665,
        0.006822663999628276,
        0.0068067040119785815,
        0.006810682010836899,
        0.008485181984724477,
        0.009033861017087474,
        0.007372474996373057,
        0.008943500986788422,
        0.00746618999983184,
        0.006938742008060217,
        0.006852710008388385,
        0.006834075989900157,
        0.006821441027568653,
        0.008839635993354023,
        0.008986961998743936,
        0.008563568990211934,
        0.008977535006124526,
        0.008957126992754638,
        0.008971524017397314,
        0.0069259380106814206,
        0.006928782997420058,
        0.005478683015098795,
        0.004617589002009481,
        0.0045252460113260895,
        0.00455169499036856,
        0.006300064007518813,
        0.006679946993244812,
        0.004952988005243242,
        0.006563006987562403,
        0.0049781849957071245,
        0.004652785020880401,
        0.004106551001314074,
        0.003908529004547745,
        0.003778015001444146,
        0.006655279983533546,
        0.006649177987128496,
        0.00551424000877887
      ],
      "memory_allocated_before_backward": {
        "mean_bytes": 61079552.0,
        "max_bytes": 61079552,
        "mean_gb": 0.056884765625,
        "max_gb": 0.056884765625
      },
      "memory_reserved_before_backward": {
        "mean_bytes": 9242148864.0,
        "max_bytes": 9242148864,
        "mean_gb": 8.607421875,
        "max_gb": 8.607421875
      }
    },
    "attention_scores_bytes": 33554432
  },
  {
    "config": {
      "implementation": "compiled_naive",
      "batch_size": 8,
      "d_model": 64,
      "sequence_length": 4096,
      "warmup_steps": 10,
      "measure_steps": 100,
      "device": "cuda:0",
      "dtype": "fp32",
      "is_causal": false,
      "campaign": "assignment_attention_full",
      "output_root": "data/section1_2"
    },
    "status": "ok",
    "forward": {
      "mean_seconds": 0.01845857932261424,
      "stdev_seconds": 0.0019410729158077916,
      "min_seconds": 0.016148331022122875,
      "max_seconds": 0.02074181500938721,
      "timings_seconds": [
        0.020491075003519654,
        0.01886178000131622,
        0.020455679012229666,
        0.018995350023033097,
        0.016430600982857868,
        0.016370308003388345,
        0.01631603602436371,
        0.016189077985472977,
        0.020468944014282897,
        0.020450849988264963,
        0.020589189021848142,
        0.020549334993120283,
        0.020594269008142874,
        0.02045344398356974,
        0.016534375987248495,
        0.016640595014905557,
        0.016738687991164625,
        0.016227611020440236,
        0.016183959000045434,
        0.016403310000896454,
        0.020561366982292384,
        0.0205990580143407,
        0.018903157993918285,
        0.02032376200077124,
        0.01891536102630198,
        0.016389654017984867,
        0.016370527999242768,
        0.01629674999276176,
        0.016148331022122875,
        0.02051075198687613,
        0.0204417229979299,
        0.02050435999990441,
        0.02056157702463679,
        0.020594658999470994,
        0.020538073003990576,
        0.016424559988081455,
        0.01664497298770584,
        0.016759888996602967,
        0.016246706014499068,
        0.016242296987911686,
        0.016373664984712377,
        0.020528135006316006,
        0.02049207701929845,
        0.01883845598786138,
        0.02053757300018333,
        0.018942542024888098,
        0.016424700006609783,
        0.016400093998527154,
        0.01629232199047692,
        0.01628479702048935,
        0.020550155983073637,
        0.02046773099573329,
        0.020514229021500796,
        0.02052500902209431,
        0.020618765003746375,
        0.020587074977811426,
        0.01673878901056014,
        0.01654926300398074,
        0.016751161980209872,
        0.016292612010147423,
        0.01622053701430559,
        0.016363305010600016,
        0.020557109004585072,
        0.02053433601395227,
        0.018873281020205468,
        0.02041287801694125,
        0.01886904300772585,
        0.01643648202298209,
        0.016385425988119096,
        0.01628491800511256,
        0.01622670897631906,
        0.020464815985178575,
        0.02046451499336399,
        0.020435211015865207,
        0.020421353983692825,
        0.016504920000443235,
        0.02051714400295168,
        0.01693503701244481,
        0.016934385988861322,
        0.016911904007429257,
        0.016412255994509906,
        0.016385966999223456,
        0.01657606300432235,
        0.020600220013875514,
        0.020738059014547616,
        0.01904685702174902,
        0.0198149369971361,
        0.019070490990998223,
        0.016619534988421947,
        0.01653118900139816,
        0.016399601998273283,
        0.01641847798600793,
        0.020580904005328193,
        0.02057808800600469,
        0.020648339996114373,
        0.020645695010898635,
        0.02055966400075704,
        0.02074181500938721,
        0.017417271010344848,
        0.016688022995367646
      ]
    },
    "backward": {
      "mean_seconds": 0.021492508388182615,
      "stdev_seconds": 0.0033473859282009723,
      "min_seconds": 0.012974219978787005,
      "max_seconds": 0.026386810990516096,
      "timings_seconds": [
        0.018373403989244252,
        0.017780151014449075,
        0.022295188013231382,
        0.02064950199564919,
        0.02058368900907226,
        0.0179037629859522,
        0.01775736900162883,
        0.021906850015511736,
        0.02209352099453099,
        0.02158358399174176,
        0.018090302997734398,
        0.017768059013178572,
        0.017899595986818895,
        0.022103648982010782,
        0.021928500005742535,
        0.01807131798705086,
        0.017887883994262666,
        0.022062661999370903,
        0.0220014380174689,
        0.0221546649991069,
        0.01801340898964554,
        0.018272764980793,
        0.01772054997854866,
        0.022164863999933004,
        0.020589118998032063,
        0.020766492001712322,
        0.017882463987916708,
        0.01768889999948442,
        0.021952194976620376,
        0.02207688899943605,
        0.021776876994408667,
        0.01818849699338898,
        0.017727052996633574,
        0.017887502996018156,
        0.022104239993495867,
        0.02186629400239326,
        0.017968394997296855,
        0.017699890973744914,
        0.017532186000607908,
        0.017260046006413177,
        0.01733866400900297,
        0.01305015099933371,
        0.013437728979624808,
        0.012974219978787005,
        0.021667069988325238,
        0.020465136010898277,
        0.020362915005534887,
        0.017929501016624272,
        0.017942586011486128,
        0.026098961010575294,
        0.02615698002045974,
        0.025874931016005576,
        0.022434109007008374,
        0.02202889899490401,
        0.022163822024594992,
        0.026386810990516096,
        0.026026434992672876,
        0.022181123989867046,
        0.02196563099278137,
        0.02613871599896811,
        0.02614348501083441,
        0.026362926000729203,
        0.021945391985354945,
        0.022514879994560033,
        0.021994194015860558,
        0.026299968012608588,
        0.02460907699423842,
        0.02470451599219814,
        0.02215090801473707,
        0.021912411000812426,
        0.026233713986584917,
        0.02635137498145923,
        0.026023950980743393,
        0.02227239598869346,
        0.021980368008371443,
        0.02208182800677605,
        0.02632239999365993,
        0.026281011989340186,
        0.02209920101449825,
        0.021981209982186556,
        0.02626476198201999,
        0.026217333012027666,
        0.026259582984494045,
        0.022217352990992367,
        0.022407498996471986,
        0.022186603979207575,
        0.026367885002400726,
        0.024771883006906137,
        0.024714885017601773,
        0.02207654801895842,
        0.021977353026159108,
        0.026231408992316574,
        0.026254502998199314,
        0.02580381798907183,
        0.017861603992059827,
        0.01752331998432055,
        0.017705261008813977,
        0.02188822499010712,
        0.021847568976227194,
        0.017750115017406642
      ],
      "memory_allocated_before_backward": {
        "mean_bytes": 595853312.0,
        "max_bytes": 595853312,
        "mean_gb": 0.554931640625,
        "max_gb": 0.554931640625
      },
      "memory_reserved_before_backward": {
        "mean_bytes": 9242148864.0,
        "max_bytes": 9242148864,
        "mean_gb": 8.607421875,
        "max_gb": 8.607421875
      }
    },
    "attention_scores_bytes": 536870912
  },
  {
    "config": {
      "implementation": "compiled_naive",
      "batch_size": 8,
      "d_model": 64,
      "sequence_length": 8192,
      "warmup_steps": 10,
      "measure_steps": 100,
      "device": "cuda:0",
      "dtype": "fp32",
      "is_causal": false,
      "campaign": "assignment_attention_full",
      "output_root": "data/section1_2"
    },
    "status": "ok",
    "forward": {
      "mean_seconds": 0.05720957918267231,
      "stdev_seconds": 0.005998509539044006,
      "min_seconds": 0.03849864299991168,
      "max_seconds": 0.06500208299257793,
      "timings_seconds": [
        0.05176381900673732,
        0.06249750699498691,
        0.05920828800299205,
        0.051894353004172444,
        0.062329722015419975,
        0.06439532502554357,
        0.05521459900774062,
        0.051806498027872294,
        0.06252541800495237,
        0.05926645698491484,
        0.0518829420034308,
        0.06229155999608338,
        0.064388020982733,
        0.054946095013292506,
        0.051729955011978745,
        0.062498007027897984,
        0.05912886900478043,
        0.051937123003881425,
        0.06229869299568236,
        0.06462534700403921,
        0.051421697018668056,
        0.03854363798745908,
        0.04898870500619523,
        0.0457630250020884,
        0.03849864299991168,
        0.05165192799177021,
        0.06440167699474841,
        0.05506636100471951,
        0.05184746498707682,
        0.06253388500772417,
        0.059246138989692554,
        0.05200787601643242,
        0.06239905100665055,
        0.06460980800329708,
        0.05535927100572735,
        0.05184886799543165,
        0.06257449099211954,
        0.05934011499630287,
        0.05197645700536668,
        0.062291159003507346,
        0.06459741399157792,
        0.05522453802404925,
        0.05184436999843456,
        0.06253448501229286,
        0.059328043018467724,
        0.05205719801597297,
        0.062387960992055014,
        0.06457687600050122,
        0.05505959902075119,
        0.0518559509946499,
        0.06254423398058861,
        0.05915335501777008,
        0.05211448599584401,
        0.06221600799472071,
        0.06456099601928145,
        0.05512872801045887,
        0.05185321599128656,
        0.06256635501631536,
        0.059268630982842296,
        0.05200791600509547,
        0.062261824001325294,
        0.06475380700430833,
        0.05505293598980643,
        0.05187370500061661,
        0.06260810399544425,
        0.059273180027958006,
        0.05190371099160984,
        0.0621444649877958,
        0.064644922997104,
        0.054870263003977016,
        0.051693436020286754,
        0.06256248799036257,
        0.05919371100026183,
        0.051965546008432284,
        0.062174109974876046,
        0.06460871497984044,
        0.05517518598935567,
        0.051846774003934115,
        0.06244540901388973,
        0.05931408700416796,
        0.05184878798900172,
        0.06240254800650291,
        0.0645619269926101,
        0.0556546850129962,
        0.052359986992087215,
        0.06297695601824671,
        0.05979844499961473,
        0.05212329200003296,
        0.06260437701712362,
        0.06500208299257793,
        0.05504245599149726,
        0.051821957022184506,
        0.06262495499686338,
        0.06109701000968926,
        0.04873164198943414,
        0.052009600010933354,
        0.05243282299488783,
        0.04308964201482013,
        0.05278793899924494,
        0.06374120901455171
      ]
    },
    "backward": {
      "mean_seconds": 0.08067921996931546,
      "stdev_seconds": 0.009523074909157834,
      "min_seconds": 0.053136070986511186,
      "max_seconds": 0.10142119700321928,
      "timings_seconds": [
        0.0938591159938369,
        0.09930859500309452,
        0.08674102800432593,
        0.09395352299907245,
        0.09319768598652445,
        0.09061463200487196,
        0.09955321397865191,
        0.10142119700321928,
        0.08925479199388064,
        0.09323699897504412,
        0.09872289700433612,
        0.09037428098963574,
        0.09408105298643932,
        0.09386335400631651,
        0.08870734501397237,
        0.09634211301454343,
        0.09970003901980817,
        0.0850001240032725,
        0.06343895199825056,
        0.06402830700972117,
        0.07460790601908229,
        0.07950822499697097,
        0.08185110898921266,
        0.08735117199830711,
        0.07122157598496415,
        0.07783540798118338,
        0.08727737402659841,
        0.07129043500754051,
        0.07802066500880755,
        0.0875551349890884,
        0.07125711199478246,
        0.07816001700120978,
        0.0874149420124013,
        0.07129542500479147,
        0.07807228298042901,
        0.08702230599010363,
        0.07115933901513927,
        0.0781820090196561,
        0.08736992697231472,
        0.07121906097745523,
        0.078325987997232,
        0.08743358700303361,
        0.07108140300260857,
        0.07816283201100305,
        0.08748643600847572,
        0.07117107100202702,
        0.07752276200335473,
        0.08740125599433668,
        0.07132081198506057,
        0.06054278998635709,
        0.06944708799710497,
        0.07113561499863863,
        0.07812197602470405,
        0.08733489198493771,
        0.07128113700309768,
        0.07800079899607226,
        0.0870498169970233,
        0.0713044909934979,
        0.07831785301095806,
        0.08765510300872847,
        0.07124458899488673,
        0.07808556701638736,
        0.0874991089804098,
        0.07122649499797262,
        0.07820038302452303,
        0.08738670899765566,
        0.07118942600209266,
        0.07758930599084124,
        0.08740705699892715,
        0.07107428900781088,
        0.07813976900069974,
        0.08748980300151743,
        0.07118432500283234,
        0.0781767689913977,
        0.08750405898899771,
        0.07123552201665007,
        0.07803924000472762,
        0.08683270998881198,
        0.07122287899255753,
        0.07824604798224755,
        0.07483187600155361,
        0.053136070986511186,
        0.07778082598815672,
        0.08754994499031454,
        0.07130357998539694,
        0.0781911649974063,
        0.08743831602623686,
        0.07113121697329916,
        0.07781147400964983,
        0.09207398901344277,
        0.07093605000409298,
        0.0785173769982066,
        0.08814109300146811,
        0.07141547999344766,
        0.07871287301531993,
        0.08783809500164352,
        0.07134667001082562,
        0.07867702600196935,
        0.08740137598942965,
        0.07154506299411878
      ],
      "memory_allocated_before_backward": {
        "mean_bytes": 2248409088.0,
        "max_bytes": 2248409088,
        "mean_gb": 2.093994140625,
        "max_gb": 2.093994140625
      },
      "memory_reserved_before_backward": {
        "mean_bytes": 9242148864.0,
        "max_bytes": 9242148864,
        "mean_gb": 8.607421875,
        "max_gb": 8.607421875
      }
    },
    "attention_scores_bytes": 2147483648
  },
  {
    "config": {
      "implementation": "compiled_naive",
      "batch_size": 8,
      "d_model": 64,
      "sequence_length": 16384,
      "warmup_steps": 10,
      "measure_steps": 100,
      "device": "cuda:0",
      "dtype": "fp32",
      "is_causal": false,
      "campaign": "assignment_attention_full",
      "output_root": "data/section1_2"
    },
    "status": "oom",
    "error": "CUDA out of memory. Tried to allocate 8.00 GiB. GPU 0 has a total capacity of 94.97 GiB of which 483.69 MiB is free. Process 911662 has 4.51 GiB memory in use. Process 1033637 has 56.75 GiB memory in use. Process 2468454 has 1.16 GiB memory in use. Process 2511083 has 884.00 MiB memory in use. Including non-PyTorch memory, this process has 9.24 GiB memory in use. Process 2560720 has 16.42 GiB memory in use. Process 2579119 has 5.44 GiB memory in use. Of the allocated memory 8.14 GiB is allocated by PyTorch, and 451.75 MiB is reserved by PyTorch but unallocated. If reserved but unallocated memory is large try setting PYTORCH_CUDA_ALLOC_CONF=expandable_segments:True to avoid fragmentation.  See documentation for Memory Management  (https://docs.pytorch.org/docs/stable/notes/cuda.html#optimizing-memory-usage-with-pytorch-cuda-alloc-conf)"
  },
  {
    "config": {
      "implementation": "compiled_naive",
      "batch_size": 8,
      "d_model": 128,
      "sequence_length": 256,
      "warmup_steps": 10,
      "measure_steps": 100,
      "device": "cuda:0",
      "dtype": "fp32",
      "is_causal": false,
      "campaign": "assignment_attention_full",
      "output_root": "data/section1_2"
    },
    "status": "ok",
    "forward": {
      "mean_seconds": 0.008065791401313617,
      "stdev_seconds": 0.0010011601136421017,
      "min_seconds": 0.006770186009816825,
      "max_seconds": 0.009161409980151802,
      "timings_seconds": [
        0.006906430993694812,
        0.00907228302094154,
        0.008993535011541098,
        0.008948900998802856,
        0.009003123006550595,
        0.00905148300807923,
        0.008937498991144821,
        0.009003663988551125,
        0.008978085999842733,
        0.009149026998784393,
        0.009024612983921543,
        0.009007231012219563,
        0.009065960999578238,
        0.007594711991259828,
        0.007026686012977734,
        0.007148373988457024,
        0.006954009993933141,
        0.007403663010336459,
        0.006916149985045195,
        0.0067857349931728095,
        0.006869041011668742,
        0.006825999997090548,
        0.006919746025232598,
        0.006988144014030695,
        0.006846087984740734,
        0.008954722026828676,
        0.009068865998415276,
        0.009161409980151802,
        0.009022879996336997,
        0.008991680981125683,
        0.007471930992323905,
        0.009042778023285791,
        0.00891073897946626,
        0.008919635991333053,
        0.007793313998263329,
        0.0069542510027531534,
        0.006962496001506224,
        0.006964681000681594,
        0.006830719008576125,
        0.006984246982028708,
        0.006925206980668008,
        0.006780635012546554,
        0.006841107999207452,
        0.008939163002651185,
        0.009034491027705371,
        0.009015566000016406,
        0.008946687012212351,
        0.00900600798195228,
        0.00901401400915347,
        0.009083863988053054,
        0.00895247800508514,
        0.008954933000495657,
        0.009059228003025055,
        0.009025614999700338,
        0.009128467994742095,
        0.007887521001975983,
        0.007024773018201813,
        0.00713246499071829,
        0.0070468049962073565,
        0.007421677000820637,
        0.006770186009816825,
        0.006882225978188217,
        0.006972906005103141,
        0.0068455570144578815,
        0.006855865998659283,
        0.006950051989406347,
        0.006858870998257771,
        0.00904174501192756,
        0.008987944020191208,
        0.008959750994108617,
        0.009067083010450006,
        0.009034813003381714,
        0.007464547001291066,
        0.008970580995082855,
        0.008984187006717548,
        0.00897771498421207,
        0.007377483998425305,
        0.0070143030025064945,
        0.007100254995748401,
        0.006967675988562405,
        0.006922622007550672,
        0.006940053979633376,
        0.006931768992217258,
        0.006897314015077427,
        0.0069089659955352545,
        0.009091288025956601,
        0.009064989018952474,
        0.008894229016732424,
        0.00894866100861691,
        0.009008833992993459,
        0.008929485018597916,
        0.008954231016105041,
        0.008965681976405904,
        0.008972775016445667,
        0.009004835999803618,
        0.008964028995251283,
        0.009053337009390816,
        0.0072956610238179564,
        0.007054168003378436,
        0.007017219002591446
      ]
    },
    "backward": {
      "mean_seconds": 0.0075582076903083365,
      "stdev_seconds": 0.0014378968715001283,
      "min_seconds": 0.0035393270081840456,
      "max_seconds": 0.01107745198532939,
      "timings_seconds": [
        0.0068692110071424395,
        0.006794010027078912,
        0.006772850989364088,
        0.008916210004827008,
        0.008890861994586885,
        0.00890672201057896,
        0.01100138999754563,
        0.01107745198532939,
        0.010287461016559973,
        0.00905943801626563,
        0.008203442994272336,
        0.008836460998281837,
        0.006605576985748485,
        0.0048604540061205626,
        0.004582702997140586,
        0.0065551930165383965,
        0.006601128989132121,
        0.006554310995852575,
        0.006526217999635264,
        0.005996605003019795,
        0.004506700992351398,
        0.004473840002901852,
        0.0037100269983056933,
        0.0035393270081840456,
        0.005955578002613038,
        0.006491473002824932,
        0.00652210001135245,
        0.006540984992170706,
        0.00879893999081105,
        0.008271251019323245,
        0.006818666006438434,
        0.005669572012266144,
        0.006686337990686297,
        0.006582914007594809,
        0.00661559498985298,
        0.00668897302239202,
        0.008788520004600286,
        0.008822945004794747,
        0.007188058982137591,
        0.008815972018055618,
        0.006770515989046544,
        0.006786115001887083,
        0.006661712977802381,
        0.006725070998072624,
        0.008714140014490113,
        0.008881164016202092,
        0.008861297013936564,
        0.008862479007802904,
        0.007907318009529263,
        0.006874500977573916,
        0.007211283023934811,
        0.006667242007097229,
        0.006699211982777342,
        0.006799630005843937,
        0.0089093970018439,
        0.008834656997350976,
        0.0088411390024703,
        0.008819968992611393,
        0.008813596999971196,
        0.006788219005102292,
        0.00681287600309588,
        0.006302347988821566,
        0.0066863480024039745,
        0.008834355976432562,
        0.008782810007687658,
        0.0088984559988603,
        0.008859722991473973,
        0.00883550799335353,
        0.008835609012749046,
        0.007010145985987037,
        0.006741071003489196,
        0.007122697017621249,
        0.00670128600904718,
        0.006712157017318532,
        0.006794670975068584,
        0.00882381698465906,
        0.008903415990062058,
        0.00889629198354669,
        0.008890160999726504,
        0.008855696010868996,
        0.006773491011699662,
        0.006842069997219369,
        0.006371256982674822,
        0.0067003550066147,
        0.008856276981532574,
        0.008804049983154982,
        0.008899318025214598,
        0.008853051986079663,
        0.008828905993141234,
        0.008891803998267278,
        0.007095175009453669,
        0.006933000986464322,
        0.007197636994533241,
        0.006684074003715068,
        0.006767710001440719,
        0.006831239996245131,
        0.00889475000440143,
        0.008844274998409674,
        0.008850316982716322,
        0.008788430015556514
      ],
      "memory_allocated_before_backward": {
        "mean_bytes": 24379392.0,
        "max_bytes": 24379392,
        "mean_gb": 0.022705078125,
        "max_gb": 0.022705078125
      },
      "memory_reserved_before_backward": {
        "mean_bytes": 635437056.0,
        "max_bytes": 635437056,
        "mean_gb": 0.591796875,
        "max_gb": 0.591796875
      }
    },
    "attention_scores_bytes": 2097152
  },
  {
    "config": {
      "implementation": "compiled_naive",
      "batch_size": 8,
      "d_model": 128,
      "sequence_length": 1024,
      "warmup_steps": 10,
      "measure_steps": 100,
      "device": "cuda:0",
      "dtype": "fp32",
      "is_causal": false,
      "campaign": "assignment_attention_full",
      "output_root": "data/section1_2"
    },
    "status": "ok",
    "forward": {
      "mean_seconds": 0.00818584219116019,
      "stdev_seconds": 0.0010153370262371672,
      "min_seconds": 0.006938181002624333,
      "max_seconds": 0.009259684011340141,
      "timings_seconds": [
        0.009069286985322833,
        0.009070800006156787,
        0.009041113982675597,
        0.009121775015955791,
        0.009171939978841692,
        0.009021267003845423,
        0.009077020979020745,
        0.009079917013878003,
        0.009100936003960669,
        0.009067213017260656,
        0.009133796993410215,
        0.009098511014599353,
        0.0071719890111126006,
        0.00709940298111178,
        0.007069768005749211,
        0.007139448018278927,
        0.007465139002306387,
        0.006938181002624333,
        0.006953570002224296,
        0.006975170021178201,
        0.006945012981304899,
        0.006955132004804909,
        0.007061181997414678,
        0.006965932989260182,
        0.009069707011803985,
        0.009120122995227575,
        0.009233844990376383,
        0.009214919002261013,
        0.009200833010254428,
        0.0074691860063467175,
        0.009063767007319257,
        0.00915640001767315,
        0.009145368996541947,
        0.007636490016011521,
        0.007114059990271926,
        0.007156840001698583,
        0.007136333006201312,
        0.007055389985907823,
        0.007080356997903436,
        0.007054349000100046,
        0.007059227005811408,
        0.007029150991002098,
        0.00912460099789314,
        0.009168884018436074,
        0.009078123985091224,
        0.009191104996716604,
        0.009182620007777587,
        0.00919700600206852,
        0.009192688012262806,
        0.00916734099155292,
        0.009170596982585266,
        0.009206734976032749,
        0.009171579004032537,
        0.009173402009764686,
        0.007350875006522983,
        0.007178691012086347,
        0.0072213409875985235,
        0.0071626820135861635,
        0.007516213983763009,
        0.006986851978581399,
        0.007020415010629222,
        0.007061853015329689,
        0.00702722801361233,
        0.007021146011538804,
        0.007140079018427059,
        0.007047144987154752,
        0.009160107001662254,
        0.009207374998368323,
        0.009224848006851971,
        0.009177550004096702,
        0.009259684011340141,
        0.007561539008747786,
        0.009105114004341885,
        0.00904530199477449,
        0.009192728000925854,
        0.007506346009904519,
        0.007107198005542159,
        0.0071591350133530796,
        0.007132275000913069,
        0.007031164976069704,
        0.0070857779937796295,
        0.006992022012127563,
        0.007045792008284479,
        0.007053295994410291,
        0.009146872005658224,
        0.009140820999164134,
        0.009135241009062156,
        0.009191687015118077,
        0.009085147001314908,
        0.009168281976599246,
        0.009181998000713065,
        0.009207495982991531,
        0.0092056319990661,
        0.009226872003637254,
        0.009206443995935842,
        0.009191616001771763,
        0.007327440020162612,
        0.007138005021261051,
        0.007234235992655158,
        0.0072001209773588926
      ]
    },
    "backward": {
      "mean_seconds": 0.007515811630582903,
      "stdev_seconds": 0.0013038265219951482,
      "min_seconds": 0.003656988003058359,
      "max_seconds": 0.00919180698110722,
      "timings_seconds": [
        0.0069948269810993224,
        0.0070233809819910675,
        0.006988354987697676,
        0.008626687020296231,
        0.009081500000320375,
        0.009043718979228288,
        0.009148155018920079,
        0.009178561012959108,
        0.009141130984062329,
        0.007133656996302307,
        0.007124469993868843,
        0.006941497005755082,
        0.007011667999904603,
        0.006476094014942646,
        0.007022368023172021,
        0.009016166994115338,
        0.009065630001714453,
        0.007481089007342234,
        0.00903502301662229,
        0.007587408006656915,
        0.007123868999769911,
        0.007001248974120244,
        0.0069208880013320595,
        0.006987212982494384,
        0.008704703010153025,
        0.009160897985566407,
        0.009136652981396765,
        0.009110272978432477,
        0.00919180698110722,
        0.009153564984444529,
        0.007148044009227306,
        0.007174925005529076,
        0.006861988018499687,
        0.0070068290224298835,
        0.0065392020042054355,
        0.007032166991848499,
        0.00911113599431701,
        0.009076369984541088,
        0.007431095000356436,
        0.009083704004297033,
        0.007611723005538806,
        0.0070783029950689524,
        0.0070225189847406,
        0.00703464201069437,
        0.0069140449922997504,
        0.008551815990358591,
        0.009165377006866038,
        0.0091346200206317,
        0.00915390599402599,
        0.009179103013593704,
        0.009145589981926605,
        0.007121543982066214,
        0.007150288001867011,
        0.006940995022887364,
        0.007001268997555599,
        0.006419578014174476,
        0.00708616798510775,
        0.009151090023806319,
        0.009139238012721762,
        0.007466712006134912,
        0.00905196400708519,
        0.0075917460198979825,
        0.00710612500552088,
        0.006975199998123571,
        0.00701520498842001,
        0.00694882997777313,
        0.006113473995355889,
        0.007017328985966742,
        0.00685438298387453,
        0.00686197797767818,
        0.006869100994663313,
        0.006797828013077378,
        0.004830017016502097,
        0.004580550012178719,
        0.004121569014387205,
        0.004205105011351407,
        0.003656988003058359,
        0.0044117630168329924,
        0.006891191995237023,
        0.006740801007254049,
        0.00503939000191167,
        0.006743264995748177,
        0.007411969010718167,
        0.006970139977056533,
        0.006910919997608289,
        0.0069037759967613965,
        0.006903385015903041,
        0.00846070601255633,
        0.008994245989015326,
        0.008999015000881627,
        0.009086369012948126,
        0.009036294999532402,
        0.008976903976872563,
        0.007073103013681248,
        0.007067603000905365,
        0.006910177995450795,
        0.006970381014980376,
        0.0069333710125647485,
        0.006943521002540365,
        0.009058987023308873
      ],
      "memory_allocated_before_backward": {
        "mean_bytes": 71565312.0,
        "max_bytes": 71565312,
        "mean_gb": 0.066650390625,
        "max_gb": 0.066650390625
      },
      "memory_reserved_before_backward": {
        "mean_bytes": 635437056.0,
        "max_bytes": 635437056,
        "mean_gb": 0.591796875,
        "max_gb": 0.591796875
      }
    },
    "attention_scores_bytes": 33554432
  },
  {
    "config": {
      "implementation": "compiled_naive",
      "batch_size": 8,
      "d_model": 128,
      "sequence_length": 4096,
      "warmup_steps": 10,
      "measure_steps": 100,
      "device": "cuda:0",
      "dtype": "fp32",
      "is_causal": false,
      "campaign": "assignment_attention_full",
      "output_root": "data/section1_2"
    },
    "status": "ok",
    "forward": {
      "mean_seconds": 0.018929088491131552,
      "stdev_seconds": 0.001965411021034999,
      "min_seconds": 0.016659640008583665,
      "max_seconds": 0.021160339994821697,
      "timings_seconds": [
        0.02096844100742601,
        0.02103451397852041,
        0.021110788016812876,
        0.021092503011459485,
        0.017239047010662034,
        0.01706861797720194,
        0.017150109983049333,
        0.016659640008583665,
        0.016764617001172155,
        0.016793060989584774,
        0.021094797004479915,
        0.021013363992096856,
        0.019274553982540965,
        0.020944785996107385,
        0.01942142000189051,
        0.016992475022561848,
        0.016890914004761726,
        0.016724282002542168,
        0.01677723100874573,
        0.0209892499842681,
        0.020970914978533983,
        0.02093893600977026,
        0.021086181019200012,
        0.021146344020962715,
        0.02111419301945716,
        0.017334536009002477,
        0.017110916989622638,
        0.017249888012884185,
        0.016787650994956493,
        0.01676252399920486,
        0.01683871599379927,
        0.021035576006397605,
        0.021097823017043993,
        0.019401481986278668,
        0.020973139005945995,
        0.01940087098046206,
        0.016963609989034012,
        0.016888550017029047,
        0.01680552400648594,
        0.016712398995878175,
        0.02099263502168469,
        0.021017602004576474,
        0.020984120026696473,
        0.021015268022892997,
        0.021071394003229216,
        0.021079930011183023,
        0.017162333009764552,
        0.017136464011855423,
        0.01720011400175281,
        0.016786819003755227,
        0.016769705980550498,
        0.016851109015988186,
        0.020975132996682078,
        0.02115247497567907,
        0.019384751009056345,
        0.02099824699689634,
        0.01940367600764148,
        0.01694352299091406,
        0.016869754006620497,
        0.016747966001275927,
        0.016713110002456233,
        0.02092074102256447,
        0.02090229600435123,
        0.021020037005655468,
        0.020999157975893468,
        0.021160339994821697,
        0.021041086001787335,
        0.01715683299698867,
        0.01708576999953948,
        0.01712872998905368,
        0.01675390699529089,
        0.016716818005079404,
        0.016828558000270277,
        0.02101225301157683,
        0.020994088001316413,
        0.019332692987518385,
        0.020930058002704754,
        0.01950615900568664,
        0.016977816994767636,
        0.016845840000314638,
        0.01672138599678874,
        0.016666372976033017,
        0.021039223996922374,
        0.02100233401870355,
        0.02104317001067102,
        0.020855940005276352,
        0.021109233988681808,
        0.02098785698763095,
        0.016998776991385967,
        0.01703327099676244,
        0.017236401996342465,
        0.01673373900121078,
        0.01676523801870644,
        0.016867239988641813,
        0.02107350798905827,
        0.021034334000432864,
        0.019379500998184085,
        0.020911364001221955,
        0.019352130009792745,
        0.01690432900795713
      ]
    },
    "backward": {
      "mean_seconds": 0.028339349848683925,
      "stdev_seconds": 0.0029929534609849946,
      "min_seconds": 0.018928014003904536,
      "max_seconds": 0.03235539299203083,
      "timings_seconds": [
        0.03183265298139304,
        0.03181058101472445,
        0.026294056995538995,
        0.025358212005812675,
        0.031932660000165924,
        0.030225759983295575,
        0.025566191994585097,
        0.025276528991525993,
        0.03125289600575343,
        0.03198414700455032,
        0.02589203300885856,
        0.025465582992183045,
        0.02775144000770524,
        0.030137705005472526,
        0.028163471986772493,
        0.02544662798754871,
        0.03177989399409853,
        0.03195114599657245,
        0.029608110984554514,
        0.02599272198858671,
        0.02224561499315314,
        0.025211736996425316,
        0.025013525009853765,
        0.018928014003904536,
        0.020836182025959715,
        0.027309962024446577,
        0.03176318301120773,
        0.02580875699641183,
        0.0253954220097512,
        0.02911686000879854,
        0.030294408003101125,
        0.02619534099358134,
        0.025565941003151238,
        0.031741712999064475,
        0.03196998097700998,
        0.027808045997517183,
        0.02600116698886268,
        0.025580329005606472,
        0.03185402401140891,
        0.02971622400218621,
        0.02553312000236474,
        0.029815501009579748,
        0.031767872016644105,
        0.031832161999773234,
        0.02630772299016826,
        0.025509466009680182,
        0.03191160099231638,
        0.030167240009177476,
        0.02576729000429623,
        0.02538660599384457,
        0.03130349001730792,
        0.03195715698529966,
        0.025884308997774497,
        0.025478316994849592,
        0.027696856996044517,
        0.030174273008015007,
        0.028216081991558895,
        0.025469640997471288,
        0.031757531978655607,
        0.03177980400505476,
        0.02934887498850003,
        0.026293866976629943,
        0.025452039000811055,
        0.03217963399947621,
        0.03206016999320127,
        0.025940483988961205,
        0.026889342989306897,
        0.032017999998060986,
        0.032316159980837256,
        0.02630868402775377,
        0.025507131009362638,
        0.029426391003653407,
        0.030669933010358363,
        0.026745734008727595,
        0.02583497599698603,
        0.03199685100116767,
        0.03176633900147863,
        0.02878787397639826,
        0.026128867990337312,
        0.025704982021125033,
        0.03235539299203083,
        0.03064272098708898,
        0.02581820500199683,
        0.03010036499472335,
        0.03211278800154105,
        0.03208057797746733,
        0.026462101988727227,
        0.025500589021248743,
        0.03201937300036661,
        0.030524970992701128,
        0.0260641050117556,
        0.025645780988270417,
        0.03072909399634227,
        0.03209205999155529,
        0.0265274639823474,
        0.02557473798515275,
        0.027896923013031483,
        0.030363087978912517,
        0.02844678401015699,
        0.025806632998865098
      ],
      "memory_allocated_before_backward": {
        "mean_bytes": 637796352.0,
        "max_bytes": 637796352,
        "mean_gb": 0.593994140625,
        "max_gb": 0.593994140625
      },
      "memory_reserved_before_backward": {
        "mean_bytes": 1205862400.0,
        "max_bytes": 1205862400,
        "mean_gb": 1.123046875,
        "max_gb": 1.123046875
      }
    },
    "attention_scores_bytes": 536870912
  },
  {
    "config": {
      "implementation": "compiled_naive",
      "batch_size": 8,
      "d_model": 128,
      "sequence_length": 8192,
      "warmup_steps": 10,
      "measure_steps": 100,
      "device": "cuda:0",
      "dtype": "fp32",
      "is_causal": false,
      "campaign": "assignment_attention_full",
      "output_root": "data/section1_2"
    },
    "status": "ok",
    "forward": {
      "mean_seconds": 0.07352564952947432,
      "stdev_seconds": 0.009716570533942048,
      "min_seconds": 0.04765064502134919,
      "max_seconds": 0.09158231699257158,
      "timings_seconds": [
        0.07416356200701557,
        0.062150384997949004,
        0.07203073299024254,
        0.0812681459938176,
        0.077432993974071,
        0.08073517598677427,
        0.0895279840042349,
        0.06528536399127916,
        0.07157619099598378,
        0.07578392198774964,
        0.062193916994147,
        0.0652446879830677,
        0.0741672090080101,
        0.061759270989568904,
        0.08128711101016961,
        0.06582532700849697,
        0.0618235919973813,
        0.07441137701971456,
        0.06443803498405032,
        0.06974488697596826,
        0.07614860500325449,
        0.06302741999388672,
        0.06301806299597956,
        0.07408505497733131,
        0.06398771100793965,
        0.06926510701305233,
        0.07586861998424865,
        0.06424926099134609,
        0.06304314901353791,
        0.07418902101926506,
        0.06371944799320772,
        0.06927528700907715,
        0.07573160299216397,
        0.0641435930156149,
        0.06300689198542386,
        0.07403712600353174,
        0.06378082299488597,
        0.06925314498948865,
        0.07577698800014332,
        0.06415364099666476,
        0.06303739899885841,
        0.07412959900102578,
        0.0638460350164678,
        0.06939039198914543,
        0.07567142002517357,
        0.0643709099967964,
        0.06353226598002948,
        0.07420623302459717,
        0.06384509400231764,
        0.07362455199472606,
        0.09131944400724024,
        0.07990331598557532,
        0.06602238598861732,
        0.07421210399479605,
        0.06375590598327108,
        0.06927463400643319,
        0.07570906999171712,
        0.06263275997480378,
        0.04765064502134919,
        0.05862217899993993,
        0.048129573988262564,
        0.060233180003706366,
        0.07547050298308022,
        0.06407816000864841,
        0.06307163299061358,
        0.07405450899386778,
        0.06413080901256762,
        0.06999827199615538,
        0.07654550898587331,
        0.07587442098883912,
        0.07870212401030585,
        0.0897713010199368,
        0.07944663902162574,
        0.0810766360082198,
        0.09158231699257158,
        0.07506926101632416,
        0.07885553099913523,
        0.08820434199878946,
        0.07915284900809638,
        0.08448465698165819,
        0.09037291898857802,
        0.07976800197502598,
        0.07861450899508782,
        0.08976473798975348,
        0.07953314101905562,
        0.084584744006861,
        0.09145567999803461,
        0.07998437801143155,
        0.0783639999863226,
        0.08940493300906383,
        0.07838617102243006,
        0.08477392900385894,
        0.09120138201978989,
        0.07982211300986819,
        0.0786641220038291,
        0.08976678200997412,
        0.07937973400112242,
        0.08480475700343959,
        0.09113345501828007,
        0.0794864640047308
      ]
    },
    "backward": {
      "mean_seconds": 0.11016221189929638,
      "stdev_seconds": 0.013959999814848745,
      "min_seconds": 0.07480678899446502,
      "max_seconds": 0.132770112977596,
      "timings_seconds": [
        0.12348764602211304,
        0.1325736939907074,
        0.12032954400638118,
        0.11920920299598947,
        0.11476113201933913,
        0.12278292502742261,
        0.13030921798781492,
        0.12316766599542461,
        0.12245059097767808,
        0.12337192799896002,
        0.11957586099742912,
        0.12818553499528207,
        0.1277869780024048,
        0.12597192398970947,
        0.11301226299838163,
        0.11741319499560632,
        0.12559906498063356,
        0.130740666994825,
        0.12791135100997053,
        0.12322999301250093,
        0.12420439001289196,
        0.11232898102025501,
        0.11847754099289887,
        0.10341681897989474,
        0.12225709899212234,
        0.12613853698712774,
        0.11227026098640636,
        0.11496780900051817,
        0.12497822099248879,
        0.12930673800292425,
        0.12844040300115012,
        0.11299003998283297,
        0.11463720901519991,
        0.12366647200542502,
        0.12904198199976236,
        0.12893041200004518,
        0.09406959099578671,
        0.09223464998649433,
        0.09886400200775824,
        0.10525116801727563,
        0.11041890899650753,
        0.09571877398411743,
        0.09371396398637444,
        0.09685931302374229,
        0.1024431330151856,
        0.1104541750100907,
        0.09793336599250324,
        0.09580517499125563,
        0.08643004501936957,
        0.07891498299431987,
        0.11034751500119455,
        0.10001229398767464,
        0.0978608799923677,
        0.09278331798850559,
        0.09909321099985391,
        0.10840072398423217,
        0.10058713299804367,
        0.12241604601149447,
        0.09991570399142802,
        0.09780351200606674,
        0.09277470200322568,
        0.09903907999978401,
        0.10902374298893847,
        0.10073577097500674,
        0.0999002149910666,
        0.09002613800112158,
        0.09696578097646125,
        0.10685497699887492,
        0.10253385300165974,
        0.10183661599876359,
        0.09019577602157369,
        0.09697613198659383,
        0.10173673898680136,
        0.10586527100531384,
        0.0824223599920515,
        0.07480678899446502,
        0.09467846201732755,
        0.10357108799507841,
        0.1073574890033342,
        0.10690394800622016,
        0.09271287600859068,
        0.09313799400115386,
        0.10242821500287391,
        0.10828387600486167,
        0.10877340400475077,
        0.09457679200568236,
        0.09221848999732174,
        0.09970366599736735,
        0.12372278701514006,
        0.132770112977596,
        0.11620032100472599,
        0.11595686399959959,
        0.11916426901007071,
        0.12534236401552334,
        0.13265651901019737,
        0.12001690699253231,
        0.11780610200366937,
        0.1153596639924217,
        0.12328983499901369,
        0.13164032399072312
      ],
      "memory_allocated_before_backward": {
        "mean_bytes": 2332295168.0,
        "max_bytes": 2332295168,
        "mean_gb": 2.172119140625,
        "max_gb": 2.172119140625
      },
      "memory_reserved_before_backward": {
        "mean_bytes": 5500829696.0,
        "max_bytes": 5500829696,
        "mean_gb": 5.123046875,
        "max_gb": 5.123046875
      }
    },
    "attention_scores_bytes": 2147483648
  },
  {
    "config": {
      "implementation": "compiled_naive",
      "batch_size": 8,
      "d_model": 128,
      "sequence_length": 16384,
      "warmup_steps": 10,
      "measure_steps": 100,
      "device": "cuda:0",
      "dtype": "fp32",
      "is_causal": false,
      "campaign": "assignment_attention_full",
      "output_root": "data/section1_2"
    },
    "status": "oom",
    "error": "CUDA out of memory. Tried to allocate 8.00 GiB. GPU 0 has a total capacity of 94.97 GiB of which 6.12 GiB is free. Process 911662 has 4.51 GiB memory in use. Process 1033637 has 56.75 GiB memory in use. Process 2468454 has 1.16 GiB memory in use. Process 2511083 has 884.00 MiB memory in use. Including non-PyTorch memory, this process has 17.18 GiB memory in use. Process 2591896 has 8.27 GiB memory in use. Of the allocated memory 16.39 GiB is allocated by PyTorch, and 131.75 MiB is reserved by PyTorch but unallocated. If reserved but unallocated memory is large try setting PYTORCH_CUDA_ALLOC_CONF=expandable_segments:True to avoid fragmentation.  See documentation for Memory Management  (https://docs.pytorch.org/docs/stable/notes/cuda.html#optimizing-memory-usage-with-pytorch-cuda-alloc-conf)"
  }
]
