[
  {
    "config": {
      "implementation": "flash_triton",
      "batch_size": 8,
      "d_model": 16,
      "sequence_length": 256,
      "warmup_steps": 10,
      "measure_steps": 100,
      "device": "cuda:0",
      "dtype": "fp32",
      "is_causal": false,
      "campaign": "assignment_attention_full",
      "output_root": "data/section1_2"
    },
    "status": "ok",
    "forward": {
      "mean_seconds": 0.005633001331880223,
      "stdev_seconds": 0.0010187638125420879,
      "min_seconds": 0.004530456004431471,
      "max_seconds": 0.006733956979587674,
      "timings_seconds": [
        0.00503735599340871,
        0.0045361960073933005,
        0.004546345007838681,
        0.004573306010570377,
        0.004556534986477345,
        0.0045558440033346415,
        0.004649659007554874,
        0.004585499002132565,
        0.006684394989861175,
        0.006693272007396445,
        0.006723697995766997,
        0.006708849978167564,
        0.006716064002830535,
        0.005014863010728732,
        0.006638557999394834,
        0.006622507993597537,
        0.006691999005852267,
        0.004950282018398866,
        0.004645440989406779,
        0.004652364004869014,
        0.004662694002036005,
        0.004551674996037036,
        0.0045735260064247996,
        0.004561483976431191,
        0.004534292995231226,
        0.004560932982712984,
        0.006654928991338238,
        0.00664664400392212,
        0.006645301007665694,
        0.006680898019112647,
        0.006637617014348507,
        0.006643959000939503,
        0.006683714018436149,
        0.006722366000758484,
        0.006712828006129712,
        0.006713659007800743,
        0.006701617006910965,
        0.006478729017544538,
        0.004658044985262677,
        0.004717627016361803,
        0.00468203000491485,
        0.005037625989643857,
        0.0045497610117308795,
        0.004565991985145956,
        0.004560772009426728,
        0.0045538289996329695,
        0.004553219012450427,
        0.004649748996598646,
        0.004554671002551913,
        0.006695345015032217,
        0.006705434003379196,
        0.006724520004354417,
        0.006718699005432427,
        0.006722185993567109,
        0.00502095598494634,
        0.006717435986502096,
        0.006668315007118508,
        0.00667862399131991,
        0.005008982989238575,
        0.00463102399953641,
        0.0046622630034107715,
        0.004659879021346569,
        0.004560692992527038,
        0.004575891012791544,
        0.004560652014333755,
        0.0045419470116030425,
        0.00453457300318405,
        0.006667933979770169,
        0.006659136997768655,
        0.006640752020757645,
        0.006696277006994933,
        0.006645461020525545,
        0.006668384012300521,
        0.006675848999293521,
        0.0067231169959995896,
        0.006727485015289858,
        0.006712077010888606,
        0.006695304997265339,
        0.006550904014147818,
        0.004647645982913673,
        0.004721384000731632,
        0.004668264009524137,
        0.005044197983806953,
        0.004557445994578302,
        0.004530456004431471,
        0.004566693998640403,
        0.004549241013592109,
        0.004558237997116521,
        0.004650140006560832,
        0.004561995010590181,
        0.006694623996736482,
        0.006691718008369207,
        0.006712297006743029,
        0.006729768996592611,
        0.00671598399640061,
        0.005032696994021535,
        0.006733956979587674,
        0.006633117998717353,
        0.00663475101464428,
        0.004982193000614643
      ]
    },
    "backward": {
      "mean_seconds": 0.005725693707936443,
      "stdev_seconds": 0.0010181471291684048,
      "min_seconds": 0.004475080990232527,
      "max_seconds": 0.006856888998299837,
      "timings_seconds": [
        0.004573526995955035,
        0.0046660399821121246,
        0.0046373050136025995,
        0.006713007984217256,
        0.0067617100139614195,
        0.006678823992842808,
        0.006823053990956396,
        0.006827042001532391,
        0.006463791010901332,
        0.00472498097224161,
        0.00513597100507468,
        0.0046425359905697405,
        0.004593453981215134,
        0.004656091012293473,
        0.006720371980918571,
        0.006756399990990758,
        0.006770135019905865,
        0.006586360977962613,
        0.006753984984243289,
        0.004763140983413905,
        0.004753725021146238,
        0.00467755101271905,
        0.00461887099663727,
        0.006746510975062847,
        0.006700535013806075,
        0.006693211005767807,
        0.006765697005903348,
        0.006554171006428078,
        0.006777559989131987,
        0.0047786209906917065,
        0.0047568699810653925,
        0.004621565982233733,
        0.00465654200525023,
        0.004655891010770574,
        0.004664806998334825,
        0.006816512992372736,
        0.006804468983318657,
        0.0051187589997425675,
        0.006539171998156235,
        0.005110112018883228,
        0.004776727990247309,
        0.004672120994655415,
        0.004671870992751792,
        0.004656401986721903,
        0.006779112998628989,
        0.006778281007427722,
        0.0068251579941716045,
        0.006856888998299837,
        0.006769364001229405,
        0.006639028986683115,
        0.004823405004572123,
        0.005055450019426644,
        0.004644759988877922,
        0.0046463429753202945,
        0.004743144003441557,
        0.006821340997703373,
        0.006819978996645659,
        0.006832151993876323,
        0.006735040020430461,
        0.006435298011638224,
        0.004742532997624949,
        0.00477364202379249,
        0.004556653992040083,
        0.004579407017445192,
        0.006718528980854899,
        0.006695475982269272,
        0.0067095519916620106,
        0.006728357024258003,
        0.0067632019927259535,
        0.006749727006535977,
        0.004475080990232527,
        0.004778150003403425,
        0.004612628981703892,
        0.004642986983526498,
        0.0046262050163932145,
        0.004659847996663302,
        0.006777659989893436,
        0.006807024998124689,
        0.005142121983226389,
        0.006676841003354639,
        0.0047536949859932065,
        0.004751169995870441,
        0.004652233998058364,
        0.004582802997902036,
        0.004589074989780784,
        0.006758072995580733,
        0.006621456996072084,
        0.006676059012534097,
        0.006783369986806065,
        0.006800903007388115,
        0.006509436992928386,
        0.004500248993281275,
        0.005141992005519569,
        0.004633439006283879,
        0.0046577439934480935,
        0.004727805993752554,
        0.006788140017306432,
        0.006806063000112772,
        0.0067898830166086555,
        0.006789402017602697
      ],
      "memory_allocated_before_backward": {
        "mean_bytes": 9183232.0,
        "max_bytes": 9183232,
        "mean_gb": 0.00855255126953125,
        "max_gb": 0.00855255126953125
      },
      "memory_reserved_before_backward": {
        "mean_bytes": 27262976.0,
        "max_bytes": 27262976,
        "mean_gb": 0.025390625,
        "max_gb": 0.025390625
      }
    },
    "attention_scores_bytes": 2097152
  },
  {
    "config": {
      "implementation": "flash_triton",
      "batch_size": 8,
      "d_model": 16,
      "sequence_length": 1024,
      "warmup_steps": 10,
      "measure_steps": 100,
      "device": "cuda:0",
      "dtype": "fp32",
      "is_causal": false,
      "campaign": "assignment_attention_full",
      "output_root": "data/section1_2"
    },
    "status": "ok",
    "forward": {
      "mean_seconds": 0.00572135719936341,
      "stdev_seconds": 0.0010212287348473038,
      "min_seconds": 0.004531095997663215,
      "max_seconds": 0.006767359998775646,
      "timings_seconds": [
        0.004544621973764151,
        0.006681019003735855,
        0.006648467009654269,
        0.006644619978033006,
        0.0067282670061104,
        0.006735781003953889,
        0.006698821991449222,
        0.0066749870020430535,
        0.006721854995703325,
        0.006767359998775646,
        0.006694924988551065,
        0.006728075997671112,
        0.006640842999331653,
        0.004558667977107689,
        0.004694282019045204,
        0.004727074992842972,
        0.004686136991949752,
        0.0050505610124673694,
        0.004553930019028485,
        0.004549882025457919,
        0.004574497987050563,
        0.0045643289922736585,
        0.004570691002300009,
        0.004653587006032467,
        0.004562997026368976,
        0.006703932012896985,
        0.006729098007781431,
        0.0067164250067435205,
        0.006729710003128275,
        0.006724960985593498,
        0.00503315799869597,
        0.006729448999976739,
        0.006670508999377489,
        0.006643267988692969,
        0.004980480007361621,
        0.0046400610008277,
        0.0046701479877810925,
        0.004674997006077319,
        0.004572575009660795,
        0.0045837549841962755,
        0.00456855702213943,
        0.004538630979368463,
        0.004548780008917674,
        0.006685215979814529,
        0.006674295989796519,
        0.006644519977271557,
        0.006703129998641089,
        0.006691358023090288,
        0.006734107999363914,
        0.006659637991106138,
        0.006718399003148079,
        0.006718578981235623,
        0.0067238190094940364,
        0.006706785992719233,
        0.0065661430126056075,
        0.004682771017542109,
        0.004726434010080993,
        0.004693471011705697,
        0.005041463999077678,
        0.004543360002571717,
        0.0045478180109057575,
        0.004566513001918793,
        0.0045775939943268895,
        0.004561944981105626,
        0.004652634990634397,
        0.0045808799914084375,
        0.006702157988911495,
        0.00670344999525696,
        0.0067219949851278216,
        0.006695154996123165,
        0.006730480992700905,
        0.005021204997319728,
        0.006640042003709823,
        0.006650291004916653,
        0.006657294026808813,
        0.0049195850151591,
        0.004657863988541067,
        0.004664646985474974,
        0.00466661000973545,
        0.0045624650083482265,
        0.0045876430231146514,
        0.004572724981699139,
        0.004531095997663215,
        0.004554701008601114,
        0.006685236003249884,
        0.006671029987046495,
        0.006642976979492232,
        0.006719119002809748,
        0.00664003100246191,
        0.006712859001709148,
        0.0066771509882528335,
        0.006723828992107883,
        0.006728728010784835,
        0.006731453002430499,
        0.0067157140001654625,
        0.006586410978343338,
        0.004684093990363181,
        0.004732303990749642,
        0.004680817015469074,
        0.005048908002208918
      ]
    },
    "backward": {
      "mean_seconds": 0.014543774139019661,
      "stdev_seconds": 0.001957037018178032,
      "min_seconds": 0.011897791002411395,
      "max_seconds": 0.016809702006867155,
      "timings_seconds": [
        0.016636796994134784,
        0.016403379995608702,
        0.012679626990575343,
        0.012859704991569743,
        0.012298932997509837,
        0.012467529013520107,
        0.016749839996919036,
        0.014970051997806877,
        0.01653048797743395,
        0.012566605000756681,
        0.012363513989839703,
        0.012331172998528928,
        0.016646314994432032,
        0.01666960900183767,
        0.016804280981887132,
        0.016385877010179684,
        0.012649801006773487,
        0.012296439002966508,
        0.012309281999478117,
        0.014604226016672328,
        0.016607132012723014,
        0.01497907901648432,
        0.014709633978782222,
        0.012593204999575391,
        0.012283824005862698,
        0.014520880009513348,
        0.01662191000650637,
        0.016694855992682278,
        0.016618713998468593,
        0.014456548989983276,
        0.012995950994081795,
        0.012309473007917404,
        0.012373623001622036,
        0.016304714983562008,
        0.01675460799015127,
        0.016706377995433286,
        0.012907394004287198,
        0.012473670998588204,
        0.012254199013113976,
        0.01655590598238632,
        0.016666072013322264,
        0.01664660600363277,
        0.01672352000605315,
        0.012292119994526729,
        0.012755458999890834,
        0.01232912001432851,
        0.012391987984301522,
        0.016686490998836234,
        0.015098673000466079,
        0.016640754998661578,
        0.012547399004688486,
        0.012383141001919284,
        0.012286830024095252,
        0.016576935013290495,
        0.016327327000908554,
        0.016768144007073715,
        0.016634111991152167,
        0.012620695983059704,
        0.012324491020990536,
        0.012344568007392809,
        0.01456453200080432,
        0.016751241986639798,
        0.015041556005598977,
        0.014943462010705844,
        0.012560743984067813,
        0.012400693987729028,
        0.01453646901063621,
        0.016663196991430596,
        0.016614125022897497,
        0.016717699996661395,
        0.014493519003735855,
        0.013006919994950294,
        0.012331734993495047,
        0.012433424999471754,
        0.016671632998622954,
        0.01629630901152268,
        0.016493078001076356,
        0.012803939986042678,
        0.012455917021725327,
        0.012273745989659801,
        0.016809702006867155,
        0.016542561003006995,
        0.016707720002159476,
        0.01675390699529089,
        0.012425401015207171,
        0.012947018985869363,
        0.011897791002411395,
        0.012395022989949211,
        0.01675212400732562,
        0.01676144197699614,
        0.016648179007461295,
        0.01286149799125269,
        0.01248253698577173,
        0.012369565985864028,
        0.016743055981351063,
        0.016635114006930962,
        0.0162916699773632,
        0.016756091004936025,
        0.012697370984824374,
        0.012856077984906733
      ],
      "memory_allocated_before_backward": {
        "mean_bytes": 11173888.0,
        "max_bytes": 11173888,
        "mean_gb": 0.010406494140625,
        "max_gb": 0.010406494140625
      },
      "memory_reserved_before_backward": {
        "mean_bytes": 29360128.0,
        "max_bytes": 29360128,
        "mean_gb": 0.02734375,
        "max_gb": 0.02734375
      }
    },
    "attention_scores_bytes": 33554432
  },
  {
    "config": {
      "implementation": "flash_triton",
      "batch_size": 8,
      "d_model": 16,
      "sequence_length": 4096,
      "warmup_steps": 10,
      "measure_steps": 100,
      "device": "cuda:0",
      "dtype": "fp32",
      "is_causal": false,
      "campaign": "assignment_attention_full",
      "output_root": "data/section1_2"
    },
    "status": "ok",
    "forward": {
      "mean_seconds": 0.005722558759443928,
      "stdev_seconds": 0.001025265592103532,
      "min_seconds": 0.004622748994734138,
      "max_seconds": 0.006842851988039911,
      "timings_seconds": [
        0.00682647101348266,
        0.005130311008542776,
        0.006819016998633742,
        0.00674150200211443,
        0.006754586007446051,
        0.005080967996036634,
        0.004757410992169753,
        0.00476880298811011,
        0.0047775690036360174,
        0.00466869497904554,
        0.004680267011281103,
        0.004672272014431655,
        0.004637184989405796,
        0.004646613000659272,
        0.006784932978916913,
        0.006768321996787563,
        0.006743866018950939,
        0.0068344960163813084,
        0.006810460996348411,
        0.006828905025031418,
        0.006785113015212119,
        0.0068338850105647,
        0.006828333978774026,
        0.006826632015872747,
        0.006791094987420365,
        0.006691117014270276,
        0.004812203987967223,
        0.004824917996302247,
        0.004787187004694715,
        0.005146792012965307,
        0.004647224006475881,
        0.004641884006559849,
        0.004676720011048019,
        0.004661762010073289,
        0.004661912011215463,
        0.004751058993861079,
        0.0046819499984849244,
        0.006816702982177958,
        0.006814538995968178,
        0.006829055986599997,
        0.006749858002876863,
        0.006828494981164113,
        0.005088771984446794,
        0.006829035992268473,
        0.006774863984901458,
        0.006821060989750549,
        0.005154295009560883,
        0.004756370006361976,
        0.004769803985254839,
        0.004766637983266264,
        0.004668955982197076,
        0.004684854997321963,
        0.004678452998632565,
        0.00464371801353991,
        0.004651192022720352,
        0.0067916460102424026,
        0.006778431008569896,
        0.00674917598371394,
        0.006831601000158116,
        0.006799530994612724,
        0.006833805004134774,
        0.006783810997148976,
        0.006825318996561691,
        0.006835587992100045,
        0.006830177997471765,
        0.006823445990448818,
        0.006743815989466384,
        0.004649479000363499,
        0.004787397978361696,
        0.004831058991840109,
        0.004785664001246914,
        0.005148583994014189,
        0.004641664010705426,
        0.00465424798312597,
        0.004669807007303461,
        0.004662803024984896,
        0.004660609003622085,
        0.004765135992784053,
        0.004672030976507813,
        0.006807153986301273,
        0.006797667010687292,
        0.006842851988039911,
        0.006817955989390612,
        0.006817775021772832,
        0.0051511900092009455,
        0.006806603982113302,
        0.006768091989215463,
        0.006799341004807502,
        0.005090696009574458,
        0.004754043999128044,
        0.004761758988024667,
        0.004771308013005182,
        0.00467163001303561,
        0.004686669009970501,
        0.004673483985243365,
        0.00463926000520587,
        0.004622748994734138,
        0.006782569020288065,
        0.006778701994335279,
        0.006750439002644271
      ]
    },
    "backward": {
      "mean_seconds": 0.21269266650080682,
      "stdev_seconds": 0.008108988564615975,
      "min_seconds": 0.1979939010052476,
      "max_seconds": 0.23107994499150664,
      "timings_seconds": [
        0.21757602199795656,
        0.2062961999909021,
        0.21534324501408264,
        0.21380886802216992,
        0.21084615201107226,
        0.22420453201630153,
        0.19983397200121544,
        0.21463823301019147,
        0.2219667450117413,
        0.1979939010052476,
        0.21980616400833242,
        0.2151765319867991,
        0.21294041897635907,
        0.21576061798259616,
        0.2057378330209758,
        0.22193170900573023,
        0.20246866199886426,
        0.20555212500039488,
        0.22368585001095198,
        0.20012641997891478,
        0.214657588978298,
        0.22204160600085743,
        0.1981226830102969,
        0.22133833699626848,
        0.21767418601666577,
        0.20408003401826136,
        0.21966774397878908,
        0.20561108601395972,
        0.217396104009822,
        0.21176671801367775,
        0.20554104400798678,
        0.2242486939940136,
        0.2029211100016255,
        0.219050537009025,
        0.21762901099282317,
        0.1998136030160822,
        0.21967217299970798,
        0.21285586099838838,
        0.2148313950165175,
        0.21423403502558358,
        0.205545501987217,
        0.2213774400006514,
        0.20706588300527073,
        0.20570509097888134,
        0.22409699999843724,
        0.20279115700395778,
        0.21930602597421966,
        0.21760435501346365,
        0.20185273699462414,
        0.21722117697936483,
        0.21318681101547554,
        0.21971590499742888,
        0.21144652797374874,
        0.20596518900129013,
        0.22408489798544906,
        0.20025454100687057,
        0.20580858501489274,
        0.22421939999912865,
        0.1981043180276174,
        0.21845553099410608,
        0.21776623898767866,
        0.20013429498067126,
        0.2195858199847862,
        0.21338050501071848,
        0.21280841197585687,
        0.21583263299544342,
        0.2059901559841819,
        0.23107994499150664,
        0.2003378669905942,
        0.2146038189821411,
        0.22145337300025858,
        0.198119527020026,
        0.2182434540009126,
        0.21739586399053223,
        0.2106670770153869,
        0.21765979900374077,
        0.20600461299181916,
        0.21443585399538279,
        0.21382008801447228,
        0.20592615500208922,
        0.22201537698856555,
        0.20268190201022662,
        0.2145236280048266,
        0.22203317997627892,
        0.19812998597626574,
        0.22025162001955323,
        0.21758493900415488,
        0.20192997201229446,
        0.21875998200266622,
        0.21401191799668595,
        0.21316259598825127,
        0.21633115800796077,
        0.21094115101732314,
        0.2201063870161306,
        0.20450340799288824,
        0.20568249901407398,
        0.22401198101579212,
        0.1982678750064224,
        0.2146688300126698,
        0.22176693999790587
      ],
      "memory_allocated_before_backward": {
        "mean_bytes": 19136512.0,
        "max_bytes": 19136512,
        "mean_gb": 0.017822265625,
        "max_gb": 0.017822265625
      },
      "memory_reserved_before_backward": {
        "mean_bytes": 50331648.0,
        "max_bytes": 50331648,
        "mean_gb": 0.046875,
        "max_gb": 0.046875
      }
    },
    "attention_scores_bytes": 536870912
  },
  {
    "config": {
      "implementation": "flash_triton",
      "batch_size": 8,
      "d_model": 16,
      "sequence_length": 8192,
      "warmup_steps": 10,
      "measure_steps": 100,
      "device": "cuda:0",
      "dtype": "fp32",
      "is_causal": false,
      "campaign": "assignment_attention_full",
      "output_root": "data/section1_2"
    },
    "status": "ok",
    "forward": {
      "mean_seconds": 0.006073444781941361,
      "stdev_seconds": 0.0010237550052959385,
      "min_seconds": 0.0049618949997238815,
      "max_seconds": 0.007181947992648929,
      "timings_seconds": [
        0.00714430699008517,
        0.0071426950162276626,
        0.007157442014431581,
        0.007181947992648929,
        0.007160748005844653,
        0.005469756986713037,
        0.007170165015850216,
        0.007081368996296078,
        0.007075488014379516,
        0.0054200339945964515,
        0.005085417011287063,
        0.0051112450018990785,
        0.005112457001814619,
        0.005009774991776794,
        0.0050078899948857725,
        0.005001128010917455,
        0.0049681369855534285,
        0.004974589013727382,
        0.0071193800249602646,
        0.007106436009053141,
        0.007082160998834297,
        0.007164815004216507,
        0.007136272004572675,
        0.007150739023927599,
        0.007118448003893718,
        0.007082039985107258,
        0.007157852000091225,
        0.007157682004617527,
        0.0071453090058639646,
        0.0069386720133479685,
        0.00510659598512575,
        0.005162901012226939,
        0.005111464997753501,
        0.005482961976667866,
        0.0049618949997238815,
        0.0049881640006788075,
        0.005011937988456339,
        0.00499543800833635,
        0.004987081978470087,
        0.005095825996249914,
        0.005008873005863279,
        0.007158182997955009,
        0.007136733009247109,
        0.007168162002926692,
        0.007173602003604174,
        0.007161620014812797,
        0.005481399013660848,
        0.007160667999414727,
        0.00707522701122798,
        0.007084524986566976,
        0.005423941009212285,
        0.005083141993964091,
        0.005102839000755921,
        0.005099131987662986,
        0.004999886004952714,
        0.005015334987547249,
        0.005011547997128218,
        0.004973537026671693,
        0.004983035003533587,
        0.0071194499905686826,
        0.007120061985915527,
        0.00707723101368174,
        0.00712785599171184,
        0.007165235991124064,
        0.0071204419946298,
        0.007108871010132134,
        0.007108669989975169,
        0.00716887300950475,
        0.007157531013945118,
        0.007166318013332784,
        0.007085737015586346,
        0.00502479201531969,
        0.005111103993840516,
        0.005156920000445098,
        0.005126853007823229,
        0.005476458987686783,
        0.0049698590009938926,
        0.0049922319885808975,
        0.00501199800055474,
        0.005002429999876767,
        0.004977834003511816,
        0.005086729011964053,
        0.005001217999961227,
        0.007147152005927637,
        0.007149958022637293,
        0.007161318993894383,
        0.00709049598663114,
        0.007151891011744738,
        0.00542875099927187,
        0.007090425991918892,
        0.00709211899084039,
        0.007082891999743879,
        0.0053495210013352334,
        0.005085536016849801,
        0.005094163003377616,
        0.005094674008432776,
        0.005010366003261879,
        0.00501969299511984,
        0.005004645005101338,
        0.004986120009562001
      ]
    },
    "backward": {
      "mean_seconds": 0.858163119161909,
      "stdev_seconds": 0.04304957360238692,
      "min_seconds": 0.6060272419999819,
      "max_seconds": 0.8914809890266042,
      "timings_seconds": [
        0.8461061010020785,
        0.8599133430107031,
        0.8452100009890273,
        0.8451273760001641,
        0.8587804379931185,
        0.8392480500042439,
        0.8477989259990864,
        0.8576529650017619,
        0.8384717050066683,
        0.8530101080250461,
        0.8559918389946688,
        0.8416922639880795,
        0.8527679329854436,
        0.855368039017776,
        0.8390843440138269,
        0.8530385509948246,
        0.8533101399953011,
        0.842312877997756,
        0.8559112979855854,
        0.8468189380073454,
        0.848895981995156,
        0.8514904280018527,
        0.8455678920145147,
        0.8554933340055868,
        0.844696757994825,
        0.8505346260208171,
        0.8575510529917665,
        0.8385402529966086,
        0.8547162369941361,
        0.8530895560106728,
        0.8437785459973384,
        0.8535913980158512,
        0.8467746049864218,
        0.8507189610099886,
        0.8488744829955976,
        0.8455920380074531,
        0.8556688130192924,
        0.8447764580196235,
        0.8497759630263317,
        0.8570157790090889,
        0.8386510310228914,
        0.8566038160060998,
        0.6883338640036527,
        0.6237207500089426,
        0.6060272419999819,
        0.7818650959816296,
        0.8746604769839905,
        0.8793424360046629,
        0.8670354380155914,
        0.8695184940006584,
        0.8800674760132097,
        0.8516870159946848,
        0.8656272380030714,
        0.8709785930113867,
        0.8758200010051951,
        0.8667722650279757,
        0.8671270099875983,
        0.8838336180197075,
        0.8637519300100394,
        0.8767400159849785,
        0.8739508260041475,
        0.8732794770039618,
        0.8786476039967965,
        0.8709218869917095,
        0.8913450039981399,
        0.8777989119989797,
        0.8839459689916112,
        0.8788417369942181,
        0.8811336960061453,
        0.8781103159999475,
        0.8797216180246323,
        0.8887328860000707,
        0.8686813740059733,
        0.8861590790038463,
        0.8807151810033247,
        0.8836848399951123,
        0.8790068270172924,
        0.8787643520045094,
        0.8908573889930267,
        0.8707881250011269,
        0.8851892109960318,
        0.8813747969979886,
        0.8835144999902695,
        0.8812567759887315,
        0.8808071629900951,
        0.8890667719824705,
        0.8716188929975033,
        0.8856076649972238,
        0.8792253569990862,
        0.8845272790058516,
        0.8797733249957673,
        0.8798249719839077,
        0.8908439340011682,
        0.8729127999977209,
        0.8870716810051817,
        0.8809888039832003,
        0.8837872509902809,
        0.8785486080159899,
        0.8808818329998758,
        0.8914809890266042
      ],
      "memory_allocated_before_backward": {
        "mean_bytes": 29753344.0,
        "max_bytes": 29753344,
        "mean_gb": 0.0277099609375,
        "max_gb": 0.0277099609375
      },
      "memory_reserved_before_backward": {
        "mean_bytes": 71303168.0,
        "max_bytes": 71303168,
        "mean_gb": 0.06640625,
        "max_gb": 0.06640625
      }
    },
    "attention_scores_bytes": 2147483648
  },
  {
    "config": {
      "implementation": "flash_triton",
      "batch_size": 8,
      "d_model": 16,
      "sequence_length": 16384,
      "warmup_steps": 10,
      "measure_steps": 100,
      "device": "cuda:0",
      "dtype": "fp32",
      "is_causal": false,
      "campaign": "assignment_attention_full",
      "output_root": "data/section1_2"
    },
    "status": "ok",
    "forward": {
      "mean_seconds": 0.007449561821704265,
      "stdev_seconds": 0.0010077954218402686,
      "min_seconds": 0.006316264014458284,
      "max_seconds": 0.008553420018870384,
      "timings_seconds": [
        0.008482265984639525,
        0.008462599013000727,
        0.008490081003401428,
        0.00849456901778467,
        0.008483899000566453,
        0.006936015997780487,
        0.008447881991742179,
        0.008384482993278652,
        0.008457158983219415,
        0.006888538016937673,
        0.006416452000848949,
        0.006461445998866111,
        0.006450165994465351,
        0.006411873997421935,
        0.006330951990094036,
        0.006358002021443099,
        0.006316264014458284,
        0.006333967001410201,
        0.008453401998849586,
        0.008404050022363663,
        0.008409870002651587,
        0.008420760015724227,
        0.008522040006937459,
        0.008501000993419439,
        0.008508536004228517,
        0.008553420018870384,
        0.008503174991346896,
        0.00848756599589251,
        0.00850345499929972,
        0.008500841009663418,
        0.00665269501041621,
        0.006503354990854859,
        0.006537169014336541,
        0.006478638999396935,
        0.006855876999907196,
        0.0063356699829455465,
        0.006343765999190509,
        0.006380014005117118,
        0.006388089008396491,
        0.0064305389823857695,
        0.006422103004297242,
        0.006378110003424808,
        0.008508744998835027,
        0.008491824002703652,
        0.008533763000741601,
        0.008522241027094424,
        0.008519566006725654,
        0.006920537009136751,
        0.008492165012285113,
        0.008475203008856624,
        0.008476023998809978,
        0.007017991010798141,
        0.006446509010856971,
        0.006469151005148888,
        0.006473148998338729,
        0.006370465998770669,
        0.006385373999364674,
        0.006367911002598703,
        0.006320000975392759,
        0.006362061016261578,
        0.008469030988635495,
        0.008453943009953946,
        0.008419257996138185,
        0.008469341992167756,
        0.008512883010553196,
        0.008454233000520617,
        0.008466305996989831,
        0.008515908994013444,
        0.008509766979841515,
        0.008504477998940274,
        0.008528212027158588,
        0.008486134000122547,
        0.006803547992603853,
        0.0064893889939412475,
        0.006528432015329599,
        0.006503426004201174,
        0.006852590013295412,
        0.006337324011838064,
        0.00634848399204202,
        0.00636712001869455,
        0.0063522220007143915,
        0.0063575709937140346,
        0.006497344002127647,
        0.0064258000056724995,
        0.008485781989293173,
        0.008497253991663456,
        0.008523011987563223,
        0.008521749987266958,
        0.00851197200245224,
        0.006902763998368755,
        0.008446129009826109,
        0.00842077101697214,
        0.008472146990243345,
        0.006889047974254936,
        0.006428184016840532,
        0.006452380010159686,
        0.006488999002613127,
        0.006334117992082611,
        0.006349386996589601,
        0.006346301001030952
      ]
    },
    "backward": {
      "mean_seconds": 3.918794824781944,
      "stdev_seconds": 0.5604214162121703,
      "min_seconds": 2.4555534510000143,
      "max_seconds": 4.534813652018784,
      "timings_seconds": [
        4.524064054014161,
        4.508238668000558,
        4.524967828998342,
        4.503015042981133,
        4.495346733019687,
        4.469948015001137,
        4.480936460982775,
        4.473767596995458,
        4.4881501579948235,
        4.514253267028835,
        4.507493361015804,
        4.504669696005294,
        4.52113353900495,
        4.516990229021758,
        4.511099803989055,
        4.514735892007593,
        4.526924097997835,
        4.512105378991691,
        4.490712333004922,
        4.476608805998694,
        4.472719170997152,
        4.471992550010327,
        4.468556134990649,
        4.500541664980119,
        4.51237592700636,
        4.510000423004385,
        4.504253716004314,
        4.514976051985286,
        4.534813652018784,
        4.512770476023434,
        4.510449504014105,
        4.518740000989055,
        4.513307593995705,
        4.3136409559811,
        3.8804934410145506,
        4.468806124001276,
        4.446297255024547,
        4.42373743999633,
        4.414712597004836,
        4.413514951011166,
        4.407706498983316,
        4.396740145020885,
        4.4072004800254945,
        4.417200052004773,
        4.4140527000126895,
        4.4024001179786865,
        4.419962230982492,
        4.395878519018879,
        4.412303249002434,
        3.9954477550054435,
        3.366182147001382,
        2.4555534510000143,
        2.457278676010901,
        3.111786170018604,
        3.4264387110015377,
        3.4343336750171147,
        3.4369720730173867,
        3.4326445979822893,
        3.4440470399858896,
        3.41975991599611,
        3.43827483599307,
        3.4205888409924228,
        3.43594352400396,
        3.423405802983325,
        3.4272632469946984,
        3.435316838993458,
        3.4401269989903085,
        3.4178688100073487,
        3.431821835023584,
        3.421270327991806,
        3.437300198012963,
        3.4264293129963335,
        3.4285016889916733,
        3.435896627022885,
        3.42725624400191,
        3.4311120040074456,
        3.4377363460080232,
        3.438847039011307,
        3.438366267015226,
        3.4183948269928806,
        3.4376189959875774,
        3.4288691080000717,
        3.4339108020067215,
        3.439264551998349,
        3.420630519016413,
        3.434999474004144,
        3.4257738939777482,
        3.434150471002795,
        3.4429821929952595,
        3.42151044899947,
        3.430995235015871,
        3.43751142398105,
        3.428314598975703,
        3.4408918929984793,
        3.426533679012209,
        3.4212438790127635,
        3.44275368397939,
        3.4209606280201115,
        3.439294837997295,
        3.4338017480040435
      ],
      "memory_allocated_before_backward": {
        "mean_bytes": 50987008.0,
        "max_bytes": 50987008,
        "mean_gb": 0.0474853515625,
        "max_gb": 0.0474853515625
      },
      "memory_reserved_before_backward": {
        "mean_bytes": 113246208.0,
        "max_bytes": 113246208,
        "mean_gb": 0.10546875,
        "max_gb": 0.10546875
      }
    },
    "attention_scores_bytes": 8589934592
  },
  {
    "config": {
      "implementation": "flash_triton",
      "batch_size": 8,
      "d_model": 32,
      "sequence_length": 256,
      "warmup_steps": 10,
      "measure_steps": 100,
      "device": "cuda:0",
      "dtype": "fp32",
      "is_causal": false,
      "campaign": "assignment_attention_full",
      "output_root": "data/section1_2"
    },
    "status": "ok",
    "forward": {
      "mean_seconds": 0.0056351004604948685,
      "stdev_seconds": 0.0010206577556224174,
      "min_seconds": 0.004530767007963732,
      "max_seconds": 0.0067590950056910515,
      "timings_seconds": [
        0.004537048022029921,
        0.004572464997181669,
        0.0045730760029982775,
        0.004549010016489774,
        0.004649568989407271,
        0.0045718030014541,
        0.0067034199892077595,
        0.006712978007271886,
        0.006717235984979197,
        0.006719891011016443,
        0.006708979984978214,
        0.005012088018702343,
        0.006644859997322783,
        0.006670889008091763,
        0.0066677040013018996,
        0.004971483023837209,
        0.0046504909987561405,
        0.004662021994590759,
        0.004662031977204606,
        0.004564820002997294,
        0.004582041990943253,
        0.004568878008285537,
        0.004530767007963732,
        0.004540994996204972,
        0.006638919992838055,
        0.006661832972895354,
        0.006642335996730253,
        0.006712358008371666,
        0.006633640005020425,
        0.006741190998582169,
        0.0066711800172924995,
        0.006724209990352392,
        0.006725601997459307,
        0.006724128994392231,
        0.0066997630055993795,
        0.006446398998377845,
        0.004684173996793106,
        0.004721834004158154,
        0.004679725010646507,
        0.005046464008046314,
        0.004536516993539408,
        0.004540925001492724,
        0.0045797580096405,
        0.004560621979180723,
        0.004566212010104209,
        0.004654729011235759,
        0.004591119010001421,
        0.006673563999356702,
        0.006722234975313768,
        0.006733516987878829,
        0.006700083991745487,
        0.006702799000777304,
        0.0050071800069417804,
        0.006725001003360376,
        0.006636445003096014,
        0.006663596024736762,
        0.005021535995183513,
        0.004647746012778953,
        0.0046701880055479705,
        0.004662643012125045,
        0.004564139002468437,
        0.00458246300695464,
        0.0045823020045645535,
        0.004537467990303412,
        0.004556214000331238,
        0.006688752997433767,
        0.0066731539845932275,
        0.00668001698795706,
        0.006675819022348151,
        0.006681600003503263,
        0.00666891600121744,
        0.006682431005174294,
        0.0067590950056910515,
        0.006731011992087588,
        0.00673434798954986,
        0.006683743995381519,
        0.00644416399882175,
        0.004683803010266274,
        0.0047257520200219005,
        0.0046800459967926145,
        0.005054067994933575,
        0.004542798997135833,
        0.004546556010609493,
        0.004569267999613658,
        0.004555652005365118,
        0.004564448987366632,
        0.004641234001610428,
        0.004569027980323881,
        0.006702829006826505,
        0.0067083489848300815,
        0.00671909999800846,
        0.006744056998286396,
        0.006725101004121825,
        0.005025984981330112,
        0.006726694002281874,
        0.006669055990641937,
        0.006635252997511998,
        0.0049894360126927495,
        0.00465388799784705,
        0.004657283017877489
      ]
    },
    "backward": {
      "mean_seconds": 0.005620485293038655,
      "stdev_seconds": 0.0010991275099277796,
      "min_seconds": 0.0030514920072164387,
      "max_seconds": 0.006829966994700953,
      "timings_seconds": [
        0.004971082002157345,
        0.004496442008530721,
        0.004633129021385685,
        0.0046815389941912144,
        0.006787156977225095,
        0.006798608024837449,
        0.006829966994700953,
        0.006797036010539159,
        0.0067363819980528206,
        0.004292119003366679,
        0.004747722996398807,
        0.004637336009182036,
        0.004589225980453193,
        0.006754355999873951,
        0.0067380260152276605,
        0.0067560689931269735,
        0.006697108008665964,
        0.0068185860000085086,
        0.006751511013135314,
        0.004735520982649177,
        0.0030514920072164387,
        0.004552126018097624,
        0.004603923996910453,
        0.004489078011829406,
        0.004526247998001054,
        0.006738446012604982,
        0.006805261014960706,
        0.0051101630087941885,
        0.00674122100463137,
        0.005134398001246154,
        0.004346981004346162,
        0.004639329999918118,
        0.004583044006722048,
        0.004618820996256545,
        0.006667172012384981,
        0.006794341024942696,
        0.006602139997994527,
        0.0067500580043997616,
        0.006798209011321887,
        0.006588544987607747,
        0.004789069993421435,
        0.004491742991376668,
        0.004618240025592968,
        0.0046316249936353415,
        0.004734438000014052,
        0.00678560501546599,
        0.006806703982874751,
        0.006800471979659051,
        0.006670378003036603,
        0.006728638021741062,
        0.004695244017057121,
        0.004721494013210759,
        0.004311794997192919,
        0.004657072975533083,
        0.006816703011281788,
        0.006712306989356875,
        0.006808126985561103,
        0.006783260003430769,
        0.006767110025975853,
        0.006747263018041849,
        0.004708288994152099,
        0.004705183004261926,
        0.0041414259758312255,
        0.004620064020855352,
        0.004606828995747492,
        0.004598613013513386,
        0.006767651007976383,
        0.006754064990673214,
        0.005069146020105109,
        0.006723778002196923,
        0.004973616014467552,
        0.004728276981040835,
        0.004597630992066115,
        0.003984352020779625,
        0.0045979919959791005,
        0.00682822399539873,
        0.0067681420187000185,
        0.006772470020223409,
        0.006826571014244109,
        0.006800933013437316,
        0.006743546022335067,
        0.004740049014799297,
        0.004739608004456386,
        0.0045902270067017525,
        0.0046220970107242465,
        0.00459041798603721,
        0.004598442988935858,
        0.006762962002540007,
        0.006789081002352759,
        0.005077259993413463,
        0.006729168992023915,
        0.005041354015702382,
        0.0046879709989298135,
        0.0046061769826337695,
        0.00420174899045378,
        0.004595326987328008,
        0.006735931005096063,
        0.006706646003294736,
        0.006671601004200056,
        0.00677845100290142
      ],
      "memory_allocated_before_backward": {
        "mean_bytes": 9838592.0,
        "max_bytes": 9838592,
        "mean_gb": 0.00916290283203125,
        "max_gb": 0.00916290283203125
      },
      "memory_reserved_before_backward": {
        "mean_bytes": 113246208.0,
        "max_bytes": 113246208,
        "mean_gb": 0.10546875,
        "max_gb": 0.10546875
      }
    },
    "attention_scores_bytes": 2097152
  },
  {
    "config": {
      "implementation": "flash_triton",
      "batch_size": 8,
      "d_model": 32,
      "sequence_length": 1024,
      "warmup_steps": 10,
      "measure_steps": 100,
      "device": "cuda:0",
      "dtype": "fp32",
      "is_causal": false,
      "campaign": "assignment_attention_full",
      "output_root": "data/section1_2"
    },
    "status": "ok",
    "forward": {
      "mean_seconds": 0.005648035670164972,
      "stdev_seconds": 0.00102293223746915,
      "min_seconds": 0.004327154019847512,
      "max_seconds": 0.006744777987478301,
      "timings_seconds": [
        0.004584306007018313,
        0.00457260399707593,
        0.004568617005134001,
        0.004656091012293473,
        0.0045872020127717406,
        0.006715352996252477,
        0.0067173569987062365,
        0.006732474983436987,
        0.006732836016453803,
        0.006734900001902133,
        0.005063746008090675,
        0.00671248699654825,
        0.0066500999964773655,
        0.006693232018733397,
        0.0049916299758479,
        0.004672000999562442,
        0.004672410985222086,
        0.004670458001783118,
        0.004567023977870122,
        0.004847460018936545,
        0.004327154019847512,
        0.00455107499146834,
        0.004556324012810364,
        0.006695274991216138,
        0.006699283025227487,
        0.006699341989587992,
        0.006689773988910019,
        0.0066512620251160115,
        0.006654297991190106,
        0.006688121997285634,
        0.0067183279898017645,
        0.006744777987478301,
        0.00667404499836266,
        0.0067373439960647374,
        0.006417133001377806,
        0.004699571989476681,
        0.004744947014842182,
        0.004688912013079971,
        0.005053336994023994,
        0.004549109988147393,
        0.004567645984934643,
        0.004586670984281227,
        0.004566041985526681,
        0.004570941993733868,
        0.004663305007852614,
        0.004579817992635071,
        0.006720973004121333,
        0.006712848000461236,
        0.006740109005477279,
        0.006732704991009086,
        0.006738425989169627,
        0.00504235498374328,
        0.006726944993715733,
        0.006681900005787611,
        0.006649749004282057,
        0.005005776998586953,
        0.004663824976887554,
        0.004670588008593768,
        0.004672440991271287,
        0.004581410990795121,
        0.004590608994476497,
        0.004589415999362245,
        0.00456547099747695,
        0.004559409018838778,
        0.006691527989460155,
        0.006704453000565991,
        0.006686689011985436,
        0.006715943978633732,
        0.006656012003077194,
        0.006693881994578987,
        0.00672960901283659,
        0.006740359996911138,
        0.006734068010700867,
        0.0067269249993842095,
        0.006740880024153739,
        0.006655320001300424,
        0.004554631013888866,
        0.004701997007941827,
        0.004744025995023549,
        0.004689744004281238,
        0.005061080999439582,
        0.0045519249979406595,
        0.0045598800061270595,
        0.0045813310134690255,
        0.00457790499785915,
        0.0045729549892712384,
        0.004662563995225355,
        0.004582804016536102,
        0.0067206830135546625,
        0.006711084017297253,
        0.00672919797943905,
        0.006717907002894208,
        0.006740960001479834,
        0.005037085007643327,
        0.0066517830127850175,
        0.006711435009492561,
        0.006655240023974329,
        0.004926127003272995,
        0.004654277989175171,
        0.00467018797644414
      ]
    },
    "backward": {
      "mean_seconds": 0.01486226793960668,
      "stdev_seconds": 0.003219394442440952,
      "min_seconds": 0.011130583006888628,
      "max_seconds": 0.04012442199746147,
      "timings_seconds": [
        0.01678559699212201,
        0.01512669600197114,
        0.016643590992316604,
        0.012543160992208868,
        0.011969887011218816,
        0.012328909011557698,
        0.016650714009301737,
        0.016729872004361823,
        0.01681644399650395,
        0.01655376100097783,
        0.012636746978387237,
        0.04012442199746147,
        0.01677767198998481,
        0.015071761998115107,
        0.015068537002662197,
        0.012168749002739787,
        0.012414589989930391,
        0.014509188011288643,
        0.01671648700721562,
        0.01681949000339955,
        0.0168210830015596,
        0.014424950000829995,
        0.012996741977985948,
        0.012357453000731766,
        0.012453522998839617,
        0.016351411992218345,
        0.016774074989371,
        0.016775658004917204,
        0.012987835012609139,
        0.012463702994864434,
        0.012362192006548867,
        0.016711147007299587,
        0.0167887220159173,
        0.016751051996834576,
        0.01678229999379255,
        0.012665569985983893,
        0.012405663001118228,
        0.012366079026833177,
        0.012359536020085216,
        0.016824438993353397,
        0.015110845997696742,
        0.016701127984561026,
        0.012580340990098193,
        0.012395313999149948,
        0.012355068000033498,
        0.016708703013136983,
        0.01675769401481375,
        0.016823067009681836,
        0.016557429014937952,
        0.012658046995056793,
        0.01233497099019587,
        0.0123666699801106,
        0.014558039983967319,
        0.016786829015472904,
        0.015073306014528498,
        0.014996462006820366,
        0.012581042014062405,
        0.012013397994451225,
        0.014582164003513753,
        0.01668981698458083,
        0.016685839014826342,
        0.01681104497401975,
        0.014452320989221334,
        0.012978096987353638,
        0.011775251012295485,
        0.0123331880022306,
        0.01676193199818954,
        0.01677643897710368,
        0.01634232499054633,
        0.012905540002975613,
        0.012483008002163842,
        0.012352723977528512,
        0.016648580000037327,
        0.01680558398948051,
        0.016718390019377694,
        0.01680290899821557,
        0.012656843988224864,
        0.012806465005269274,
        0.012444546999176964,
        0.014542669989168644,
        0.016762704006396234,
        0.015008593996753916,
        0.014422634994843975,
        0.012552579020848498,
        0.012360658991383389,
        0.014577535999706015,
        0.016663697984768078,
        0.016654070001095533,
        0.016786588996183127,
        0.01408010398154147,
        0.012999036000110209,
        0.012389923998853192,
        0.011130583006888628,
        0.016668797004967928,
        0.015055792988277972,
        0.016649772005621344,
        0.012490933004301041,
        0.012374104000627995,
        0.012326715019298717,
        0.016678525018505752
      ],
      "memory_allocated_before_backward": {
        "mean_bytes": 13795328.0,
        "max_bytes": 13795328,
        "mean_gb": 0.012847900390625,
        "max_gb": 0.012847900390625
      },
      "memory_reserved_before_backward": {
        "mean_bytes": 117440512.0,
        "max_bytes": 117440512,
        "mean_gb": 0.109375,
        "max_gb": 0.109375
      }
    },
    "attention_scores_bytes": 33554432
  },
  {
    "config": {
      "implementation": "flash_triton",
      "batch_size": 8,
      "d_model": 32,
      "sequence_length": 4096,
      "warmup_steps": 10,
      "measure_steps": 100,
      "device": "cuda:0",
      "dtype": "fp32",
      "is_causal": false,
      "campaign": "assignment_attention_full",
      "output_root": "data/section1_2"
    },
    "status": "ok",
    "forward": {
      "mean_seconds": 0.005781726299028378,
      "stdev_seconds": 0.0010265964822721203,
      "min_seconds": 0.004606558009982109,
      "max_seconds": 0.006937188998563215,
      "timings_seconds": [
        0.004858750995481387,
        0.004911029012873769,
        0.004854272003285587,
        0.005223905987804756,
        0.004721855017123744,
        0.004722064011730254,
        0.00475497599109076,
        0.004750508000142872,
        0.004737734998343512,
        0.004834114981349558,
        0.004753743996843696,
        0.00688054200145416,
        0.006914445984875783,
        0.006910930009325966,
        0.006820770009653643,
        0.006907784001668915,
        0.00517835101345554,
        0.0069151269854046404,
        0.00681313598761335,
        0.006829255988122895,
        0.005159905995242298,
        0.004823314986424521,
        0.00484094797866419,
        0.004845767020015046,
        0.004742422985145822,
        0.004770927014760673,
        0.0047513100143987685,
        0.004726443003164604,
        0.004754816007334739,
        0.006844735995400697,
        0.00682999799028039,
        0.006819417991209775,
        0.00687613501213491,
        0.006820370006607845,
        0.006913122982950881,
        0.006856366991996765,
        0.006920056999661028,
        0.0069045969867147505,
        0.006899708998389542,
        0.0069113200006540865,
        0.006757941999239847,
        0.004876976017840207,
        0.004984547995263711,
        0.004779301991220564,
        0.004860274988459423,
        0.004704803024651483,
        0.0046697770012542605,
        0.004635141987819225,
        0.004606709000654519,
        0.004606558009982109,
        0.004695745010394603,
        0.004740478994790465,
        0.006785965000744909,
        0.006857939995825291,
        0.006894249003380537,
        0.006904958019731566,
        0.006912261975230649,
        0.0052323819836601615,
        0.006936788005987182,
        0.006826902012107894,
        0.006885490991408005,
        0.005218325997702777,
        0.0048251780099235475,
        0.0048527900071348995,
        0.004853081016335636,
        0.004732203989988193,
        0.004760857002111152,
        0.0047545559937134385,
        0.004718928976217285,
        0.00472521097981371,
        0.0068583409884013236,
        0.006844063987955451,
        0.006823865987826139,
        0.00689799600513652,
        0.00687047399696894,
        0.006873047997942194,
        0.006911189993843436,
        0.0069055689964443445,
        0.006916390004334971,
        0.006931108015123755,
        0.006919043982634321,
        0.006809668993810192,
        0.004738115007057786,
        0.00486831899615936,
        0.0048996479890774935,
        0.004862487985519692,
        0.005215009005041793,
        0.0047284369939006865,
        0.004733797017252073,
        0.004750427993712947,
        0.00473952799802646,
        0.0047589640016667545,
        0.006827593024354428,
        0.005918057984672487,
        0.0068845300120301545,
        0.00690137202036567,
        0.006856227002572268,
        0.006937188998563215,
        0.005191014002775773,
        0.0068998479982838035
      ]
    },
    "backward": {
      "mean_seconds": 0.2205051365098916,
      "stdev_seconds": 0.008756388154951694,
      "min_seconds": 0.2040452090150211,
      "max_seconds": 0.2344645720149856,
      "timings_seconds": [
        0.21449524399940856,
        0.23181378102162853,
        0.2040452090150211,
        0.22934213597909547,
        0.21521307100192644,
        0.2235839479835704,
        0.21855322399642318,
        0.2200835739786271,
        0.22919167400687002,
        0.2080704969994258,
        0.22927036200417206,
        0.21647222200408578,
        0.23146031799842604,
        0.20600828001624905,
        0.2261164780065883,
        0.22969536800519563,
        0.21244037098949775,
        0.22533271799329668,
        0.21242269800859503,
        0.23170134000247344,
        0.20606639902689494,
        0.22566224599722773,
        0.22465550698689185,
        0.2206305900181178,
        0.2230578619928565,
        0.21194164699409157,
        0.2338185800181236,
        0.20847368298564106,
        0.2268167909933254,
        0.2213446189998649,
        0.22433489598915912,
        0.21812057300121523,
        0.21426291900570504,
        0.23174299800302833,
        0.20428496800013818,
        0.2294388269947376,
        0.21985269099241123,
        0.2246803139860276,
        0.21950972799095325,
        0.21250507299555466,
        0.2344645720149856,
        0.20409245701739565,
        0.2294542960007675,
        0.2244846670073457,
        0.22266521598794498,
        0.22131191700464115,
        0.21246494699153118,
        0.23411407400271855,
        0.20443337698816322,
        0.22935679298825562,
        0.22221343801356852,
        0.22440744200139306,
        0.21342417600681074,
        0.21217681700363755,
        0.2340325610130094,
        0.20426567198592238,
        0.22916354099288583,
        0.2197836920095142,
        0.22666251097689383,
        0.2114116619923152,
        0.2235933050105814,
        0.22688657100661658,
        0.2098628980165813,
        0.22693256800994277,
        0.2124781819875352,
        0.2266184890177101,
        0.2114811820210889,
        0.22370945400325581,
        0.22725452098529786,
        0.2100147329911124,
        0.22694526097620837,
        0.21221887599676847,
        0.2289132919977419,
        0.208490985998651,
        0.2261730530008208,
        0.22516112501034513,
        0.2128627240017522,
        0.2251859819807578,
        0.21210841898573563,
        0.23181681698770262,
        0.20653725101146847,
        0.23182442100369371,
        0.22465538699179888,
        0.23326723600621335,
        0.21128034600405954,
        0.22365030201035552,
        0.22731185899465345,
        0.20841938100056723,
        0.22626309198676609,
        0.21277629098040052,
        0.22658244101330638,
        0.21149872601381503,
        0.22367778501939029,
        0.22709709600894712,
        0.21424572699470446,
        0.22524285898543894,
        0.21223017701413482,
        0.2316277220088523,
        0.2065009529760573,
        0.22621890899608843
      ],
      "memory_allocated_before_backward": {
        "mean_bytes": 29622272.0,
        "max_bytes": 29622272,
        "mean_gb": 0.027587890625,
        "max_gb": 0.027587890625
      },
      "memory_reserved_before_backward": {
        "mean_bytes": 117440512.0,
        "max_bytes": 117440512,
        "mean_gb": 0.109375,
        "max_gb": 0.109375
      }
    },
    "attention_scores_bytes": 536870912
  },
  {
    "config": {
      "implementation": "flash_triton",
      "batch_size": 8,
      "d_model": 32,
      "sequence_length": 8192,
      "warmup_steps": 10,
      "measure_steps": 100,
      "device": "cuda:0",
      "dtype": "fp32",
      "is_causal": false,
      "campaign": "assignment_attention_full",
      "output_root": "data/section1_2"
    },
    "status": "ok",
    "forward": {
      "mean_seconds": 0.0064331021488760595,
      "stdev_seconds": 0.0010654813111300977,
      "min_seconds": 0.003706991992658004,
      "max_seconds": 0.007558854995295405,
      "timings_seconds": [
        0.005325545993400738,
        0.00530207299743779,
        0.005269882007269189,
        0.0052801409910898656,
        0.007436215004418045,
        0.007405697018839419,
        0.007384478027233854,
        0.007488672999897972,
        0.0074643669940996915,
        0.007397962996037677,
        0.007426235999446362,
        0.007453596976120025,
        0.00747700099600479,
        0.007458075997419655,
        0.007466370996553451,
        0.007384708005702123,
        0.005324654979631305,
        0.005417238979134709,
        0.005454318015836179,
        0.005412981001427397,
        0.005792762996861711,
        0.005274199997074902,
        0.005305418977513909,
        0.005283086997224018,
        0.00533521399484016,
        0.007217103993752971,
        0.004622306994860992,
        0.007420223992085084,
        0.007453897997038439,
        0.0074688459862954915,
        0.00746793401776813,
        0.0074725129816215485,
        0.005787141999462619,
        0.007390548998955637,
        0.007418441993650049,
        0.007434111001202837,
        0.005695779982488602,
        0.005421576992375776,
        0.005404364987043664,
        0.005500955012394115,
        0.004936016019200906,
        0.005310357984853908,
        0.005295069015119225,
        0.005267897999146953,
        0.005283257982227951,
        0.007423079980071634,
        0.00740833199233748,
        0.007384066004306078,
        0.007463596004527062,
        0.007427789008943364,
        0.0074386589985806495,
        0.007383706019027159,
        0.007412811013637111,
        0.007475428021280095,
        0.007453527010511607,
        0.0074593180033843964,
        0.007235418015625328,
        0.005416406987933442,
        0.005462583008920774,
        0.005406948999734595,
        0.0057938149839174,
        0.00527504101046361,
        0.0052927249926142395,
        0.005301842000335455,
        0.005304216989316046,
        0.005291933019179851,
        0.005402349983341992,
        0.005382392992032692,
        0.0071673099882900715,
        0.00697382798534818,
        0.007464937982149422,
        0.007471149991033599,
        0.007463445013854653,
        0.00577962800161913,
        0.007434159982949495,
        0.007384838012512773,
        0.007436374988174066,
        0.005728432006435469,
        0.005384527001297101,
        0.005393564002588391,
        0.005422928981715813,
        0.005393083003582433,
        0.005113218008773401,
        0.003706991992658004,
        0.004973466013325378,
        0.005287005013087764,
        0.0073836960073094815,
        0.007416548003675416,
        0.007443708018399775,
        0.007433889986714348,
        0.007383776013739407,
        0.007417018001433462,
        0.007422209018841386,
        0.007454157981555909,
        0.007558854995295405,
        0.007477882987586781,
        0.007266336004249752,
        0.007207015005405992,
        0.00542551398393698,
        0.0054554899979848415
      ]
    },
    "backward": {
      "mean_seconds": 0.8885097946898896,
      "stdev_seconds": 0.008230638644154485,
      "min_seconds": 0.8697217360022478,
      "max_seconds": 0.9104267270013224,
      "timings_seconds": [
        0.8797827920061536,
        0.8876816050033085,
        0.8911720899923239,
        0.8840438819897827,
        0.9024244400206953,
        0.874822090001544,
        0.8881656820012722,
        0.8930561829765793,
        0.8815396170248277,
        0.902642177999951,
        0.8860336340148933,
        0.8794610089971684,
        0.8964312110038009,
        0.8851085990027059,
        0.8896406269923318,
        0.8965334430104122,
        0.870899464993272,
        0.8922065299993847,
        0.8873383709869813,
        0.8872271619911771,
        0.9027637059916742,
        0.8827333850204013,
        0.8858769400103483,
        0.8909218199842144,
        0.8842790930066258,
        0.9018785259977449,
        0.8878498889971524,
        0.8798301210044883,
        0.8933824439882301,
        0.8738020269956905,
        0.8957932349876501,
        0.8886359640164301,
        0.8802855350077152,
        0.8945182739989832,
        0.8832993769901805,
        0.8969546539883595,
        0.894657475000713,
        0.8801368459826335,
        0.8881650700059254,
        0.8904314709943719,
        0.8841621640021913,
        0.8973660340125207,
        0.8728547799983062,
        0.8900850609934423,
        0.8909410460037179,
        0.8846385680080857,
        0.9023003079928458,
        0.88011234998703,
        0.8874389489938039,
        0.8882919790048618,
        0.8868690000090282,
        0.9026278310047928,
        0.8849785159982275,
        0.8848442029848229,
        0.89041217500926,
        0.8833119100017939,
        0.903919564007083,
        0.8829137040011119,
        0.8880010430002585,
        0.887840311974287,
        0.8872510269866325,
        0.8978667139890604,
        0.8727600729907863,
        0.8898403719940688,
        0.8875241890200414,
        0.8869161990005523,
        0.8953389039961621,
        0.8735389329958707,
        0.8893857700168155,
        0.891444460983621,
        0.8848329820029903,
        0.9035632750019431,
        0.8886295720003545,
        0.8788890360156074,
        0.8959255339868832,
        0.8852465079980902,
        0.8891476829885505,
        0.8930250840203371,
        0.8697217360022478,
        0.8936583020258695,
        0.8898123300168663,
        0.8871604570013005,
        0.8959095840109512,
        0.8798182589816861,
        0.8882134309969842,
        0.8877795479784254,
        0.887144177017035,
        0.903300201985985,
        0.8838266149978153,
        0.8827522509964183,
        0.9104267270013224,
        0.8838283779914491,
        0.9030684579920489,
        0.8846593460184522,
        0.8831777089799289,
        0.8949706020066515,
        0.8747653730097227,
        0.9036563800182194,
        0.8840634700027294,
        0.8818238590029068
      ],
      "memory_allocated_before_backward": {
        "mean_bytes": 50724864.0,
        "max_bytes": 50724864,
        "mean_gb": 0.0472412109375,
        "max_gb": 0.0472412109375
      },
      "memory_reserved_before_backward": {
        "mean_bytes": 117440512.0,
        "max_bytes": 117440512,
        "mean_gb": 0.109375,
        "max_gb": 0.109375
      }
    },
    "attention_scores_bytes": 2147483648
  },
  {
    "config": {
      "implementation": "flash_triton",
      "batch_size": 8,
      "d_model": 32,
      "sequence_length": 16384,
      "warmup_steps": 10,
      "measure_steps": 100,
      "device": "cuda:0",
      "dtype": "fp32",
      "is_causal": false,
      "campaign": "assignment_attention_full",
      "output_root": "data/section1_2"
    },
    "status": "ok",
    "forward": {
      "mean_seconds": 0.014224420580139849,
      "stdev_seconds": 0.001990531737913895,
      "min_seconds": 0.011955289024626836,
      "max_seconds": 0.016396938008256257,
      "timings_seconds": [
        0.011981126997852698,
        0.012089469993952662,
        0.01633114498690702,
        0.01628513800096698,
        0.014636737003456801,
        0.01632709600380622,
        0.014545375015586615,
        0.012202902988065034,
        0.012113706005038694,
        0.012033295002765954,
        0.011970246996497735,
        0.0163153350003995,
        0.016257626994047314,
        0.016284076002193615,
        0.01631881098728627,
        0.016396938008256257,
        0.01627272498444654,
        0.01229259101091884,
        0.01229564700042829,
        0.012488409003708512,
        0.01200083500589244,
        0.012006414995994419,
        0.012084610993042588,
        0.01631605700822547,
        0.016337656998075545,
        0.014657966996310279,
        0.0161917130171787,
        0.014603585004806519,
        0.012216929986607283,
        0.012131419003708288,
        0.012037352978950366,
        0.011955289024626836,
        0.016284987999824807,
        0.016275670001050457,
        0.01631403199280612,
        0.016296458983561024,
        0.01635164298932068,
        0.01626435900107026,
        0.012219835014548153,
        0.012309934012591839,
        0.012485784012824297,
        0.012019048008369282,
        0.01201816598768346,
        0.01212190100341104,
        0.01635553000960499,
        0.01633696598582901,
        0.014652857003966346,
        0.016270870983134955,
        0.014546117017744109,
        0.012231246015289798,
        0.012127230991609395,
        0.012056198000209406,
        0.011979314003838226,
        0.016305355995427817,
        0.01624169698334299,
        0.016290537983877584,
        0.016298392991302535,
        0.016356501990230754,
        0.0163088729896117,
        0.01228823300334625,
        0.012306727992836386,
        0.0124946300056763,
        0.012006264994852245,
        0.012007035984424874,
        0.012100922001991421,
        0.016307058976963162,
        0.01635466900188476,
        0.014653507998446003,
        0.01626829701126553,
        0.014553401008015499,
        0.012198856013128534,
        0.012120608007535338,
        0.012069643009454012,
        0.01196517699281685,
        0.016338138026185334,
        0.016275068977847695,
        0.01627420700970106,
        0.016347083990694955,
        0.0163773910026066,
        0.0163835629937239,
        0.012400523002725095,
        0.012303822993999347,
        0.012510329979704693,
        0.011999992013443261,
        0.01199858999461867,
        0.012102956010494381,
        0.01633217601920478,
        0.016312991006998345,
        0.014598845998989418,
        0.016315865999786183,
        0.014664198009995744,
        0.01225041301222518,
        0.012138021003920585,
        0.012050516990711913,
        0.011987259000306949,
        0.016283193981507793,
        0.01625953000620939,
        0.016272995009785518,
        0.016284086013911292,
        0.01638753100996837
      ]
    },
    "backward": {
      "mean_seconds": 3.6344387992689735,
      "stdev_seconds": 0.16715679042166703,
      "min_seconds": 2.5623551880125888,
      "max_seconds": 3.67962281499058,
      "timings_seconds": [
        3.663467420003144,
        3.6761925629980396,
        3.6690869279846083,
        3.6656254869885743,
        3.6696619470021687,
        3.664247784006875,
        3.6707759349956177,
        3.6621476050058845,
        3.6771474840061273,
        3.6624033249972854,
        3.6766926709969994,
        3.6551538099884056,
        3.6661897060112096,
        3.6607365689997096,
        3.6723340369935613,
        3.656080688990187,
        3.6686444689985365,
        3.6637721119914204,
        3.664210723974975,
        3.6599590920086484,
        3.6637148139998317,
        3.659523114009062,
        3.670185789000243,
        3.6505321339936927,
        3.67962281499058,
        3.6624712820048444,
        3.6681240620091558,
        3.661653799994383,
        3.6705244640179444,
        3.6609181399981026,
        3.670124513999326,
        3.6618231869942974,
        3.6754485169949476,
        3.6621722420095466,
        3.6711260119918734,
        3.663412617985159,
        3.670620302989846,
        3.6647695419960655,
        3.6644011219905224,
        3.6633194129972253,
        3.67027972501819,
        3.6620880539994687,
        3.6693212270038202,
        3.6625469740247354,
        3.669544345990289,
        3.66126272600377,
        3.6746759290108457,
        3.6620584079937544,
        3.669993779010838,
        3.6622857339971233,
        3.6765033259871416,
        3.666905196994776,
        3.6661016599973664,
        3.6624495919968467,
        3.6712488619959913,
        3.662165808986174,
        3.6716846700001042,
        3.6678301810170524,
        3.669285411015153,
        3.662649517005775,
        3.6685646679834463,
        3.6720083559921477,
        3.6623513780068606,
        3.6639555860019755,
        3.6641642969916575,
        3.6619980850082356,
        3.6585054460156243,
        3.6726936110062525,
        3.656911897007376,
        3.6598769479896873,
        3.670092593994923,
        3.6767067269829568,
        3.6588324890180957,
        3.67410280398326,
        3.660423852998065,
        3.660300080984598,
        3.6580484379956033,
        3.663536420004675,
        3.658906627999386,
        3.666789640003117,
        3.65442498397897,
        3.6635739199991804,
        3.665172036999138,
        3.665563040005509,
        3.6593471840023994,
        3.6662309120001737,
        3.660523370024748,
        3.6700579389871564,
        3.659102284000255,
        3.6685934429988265,
        3.0021721689845435,
        2.5623551880125888,
        2.609359380992828,
        3.3700838729855604,
        3.662341148010455,
        3.669803211989347,
        3.6626726299873553,
        3.6690030909958296,
        3.6697110990062356,
        3.665119709010469
      ],
      "memory_allocated_before_backward": {
        "mean_bytes": 92930048.0,
        "max_bytes": 92930048,
        "mean_gb": 0.0865478515625,
        "max_gb": 0.0865478515625
      },
      "memory_reserved_before_backward": {
        "mean_bytes": 201326592.0,
        "max_bytes": 201326592,
        "mean_gb": 0.1875,
        "max_gb": 0.1875
      }
    },
    "attention_scores_bytes": 8589934592
  },
  {
    "config": {
      "implementation": "flash_triton",
      "batch_size": 8,
      "d_model": 64,
      "sequence_length": 256,
      "warmup_steps": 10,
      "measure_steps": 100,
      "device": "cuda:0",
      "dtype": "fp32",
      "is_causal": false,
      "campaign": "assignment_attention_full",
      "output_root": "data/section1_2"
    },
    "status": "ok",
    "forward": {
      "mean_seconds": 0.005669110928138253,
      "stdev_seconds": 0.0010264182747075931,
      "min_seconds": 0.004534423002041876,
      "max_seconds": 0.0067428039910737425,
      "timings_seconds": [
        0.004653436975786462,
        0.004668063978897408,
        0.004671850998420268,
        0.004566001996863633,
        0.004582813999149948,
        0.0045710220001637936,
        0.004538581008091569,
        0.004551655001705512,
        0.006680948979919776,
        0.006671831011772156,
        0.006643338012509048,
        0.006707728985929862,
        0.0066435280023142695,
        0.006672391988104209,
        0.00668251101160422,
        0.006715693016303703,
        0.006720222008880228,
        0.006714611983625218,
        0.0067018170084338635,
        0.006452398985857144,
        0.004683031991589814,
        0.004729489010060206,
        0.004689553985372186,
        0.005050411011325195,
        0.004547988995909691,
        0.004553287988528609,
        0.00457587098935619,
        0.004561724985251203,
        0.004573124984744936,
        0.004663475003326312,
        0.0045739670167677104,
        0.006711394991725683,
        0.006702808983391151,
        0.00671678499202244,
        0.00670535399694927,
        0.006731522997142747,
        0.005005876999348402,
        0.0067266639962326735,
        0.00663778799935244,
        0.006649128015851602,
        0.004976591997547075,
        0.004651182011002675,
        0.0046666009875480086,
        0.004660639999201521,
        0.004566132003674284,
        0.0045878730015829206,
        0.004560592002235353,
        0.004534423002041876,
        0.0045496510283555835,
        0.006683091982267797,
        0.006665950000751764,
        0.006642094987910241,
        0.006742163008311763,
        0.006638769002165645,
        0.006717998010572046,
        0.006666661007329822,
        0.006718309014104307,
        0.006718188000377268,
        0.0067356709914747626,
        0.006705514999339357,
        0.006526057986775413,
        0.004687159991590306,
        0.004736881994176656,
        0.004674605006584898,
        0.005041403986979276,
        0.004549000004772097,
        0.0045518859988078475,
        0.0045542400039266795,
        0.004566752992104739,
        0.004554179991828278,
        0.004651522991480306,
        0.004571633005980402,
        0.006706476007821038,
        0.006701525999233127,
        0.006728186010150239,
        0.00670197801082395,
        0.0067428039910737425,
        0.005018231022404507,
        0.006692409981042147,
        0.006676029006484896,
        0.006642525986535475,
        0.004981751990271732,
        0.004642365005565807,
        0.004656110977521166,
        0.004668634996050969,
        0.004560321976896375,
        0.00458426697878167,
        0.004572655016090721,
        0.0045389209990389645,
        0.004548349010292441,
        0.006682290986645967,
        0.006667983980150893,
        0.006685125990770757,
        0.006668585003353655,
        0.006649468996329233,
        0.00672425000811927,
        0.0066790950077120215,
        0.006710574001772329,
        0.006704632978653535,
        0.006722426012856886
      ]
    },
    "backward": {
      "mean_seconds": 0.005671458120341413,
      "stdev_seconds": 0.0010703657148368603,
      "min_seconds": 0.0027157320000696927,
      "max_seconds": 0.007041904988000169,
      "timings_seconds": [
        0.00670169701334089,
        0.004726572980871424,
        0.004717867006547749,
        0.004658296005800366,
        0.004633387987269089,
        0.006803858996136114,
        0.006753563997335732,
        0.0068355079856701195,
        0.006744357000570744,
        0.006791195017285645,
        0.006803197000408545,
        0.00462700700154528,
        0.004801814997335896,
        0.005140629014931619,
        0.004641022009309381,
        0.004187371989246458,
        0.004778290982358158,
        0.006821532006142661,
        0.006822494004154578,
        0.00685602700104937,
        0.006832623010268435,
        0.006741140998201445,
        0.004754626017529517,
        0.0047566500143148005,
        0.004673143004765734,
        0.004640200990252197,
        0.006371498020598665,
        0.006785835023038089,
        0.006796745990868658,
        0.006779893999919295,
        0.006784944009268656,
        0.006783229997381568,
        0.0047623309947084635,
        0.004759405012009665,
        0.004611548007233068,
        0.00463362000300549,
        0.004153999994741753,
        0.004617939004674554,
        0.006763623008737341,
        0.006827903998782858,
        0.00511604399071075,
        0.006742483994457871,
        0.005085546988993883,
        0.004755467991344631,
        0.004649267997592688,
        0.004654727992601693,
        0.004634561017155647,
        0.006359696009894833,
        0.006805971992434934,
        0.006811712984926999,
        0.006687140004942194,
        0.007041904988000169,
        0.006509196013212204,
        0.0027157320000696927,
        0.005318563984474167,
        0.004576241015456617,
        0.004569138982333243,
        0.004434917005710304,
        0.006073167984141037,
        0.006794610992074013,
        0.006791075022192672,
        0.006797316018491983,
        0.006741711986251175,
        0.004737784998724237,
        0.004747962986584753,
        0.004626846988685429,
        0.004591891018208116,
        0.006748273997800425,
        0.006326242990326136,
        0.006768232007743791,
        0.006753405003109947,
        0.006731041998136789,
        0.0067411609925329685,
        0.0046405119937844574,
        0.004814618005184457,
        0.005116084008477628,
        0.004628018999937922,
        0.004596318991389126,
        0.004722065001260489,
        0.006396354001481086,
        0.006822163006290793,
        0.006822163006290793,
        0.0068183160037733614,
        0.006767610990209505,
        0.004732614004751667,
        0.004734859016025439,
        0.004658214980736375,
        0.00462533300742507,
        0.006751570996129885,
        0.006717336014844477,
        0.006325099995592609,
        0.0067523719917517155,
        0.006830878992332146,
        0.006786926998756826,
        0.004765896999742836,
        0.004767250007716939,
        0.004587712988723069,
        0.004610575997503474,
        0.0046147030079737306,
        0.004624611989129335
      ],
      "memory_allocated_before_backward": {
        "mean_bytes": 11149312.0,
        "max_bytes": 11149312,
        "mean_gb": 0.01038360595703125,
        "max_gb": 0.01038360595703125
      },
      "memory_reserved_before_backward": {
        "mean_bytes": 201326592.0,
        "max_bytes": 201326592,
        "mean_gb": 0.1875,
        "max_gb": 0.1875
      }
    },
    "attention_scores_bytes": 2097152
  },
  {
    "config": {
      "implementation": "flash_triton",
      "batch_size": 8,
      "d_model": 64,
      "sequence_length": 1024,
      "warmup_steps": 10,
      "measure_steps": 100,
      "device": "cuda:0",
      "dtype": "fp32",
      "is_causal": false,
      "campaign": "assignment_attention_full",
      "output_root": "data/section1_2"
    },
    "status": "ok",
    "forward": {
      "mean_seconds": 0.005692788481828756,
      "stdev_seconds": 0.0010294812205851281,
      "min_seconds": 0.004555642022751272,
      "max_seconds": 0.006781867996323854,
      "timings_seconds": [
        0.004664787993533537,
        0.004679114994360134,
        0.004691157024353743,
        0.004581531014991924,
        0.004595658014295623,
        0.0045852189941797405,
        0.0045570050133392215,
        0.004566593997878954,
        0.006710342975566164,
        0.006683272018563002,
        0.006666251021670178,
        0.006728256994392723,
        0.006663184991339222,
        0.006781867996323854,
        0.006699452991597354,
        0.0067434849916026,
        0.006745209015207365,
        0.006742663972545415,
        0.006729879998601973,
        0.006521339004393667,
        0.004703650018200278,
        0.004751740983920172,
        0.004695344978244975,
        0.005062112002633512,
        0.004555642022751272,
        0.0045721740170847625,
        0.00459067799965851,
        0.004581371002132073,
        0.004575238999677822,
        0.0046709589951206,
        0.004589496005792171,
        0.00673164299223572,
        0.006739438016666099,
        0.006742552999639884,
        0.006747092003934085,
        0.006750007974915206,
        0.005041985015850514,
        0.006726833991706371,
        0.006696527998428792,
        0.006714501010719687,
        0.005027798004448414,
        0.004667942994274199,
        0.004695153998909518,
        0.004687078995630145,
        0.004582752997521311,
        0.004605035996064544,
        0.004593723977450281,
        0.004564600007142872,
        0.004571713012410328,
        0.006714892020681873,
        0.00669322200701572,
        0.006686758977593854,
        0.006737334013450891,
        0.006710312998620793,
        0.006732494977768511,
        0.006706496002152562,
        0.0067551770189311355,
        0.0066694570123218,
        0.006755147012881935,
        0.006732224021106958,
        0.006527399993501604,
        0.004711354005848989,
        0.004758302005939186,
        0.004718267009593546,
        0.005071500985650346,
        0.004566714022075757,
        0.0045654109853785485,
        0.004596489015966654,
        0.004583534988341853,
        0.00459258200135082,
        0.004661161015974358,
        0.00459404502180405,
        0.006729660002747551,
        0.006733227026415989,
        0.006774092995328829,
        0.0066917589865624905,
        0.006748014013282955,
        0.005025372985983267,
        0.00674889498623088,
        0.006662363011855632,
        0.006672763003734872,
        0.00500076700700447,
        0.004673765011830255,
        0.004687840992119163,
        0.004686538013629615,
        0.0045845060085412115,
        0.004605877009453252,
        0.004593182995449752,
        0.0045614539994858205,
        0.0045655609865207225,
        0.006706877000397071,
        0.006667403009487316,
        0.006662462983513251,
        0.006733857997460291,
        0.0067029000201728195,
        0.00671562398201786,
        0.006702529004542157,
        0.006740300013916567,
        0.006753894995199516,
        0.006736020994139835
      ]
    },
    "backward": {
      "mean_seconds": 0.014829830381204374,
      "stdev_seconds": 0.0019674457831660975,
      "min_seconds": 0.012132822012063116,
      "max_seconds": 0.017070720990886912,
      "timings_seconds": [
        0.01418394799111411,
        0.016927844000747427,
        0.016902526025660336,
        0.016971645993180573,
        0.01467005000449717,
        0.013225411006715149,
        0.012504279002314433,
        0.012632347992621362,
        0.016968360025202855,
        0.017030104994773865,
        0.016862962016602978,
        0.012740660982672125,
        0.012737155018839985,
        0.012656934995902702,
        0.016907776007428765,
        0.016793401009636,
        0.016887367994058877,
        0.016960984998149797,
        0.012807577004423365,
        0.012999016005778685,
        0.012571705010486767,
        0.012697540980298072,
        0.016897826979402453,
        0.015269083000021055,
        0.016819119977299124,
        0.012827083992306143,
        0.012651675002416596,
        0.012592913990374655,
        0.01684628997463733,
        0.0168633520079311,
        0.016973988997051492,
        0.016928123019170016,
        0.012423546984791756,
        0.01254497401532717,
        0.012601219990756363,
        0.014701859996421263,
        0.016990981996059418,
        0.015217506006592885,
        0.015249295014655218,
        0.012772691989084706,
        0.012644600996281952,
        0.014775527000892907,
        0.01688869998906739,
        0.01654408298782073,
        0.017070720990886912,
        0.014656754006864503,
        0.013246210000943393,
        0.012578877998748794,
        0.012694756005657837,
        0.016941648995270953,
        0.016982556000584736,
        0.01685398499830626,
        0.013140882016159594,
        0.012132822012063116,
        0.01260218201787211,
        0.016910400008782744,
        0.016902435017982498,
        0.016922873997827992,
        0.016998465987853706,
        0.012677834019996226,
        0.01328358001774177,
        0.01262512500397861,
        0.012701147003099322,
        0.017005750007228926,
        0.016386748990043998,
        0.016899931011721492,
        0.01314353701309301,
        0.012711678020423278,
        0.012618392007425427,
        0.016907965997233987,
        0.016924738010857254,
        0.016911002021515742,
        0.0169591220037546,
        0.012890543002868071,
        0.01302038598805666,
        0.01218614200479351,
        0.012676432001171634,
        0.017057407007087022,
        0.01531082097790204,
        0.0168535039993003,
        0.01279874998726882,
        0.01263575500342995,
        0.012579189002281055,
        0.01687482401030138,
        0.016847581980982795,
        0.016312399005983025,
        0.016755490010837093,
        0.012907974974950776,
        0.012473229988245293,
        0.01254448399413377,
        0.014741393009899184,
        0.016936108993832022,
        0.015202377020614222,
        0.015216845000395551,
        0.012814079993404448,
        0.012630776007426903,
        0.013896449003368616,
        0.0167918780061882,
        0.016978687985101715,
        0.01699336600722745
      ],
      "memory_allocated_before_backward": {
        "mean_bytes": 19038208.0,
        "max_bytes": 19038208,
        "mean_gb": 0.017730712890625,
        "max_gb": 0.017730712890625
      },
      "memory_reserved_before_backward": {
        "mean_bytes": 201326592.0,
        "max_bytes": 201326592,
        "mean_gb": 0.1875,
        "max_gb": 0.1875
      }
    },
    "attention_scores_bytes": 33554432
  },
  {
    "config": {
      "implementation": "flash_triton",
      "batch_size": 8,
      "d_model": 64,
      "sequence_length": 4096,
      "warmup_steps": 10,
      "measure_steps": 100,
      "device": "cuda:0",
      "dtype": "fp32",
      "is_causal": false,
      "campaign": "assignment_attention_full",
      "output_root": "data/section1_2"
    },
    "status": "ok",
    "forward": {
      "mean_seconds": 0.005987514077860396,
      "stdev_seconds": 0.0010230253971864702,
      "min_seconds": 0.004884228983428329,
      "max_seconds": 0.00710776902269572,
      "timings_seconds": [
        0.004897805018117651,
        0.004911320022074506,
        0.005006649007555097,
        0.004911309981252998,
        0.007055709982523695,
        0.007069556973874569,
        0.007094583997968584,
        0.007068564998917282,
        0.007074285997077823,
        0.005412810976849869,
        0.007079906004946679,
        0.006991800997639075,
        0.006996499985689297,
        0.005350132996682078,
        0.004991080000763759,
        0.005019933014409617,
        0.005011958011891693,
        0.004920616978779435,
        0.004927860980387777,
        0.0049177320033777505,
        0.004889549018116668,
        0.004894688987405971,
        0.007032977999188006,
        0.007028128980891779,
        0.006981401995290071,
        0.00707203199272044,
        0.007045822974760085,
        0.007008752989349887,
        0.007023029989795759,
        0.007101827999576926,
        0.007066922000376508,
        0.007076399022480473,
        0.007060148986056447,
        0.006874410988530144,
        0.005036243994254619,
        0.005073603999335319,
        0.0050349420052953064,
        0.005390407983213663,
        0.004891361983027309,
        0.004909376002615318,
        0.004916629986837506,
        0.004901461012195796,
        0.0049089849926531315,
        0.004993924987502396,
        0.0049122720083687454,
        0.007056742993881926,
        0.007058505987515673,
        0.007076710986439139,
        0.007031184999505058,
        0.00710776902269572,
        0.005358067981433123,
        0.006997442018473521,
        0.0070002170104999095,
        0.007002772006671876,
        0.005274861992802471,
        0.004994546005036682,
        0.0050082620000466704,
        0.005007881001802161,
        0.004912261007120833,
        0.004931899020448327,
        0.004916959995171055,
        0.004884228983428329,
        0.004893545992672443,
        0.0070365749998018146,
        0.007030865002889186,
        0.006994355993811041,
        0.007094473985489458,
        0.00700336298905313,
        0.0070547289797104895,
        0.00701589701930061,
        0.007069237006362528,
        0.007072001986671239,
        0.007076198991853744,
        0.007051963999401778,
        0.006915178004419431,
        0.005032366985687986,
        0.005073673994047567,
        0.005027006001910195,
        0.005396379012381658,
        0.004888596973614767,
        0.004894167999736965,
        0.004918202990666032,
        0.00491056899772957,
        0.004902092012343928,
        0.0049978820024989545,
        0.004922040010569617,
        0.00705449900124222,
        0.007056603004457429,
        0.007084484997903928,
        0.0070893339870963246,
        0.007076971000060439,
        0.005418932007160038,
        0.007000978017458692,
        0.0069961799890734255,
        0.007000087003689259,
        0.005309146014042199,
        0.004995177005184814,
        0.005023310019169003,
        0.005012509995140135,
        0.004906099988147616
      ]
    },
    "backward": {
      "mean_seconds": 0.2292380128215882,
      "stdev_seconds": 0.006645991796513804,
      "min_seconds": 0.21122507198015228,
      "max_seconds": 0.2422455720079597,
      "timings_seconds": [
        0.2117996800225228,
        0.23806587501894683,
        0.22648140098317526,
        0.23787806200562045,
        0.21385044499766082,
        0.23522123001748696,
        0.23079155400046147,
        0.2331322529935278,
        0.21843056500074454,
        0.2350181200017687,
        0.23097566899377853,
        0.2332881259790156,
        0.2229065370047465,
        0.2350143830117304,
        0.2311084990215022,
        0.23076223899261095,
        0.22533926900359802,
        0.23218254299717955,
        0.23177751299226657,
        0.2284601920109708,
        0.2274193300108891,
        0.2282814270001836,
        0.23576770501676947,
        0.2264336720108986,
        0.22969383600866422,
        0.21910455799661577,
        0.23982998300925829,
        0.22266099700937048,
        0.2338755469827447,
        0.22399018000578508,
        0.2422455720079597,
        0.21838555001886562,
        0.23775139500503428,
        0.22407934701186605,
        0.23994030998437665,
        0.2114959610044025,
        0.2357051480212249,
        0.22680085100000724,
        0.23541786900022998,
        0.2214922760031186,
        0.23531241100863554,
        0.2317214980139397,
        0.23089693099609576,
        0.22526182502042502,
        0.23298895498737693,
        0.23164891102351248,
        0.22864770400337875,
        0.22752797399880365,
        0.23047630200744607,
        0.23359207500470802,
        0.22880027900100686,
        0.22756566398311406,
        0.23069384100381285,
        0.23422691598534584,
        0.22890538701904006,
        0.2274043619981967,
        0.2326261540001724,
        0.2314859859761782,
        0.22868014499545097,
        0.2275703240011353,
        0.22781957100960426,
        0.23582146599073894,
        0.2244541300169658,
        0.23188152798684314,
        0.21918799498234876,
        0.23977697402006015,
        0.22276066400809214,
        0.23455276698223315,
        0.21930294000776485,
        0.24010438699042425,
        0.21122507198015228,
        0.2377437909890432,
        0.21953385300002992,
        0.23802801300189458,
        0.21381014000508003,
        0.23499959500622936,
        0.23131815198576078,
        0.23083902298822068,
        0.22546944301575422,
        0.23258121000253595,
        0.23235921299783513,
        0.22810528698028065,
        0.2273893140081782,
        0.23044278999441303,
        0.23347656900295988,
        0.22622968899668194,
        0.2296260189905297,
        0.230520676006563,
        0.23353895600303076,
        0.22626764999586158,
        0.2298647860006895,
        0.22791862697340548,
        0.23518159601371735,
        0.2267043789906893,
        0.2292623670073226,
        0.22841414500726387,
        0.23611857302603312,
        0.21816467499593273,
        0.23462772701168433,
        0.21948821700061671
      ],
      "memory_allocated_before_backward": {
        "mean_bytes": 50593792.0,
        "max_bytes": 50593792,
        "mean_gb": 0.047119140625,
        "max_gb": 0.047119140625
      },
      "memory_reserved_before_backward": {
        "mean_bytes": 201326592.0,
        "max_bytes": 201326592,
        "mean_gb": 0.1875,
        "max_gb": 0.1875
      }
    },
    "attention_scores_bytes": 536870912
  },
  {
    "config": {
      "implementation": "flash_triton",
      "batch_size": 8,
      "d_model": 64,
      "sequence_length": 8192,
      "warmup_steps": 10,
      "measure_steps": 100,
      "device": "cuda:0",
      "dtype": "fp32",
      "is_causal": false,
      "campaign": "assignment_attention_full",
      "output_root": "data/section1_2"
    },
    "status": "ok",
    "forward": {
      "mean_seconds": 0.0070523200219031424,
      "stdev_seconds": 0.0010375201544607234,
      "min_seconds": 0.005958173016551882,
      "max_seconds": 0.008190139022190124,
      "timings_seconds": [
        0.0064800519903656095,
        0.006070442992495373,
        0.006095058983191848,
        0.006108175002736971,
        0.0059898119943682104,
        0.0060197880084160715,
        0.005993007973302156,
        0.005977480002911761,
        0.00596565700834617,
        0.0081355860165786,
        0.008112252020509914,
        0.008081223990302533,
        0.008160111989127472,
        0.008152376976795495,
        0.008133351017022505,
        0.008097123994957656,
        0.00814854001509957,
        0.008178998017683625,
        0.008164269995177165,
        0.00817320600617677,
        0.008101952989818528,
        0.005988399003399536,
        0.006096853001508862,
        0.006140003999462351,
        0.006095178978284821,
        0.00647868899977766,
        0.005977017979603261,
        0.00597572501283139,
        0.005983109003864229,
        0.00598643597913906,
        0.005972509999992326,
        0.006070823990739882,
        0.005994430015562102,
        0.008167887019226328,
        0.008163328020600602,
        0.008183975995052606,
        0.008162025013007224,
        0.0081853800220415,
        0.006480592011939734,
        0.008086172980256379,
        0.008126248983899131,
        0.008135325013427064,
        0.006454895017668605,
        0.006084019027184695,
        0.006119505007518455,
        0.0061193250003270805,
        0.005982037982903421,
        0.006016011000610888,
        0.005987587996060029,
        0.0059744130121544,
        0.00596336301532574,
        0.008138531993608922,
        0.008122290979372337,
        0.008093427022686228,
        0.008166624000295997,
        0.0081323400081601,
        0.00815273800981231,
        0.008124094980303198,
        0.008175791008397937,
        0.008166383020579815,
        0.008162065991200507,
        0.008190139022190124,
        0.00808359801885672,
        0.005976207001367584,
        0.006091282004490495,
        0.006151554989628494,
        0.006091143004596233,
        0.006469711981480941,
        0.005981305992463604,
        0.005966808996163309,
        0.006000071996822953,
        0.005992196995066479,
        0.005993047991069034,
        0.006070935021853074,
        0.00600396899972111,
        0.008157397009199485,
        0.008175461000064388,
        0.008166854997398332,
        0.008117291989037767,
        0.008179519005352631,
        0.0064565869979560375,
        0.008091702999081463,
        0.00812148000113666,
        0.008125427004415542,
        0.006450356013374403,
        0.0060936170048080385,
        0.006104788015363738,
        0.006098597019445151,
        0.00599843799136579,
        0.006024306989274919,
        0.005998889013426378,
        0.00596903299447149,
        0.005958173016551882,
        0.00811562899616547,
        0.00811591898673214,
        0.00815626501571387,
        0.008134755014907569,
        0.008170992019586265,
        0.008139031997416168,
        0.00812549699912779
      ]
    },
    "backward": {
      "mean_seconds": 0.9163784351001959,
      "stdev_seconds": 0.010286435319876863,
      "min_seconds": 0.8652433280076366,
      "max_seconds": 0.9302402309840545,
      "timings_seconds": [
        0.9226264629978687,
        0.920246390014654,
        0.9107313370041084,
        0.9199761939817108,
        0.9248528390016872,
        0.922258142993087,
        0.9112306640017778,
        0.9148517640132923,
        0.9212134140252601,
        0.9241633159981575,
        0.914916906011058,
        0.9136909669905435,
        0.9249772309849504,
        0.9240525570057798,
        0.9217439889907837,
        0.9094322609889787,
        0.9127159689960536,
        0.9246282169769984,
        0.9242281260085292,
        0.913546526018763,
        0.9157682420045603,
        0.9256094669981394,
        0.92538287199568,
        0.9138781579968054,
        0.9134964430122636,
        0.9184008989832364,
        0.9244586289860308,
        0.9149386970093474,
        0.913737304013921,
        0.9244945259997621,
        0.9240976719884202,
        0.9201201630057767,
        0.9097697350080125,
        0.9137812560074963,
        0.9235948890272994,
        0.919619624997722,
        0.9153763479844201,
        0.9165329859824851,
        0.9245986210007686,
        0.9199566770112142,
        0.9112460020114668,
        0.91612637398066,
        0.924088955973275,
        0.9242815370089374,
        0.917083628999535,
        0.9131741580204107,
        0.9232178919774015,
        0.9244239139952697,
        0.9196789659908973,
        0.9137627120071556,
        0.9132704389921855,
        0.9184166689810809,
        0.924564047018066,
        0.9158373520185705,
        0.9130992680147756,
        0.9231210410071071,
        0.924549830990145,
        0.9159571070049424,
        0.9122642209986225,
        0.9198334559914656,
        0.9246612490096595,
        0.916507129004458,
        0.9128249539935496,
        0.9249624640215188,
        0.9240047079802025,
        0.9191978739982005,
        0.9087957180163357,
        0.9145118769956753,
        0.9248694799898658,
        0.9197703770187218,
        0.915479741001036,
        0.9164296329836361,
        0.925500503013609,
        0.9236759009945672,
        0.9108865279995371,
        0.911850927019259,
        0.9245117389946245,
        0.9208603519946337,
        0.9132680839975365,
        0.916356325004017,
        0.9255082170129754,
        0.9242186089977622,
        0.9119196259998716,
        0.9142788799945265,
        0.9185500190069433,
        0.9246217850013636,
        0.9196566340106074,
        0.9127548620162997,
        0.9175523279991467,
        0.9249768709996715,
        0.9302402309840545,
        0.916098511981545,
        0.9125973070040345,
        0.890881453990005,
        0.8652433280076366,
        0.8909023239975795,
        0.8904878559987992,
        0.8905697199807037,
        0.8850053260102868,
        0.8811600049957633
      ],
      "memory_allocated_before_backward": {
        "mean_bytes": 92667904.0,
        "max_bytes": 92667904,
        "mean_gb": 0.0863037109375,
        "max_gb": 0.0863037109375
      },
      "memory_reserved_before_backward": {
        "mean_bytes": 201326592.0,
        "max_bytes": 201326592,
        "mean_gb": 0.1875,
        "max_gb": 0.1875
      }
    },
    "attention_scores_bytes": 2147483648
  },
  {
    "config": {
      "implementation": "flash_triton",
      "batch_size": 8,
      "d_model": 64,
      "sequence_length": 16384,
      "warmup_steps": 10,
      "measure_steps": 100,
      "device": "cuda:0",
      "dtype": "fp32",
      "is_causal": false,
      "campaign": "assignment_attention_full",
      "output_root": "data/section1_2"
    },
    "status": "ok",
    "forward": {
      "mean_seconds": 0.02196290604013484,
      "stdev_seconds": 0.002649543324678768,
      "min_seconds": 0.019178765011020005,
      "max_seconds": 0.025817874004133046,
      "timings_seconds": [
        0.019331311021232978,
        0.02572541098925285,
        0.02397937700152397,
        0.02559971497976221,
        0.019685114006279036,
        0.019178765011020005,
        0.019257350999396294,
        0.0215073199942708,
        0.025683532003313303,
        0.024077009002212435,
        0.023905287991510704,
        0.019221263995859772,
        0.01922944001853466,
        0.019309869996504858,
        0.02357581999967806,
        0.02568872200208716,
        0.02393245798884891,
        0.021844392991624773,
        0.019252141995821148,
        0.019252030993811786,
        0.019312755001010373,
        0.02570924098836258,
        0.023981911974260584,
        0.025548017991241068,
        0.019631442992249504,
        0.01920425202115439,
        0.01925006799865514,
        0.021501069015357643,
        0.025772269000299275,
        0.024069806007901207,
        0.023902752000140026,
        0.01921474197297357,
        0.019202318013412878,
        0.019318035017931834,
        0.02357849502004683,
        0.025759774987818673,
        0.024002941005164757,
        0.021781975985504687,
        0.019186468998668715,
        0.01923122300649993,
        0.019330559007357806,
        0.025756759016076103,
        0.02411462998134084,
        0.02559555700281635,
        0.019639739010017365,
        0.019194493012037128,
        0.019236963998991996,
        0.02149709197692573,
        0.025753203022759408,
        0.024007689993595704,
        0.02388685301411897,
        0.019237134023569524,
        0.019218678993638605,
        0.019322825013659894,
        0.023580517998198047,
        0.025755796988960356,
        0.02387489000102505,
        0.02177700598258525,
        0.01919141798862256,
        0.019256550003774464,
        0.019350936985574663,
        0.02575131898629479,
        0.023985678009921685,
        0.02556990899029188,
        0.01965665101306513,
        0.01918811199720949,
        0.019268803007435054,
        0.021514374006073922,
        0.02577865100465715,
        0.02405547900707461,
        0.02392681801575236,
        0.01921945999492891,
        0.019245678995503113,
        0.019346728979144245,
        0.023541975999251008,
        0.025691235990962014,
        0.023854082013713196,
        0.02181324502453208,
        0.019243425980675966,
        0.019224029005272314,
        0.01937074397574179,
        0.025786466023419052,
        0.02407111899810843,
        0.02553669599001296,
        0.019573433994082734,
        0.01922298700083047,
        0.019303939014207572,
        0.021520926005905494,
        0.025817874004133046,
        0.023988984001334757,
        0.023810390004655346,
        0.019249617005698383,
        0.019262460991740227,
        0.019321721978485584,
        0.02360395298455842,
        0.0257937689893879,
        0.0239244939875789,
        0.021806401025969535,
        0.019215203006751835,
        0.019258584012277424
      ]
    },
    "backward": {
      "mean_seconds": 3.7158064921590266,
      "stdev_seconds": 0.05224120257475149,
      "min_seconds": 3.373873739998089,
      "max_seconds": 3.7440942529938184,
      "timings_seconds": [
        3.654243534023408,
        3.650935229990864,
        3.6445058040262666,
        3.646224677009741,
        3.6486955799919087,
        3.6458369090105407,
        3.6460627829947043,
        3.65140973898815,
        3.6459091950091533,
        3.6433649540122133,
        3.654317512002308,
        3.6515193649975117,
        3.4440748920023907,
        3.373873739998089,
        3.735393628012389,
        3.7358175329864025,
        3.7302507529966533,
        3.733031948999269,
        3.732221779995598,
        3.727958925999701,
        3.732063322997419,
        3.733618458994897,
        3.7233094770053867,
        3.7347427170025185,
        3.740783744986402,
        3.726142188999802,
        3.7335842850152403,
        3.7363371170067694,
        3.7303759880014695,
        3.7373316119774245,
        3.7371405829908326,
        3.728224874008447,
        3.731801601999905,
        3.7296287470089737,
        3.734543122991454,
        3.7336734120035544,
        3.725409255013801,
        3.7330248249927536,
        3.734692392987199,
        3.723396209999919,
        3.7337281450163573,
        3.7390387119958177,
        3.7250130720203742,
        3.7337616970180534,
        3.734592534980038,
        3.730569341016235,
        3.7311199539981317,
        3.7410375110048335,
        3.7241547819867264,
        3.732677193998825,
        3.7308245899912436,
        3.7282711309962906,
        3.730833666981198,
        3.7332987490226515,
        3.73876502001076,
        3.7304769870243035,
        3.7327814089949243,
        3.735865372000262,
        3.7304367020260543,
        3.7280233060009778,
        3.732658047985751,
        3.7414753019984346,
        3.730160243983846,
        3.737594064004952,
        3.7312864149862435,
        3.7309429319866467,
        3.733279883977957,
        3.7321311400155537,
        3.7270877019909676,
        3.734795705997385,
        3.7375846059876494,
        3.7250244230090175,
        3.727986748010153,
        3.7351645779854152,
        3.7320554069883656,
        3.731791272992268,
        3.737488756974926,
        3.7254556519910693,
        3.7326402239850722,
        3.737199645023793,
        3.732822366000619,
        3.7317565369885415,
        3.731633025978226,
        3.728525979007827,
        3.7316223259840626,
        3.725968523998745,
        3.7344910350220744,
        3.7323471450072248,
        3.7338835959963035,
        3.7382961899857037,
        3.730189778987551,
        3.7328141599718947,
        3.7319416539976373,
        3.731402542995056,
        3.7440942529938184,
        3.723187928990228,
        3.7383236919995397,
        3.735133540001698,
        3.7283400610031094,
        3.7293298360018525
      ],
      "memory_allocated_before_backward": {
        "mean_bytes": 176816128.0,
        "max_bytes": 176816128,
        "mean_gb": 0.1646728515625,
        "max_gb": 0.1646728515625
      },
      "memory_reserved_before_backward": {
        "mean_bytes": 503316480.0,
        "max_bytes": 503316480,
        "mean_gb": 0.46875,
        "max_gb": 0.46875
      }
    },
    "attention_scores_bytes": 8589934592
  },
  {
    "config": {
      "implementation": "flash_triton",
      "batch_size": 8,
      "d_model": 128,
      "sequence_length": 256,
      "warmup_steps": 10,
      "measure_steps": 100,
      "device": "cuda:0",
      "dtype": "fp32",
      "is_causal": false,
      "campaign": "assignment_attention_full",
      "output_root": "data/section1_2"
    },
    "status": "ok",
    "forward": {
      "mean_seconds": 0.005719479540421162,
      "stdev_seconds": 0.0010201703214009366,
      "min_seconds": 0.004533470986643806,
      "max_seconds": 0.006755618000170216,
      "timings_seconds": [
        0.006691618997137994,
        0.0067496770061552525,
        0.00664013100322336,
        0.006692549999570474,
        0.00673421798273921,
        0.0067177669843658805,
        0.006671851995633915,
        0.006719589990098029,
        0.006737182993674651,
        0.0067256919865030795,
        0.0067276360059622675,
        0.0066434180189389735,
        0.0045768520212732255,
        0.0046881210000719875,
        0.004729779000626877,
        0.0046834819950163364,
        0.005043076991569251,
        0.00454520300263539,
        0.004549361008685082,
        0.004567965981550515,
        0.004561614012345672,
        0.004564279020996764,
        0.004652374016586691,
        0.004586030001519248,
        0.006691527989460155,
        0.006720081000821665,
        0.006721243989886716,
        0.006729359010932967,
        0.006728006002958864,
        0.0050186509906779975,
        0.006699733989080414,
        0.006644298991886899,
        0.0066730039834510535,
        0.004933190997689962,
        0.004644089000066742,
        0.004672180977649987,
        0.004669426998589188,
        0.0045676149893552065,
        0.0045844269916415215,
        0.004578585008857772,
        0.004534683015663177,
        0.004546215001028031,
        0.006704030995024368,
        0.006677973025944084,
        0.006646974012255669,
        0.006705603998852894,
        0.006656623008893803,
        0.0066406129917595536,
        0.006686509004794061,
        0.006722175021423027,
        0.00673246500082314,
        0.006750027008820325,
        0.006707608001306653,
        0.006442190002417192,
        0.004687078995630145,
        0.0047256020188797265,
        0.004681809979956597,
        0.005058666021795943,
        0.004533470986643806,
        0.004549972014501691,
        0.004572915000608191,
        0.0045630969980265945,
        0.004559850989608094,
        0.004660509992390871,
        0.0045820020022802055,
        0.0067046930198557675,
        0.00670519401319325,
        0.006755618000170216,
        0.006706226005917415,
        0.006731653003953397,
        0.005055941001046449,
        0.00663814801373519,
        0.006648457027040422,
        0.00665392802329734,
        0.004955331998644397,
        0.004645983019145206,
        0.004662834020564333,
        0.004662723978981376,
        0.004560982983093709,
        0.004578996973577887,
        0.0045728450058959424,
        0.004535655985819176,
        0.004553128004772589,
        0.0066763299982994795,
        0.006676791002973914,
        0.006645871995715424,
        0.006716253992635757,
        0.0066412430023774505,
        0.006710462999762967,
        0.006671159993857145,
        0.006720561999827623,
        0.006715111987432465,
        0.006724750972352922,
        0.006707398017169908,
        0.006524335010908544,
        0.004676860000472516,
        0.004727755003841594,
        0.0047121469979174435,
        0.0050301219744142145,
        0.004538901994237676
      ]
    },
    "backward": {
      "mean_seconds": 0.0057619825599249455,
      "stdev_seconds": 0.001052132862573202,
      "min_seconds": 0.004171953012701124,
      "max_seconds": 0.006881835026433691,
      "timings_seconds": [
        0.004601238004397601,
        0.004572593985358253,
        0.006772950990125537,
        0.006861647008918226,
        0.0068212310143280774,
        0.006827082019299269,
        0.006839674984803423,
        0.006618881016038358,
        0.004858692002017051,
        0.0051571709918789566,
        0.004316474020015448,
        0.004709620989160612,
        0.004696967982454225,
        0.006790282990550622,
        0.006854233011836186,
        0.006844755000201985,
        0.006807655998272821,
        0.0068183149851392955,
        0.004772610001964495,
        0.004770936007844284,
        0.0047065760008990765,
        0.004691317008109763,
        0.00685118799447082,
        0.006836991000454873,
        0.006700775003992021,
        0.006735500996001065,
        0.006812844978412613,
        0.006803127005696297,
        0.004792908002855256,
        0.004794411011971533,
        0.0046262760006356984,
        0.004171953012701124,
        0.004640281986212358,
        0.004652645002352074,
        0.006801524985348806,
        0.006747382984030992,
        0.005078173009678721,
        0.006749616994056851,
        0.005084443982923403,
        0.004743725003208965,
        0.004670849011745304,
        0.004674795985920355,
        0.004336491983849555,
        0.006814738997491077,
        0.006838183006038889,
        0.006816692999564111,
        0.006872016005218029,
        0.0067878290137741715,
        0.00645415298640728,
        0.0048162820166908205,
        0.0050483570084907115,
        0.004614151985151693,
        0.004187241982435808,
        0.0047051539877429605,
        0.006768391991499811,
        0.006811041996115819,
        0.0068560570070985705,
        0.006839386012870818,
        0.006742102996213362,
        0.004718067997600883,
        0.004636054014554247,
        0.004671920993132517,
        0.00463331799255684,
        0.006461707002017647,
        0.006784893019357696,
        0.006841769994935021,
        0.00681956802145578,
        0.00686558400047943,
        0.006722686986904591,
        0.004747141996631399,
        0.004754124995088205,
        0.004594555008225143,
        0.004569037992041558,
        0.004586650989949703,
        0.004235231986967847,
        0.006881835026433691,
        0.00687951099826023,
        0.005173651996301487,
        0.006802766991313547,
        0.005137243017088622,
        0.0047789509990252554,
        0.004681939986767247,
        0.004691277019446716,
        0.004660500009777024,
        0.0062172590114641935,
        0.006769914994947612,
        0.006814888998633251,
        0.006821741990279406,
        0.006856627005618066,
        0.006643517990596592,
        0.004820748989004642,
        0.005140049004694447,
        0.004649008013075218,
        0.004645261011319235,
        0.0047648650070186704,
        0.006504096993012354,
        0.00678063600207679,
        0.006812224019085988,
        0.006817854999098927,
        0.006820980983320624
      ],
      "memory_allocated_before_backward": {
        "mean_bytes": 13770752.0,
        "max_bytes": 13770752,
        "mean_gb": 0.01282501220703125,
        "max_gb": 0.01282501220703125
      },
      "memory_reserved_before_backward": {
        "mean_bytes": 503316480.0,
        "max_bytes": 503316480,
        "mean_gb": 0.46875,
        "max_gb": 0.46875
      }
    },
    "attention_scores_bytes": 2097152
  },
  {
    "config": {
      "implementation": "flash_triton",
      "batch_size": 8,
      "d_model": 128,
      "sequence_length": 1024,
      "warmup_steps": 10,
      "measure_steps": 100,
      "device": "cuda:0",
      "dtype": "fp32",
      "is_causal": false,
      "campaign": "assignment_attention_full",
      "output_root": "data/section1_2"
    },
    "status": "ok",
    "forward": {
      "mean_seconds": 0.0057728125611902215,
      "stdev_seconds": 0.0010239807412597746,
      "min_seconds": 0.004595236998284236,
      "max_seconds": 0.006846950011095032,
      "timings_seconds": [
        0.006747712992364541,
        0.006726633990183473,
        0.0067864860175177455,
        0.00672414997825399,
        0.006794251006795093,
        0.006719661003444344,
        0.006816792010795325,
        0.0067754250194411725,
        0.006804129021475092,
        0.006812845007516444,
        0.00654476199997589,
        0.004759054019814357,
        0.004793067986611277,
        0.00474869497702457,
        0.005114700994454324,
        0.004615465004462749,
        0.004613602010067552,
        0.004643457010388374,
        0.004627476999303326,
        0.004628608992788941,
        0.0047201020061038435,
        0.00464575199293904,
        0.006774374021915719,
        0.006781838019378483,
        0.00680085300700739,
        0.006798057002015412,
        0.006803537980886176,
        0.005096466979011893,
        0.006790364015614614,
        0.006765506986994296,
        0.006800913019105792,
        0.0051551870128605515,
        0.004718277981737629,
        0.004737995011964813,
        0.004732483997941017,
        0.0046389489725697786,
        0.004654557997127995,
        0.004643477004719898,
        0.004619503015419468,
        0.004619984014425427,
        0.006759946001693606,
        0.00674340600380674,
        0.006716795003740117,
        0.006786837009713054,
        0.006762069999240339,
        0.006724319013301283,
        0.0067641740024555475,
        0.006846950011095032,
        0.0067622310016304255,
        0.0068016150034964085,
        0.006781296979170293,
        0.006610896991332993,
        0.004753504006657749,
        0.004798627982381731,
        0.004769243998453021,
        0.005116495012771338,
        0.004595236998284236,
        0.00462899002013728,
        0.004633178003132343,
        0.004647755005862564,
        0.004623370012268424,
        0.0047348689986392856,
        0.004625394009053707,
        0.006778430979466066,
        0.006789942010072991,
        0.006796004017814994,
        0.006816601991886273,
        0.006798548012739047,
        0.005110022000735626,
        0.006762179982615635,
        0.00671562401112169,
        0.00675780198071152,
        0.005025533988373354,
        0.004718557989690453,
        0.004736812988994643,
        0.00474071002099663,
        0.004635563003830612,
        0.004653015988878906,
        0.0046395800018217415,
        0.004611527983797714,
        0.004612919990904629,
        0.006767030019545928,
        0.006750148022547364,
        0.006718449003528804,
        0.006792757980292663,
        0.0067620100162457675,
        0.00679420999949798,
        0.006749275984475389,
        0.006791414984036237,
        0.006818777008447796,
        0.006800703005865216,
        0.006799740978749469,
        0.006606999988434836,
        0.0047771980171091855,
        0.0048038079985417426,
        0.004749306011945009,
        0.00512778598931618,
        0.004611517011653632,
        0.004625283996574581,
        0.0046531060070265085
      ]
    },
    "backward": {
      "mean_seconds": 0.015021396879747044,
      "stdev_seconds": 0.001987223460391339,
      "min_seconds": 0.012335050996625796,
      "max_seconds": 0.017423042008886114,
      "timings_seconds": [
        0.017287397990003228,
        0.013238926010672003,
        0.013360904005821794,
        0.012870484992163256,
        0.012965191999683157,
        0.017265796981519088,
        0.015636441996321082,
        0.017217176005942747,
        0.013095016009174287,
        0.01292787300189957,
        0.012848924001445994,
        0.01711682800669223,
        0.0172336469986476,
        0.017327101988485083,
        0.017252693010959774,
        0.013184573006583378,
        0.012967275979463011,
        0.012907114025438204,
        0.012996981997275725,
        0.017276856990065426,
        0.015624208986992016,
        0.017182009993121028,
        0.013100195996230468,
        0.012940115993842483,
        0.012791387009201571,
        0.017194332991493866,
        0.01731412799563259,
        0.0168207929818891,
        0.017207708006026223,
        0.013211395009420812,
        0.012784403981640935,
        0.012879782996606082,
        0.015017971978522837,
        0.01734282198594883,
        0.01557335298275575,
        0.015576178004266694,
        0.01313463001861237,
        0.012335050996625796,
        0.015079027012689039,
        0.017224910989170894,
        0.01731367700267583,
        0.017331178998574615,
        0.015021708997664973,
        0.0131897340179421,
        0.012810241983970627,
        0.012870075006503612,
        0.015103042009286582,
        0.017324496991932392,
        0.015295883000362664,
        0.015690824016928673,
        0.013142124022124335,
        0.012896192987682298,
        0.015064728999277577,
        0.017201276001287624,
        0.017285734007600695,
        0.017373748996760696,
        0.015074498020112514,
        0.013528609008062631,
        0.01286875200457871,
        0.012498237018007785,
        0.017279583000345156,
        0.017346377979265526,
        0.01722598198102787,
        0.013472924008965492,
        0.012969770992640406,
        0.012873400002717972,
        0.01723658200353384,
        0.017255787999602035,
        0.01729713601525873,
        0.016947611002251506,
        0.01316692100954242,
        0.013390370004344732,
        0.012879871996119618,
        0.012952609016792849,
        0.017285904992604628,
        0.015664525009924546,
        0.017256499995710328,
        0.013070190005237237,
        0.012917933985590935,
        0.01284316400415264,
        0.016807267005788162,
        0.017350166017422453,
        0.017399839009158313,
        0.01721439100219868,
        0.013147755002137274,
        0.013357238000025973,
        0.012840006995247677,
        0.01297375897411257,
        0.01731110201217234,
        0.01563607098069042,
        0.01713314899825491,
        0.012656111997785047,
        0.012914978986373171,
        0.012914286984596401,
        0.01719976298045367,
        0.01726987399160862,
        0.017423042008886114,
        0.01705574299558066,
        0.013182229013182223,
        0.012823396013118327
      ],
      "memory_allocated_before_backward": {
        "mean_bytes": 29523968.0,
        "max_bytes": 29523968,
        "mean_gb": 0.027496337890625,
        "max_gb": 0.027496337890625
      },
      "memory_reserved_before_backward": {
        "mean_bytes": 503316480.0,
        "max_bytes": 503316480,
        "mean_gb": 0.46875,
        "max_gb": 0.46875
      }
    },
    "attention_scores_bytes": 33554432
  },
  {
    "config": {
      "implementation": "flash_triton",
      "batch_size": 8,
      "d_model": 128,
      "sequence_length": 4096,
      "warmup_steps": 10,
      "measure_steps": 100,
      "device": "cuda:0",
      "dtype": "fp32",
      "is_causal": false,
      "campaign": "assignment_attention_full",
      "output_root": "data/section1_2"
    },
    "status": "ok",
    "forward": {
      "mean_seconds": 0.006597484801604878,
      "stdev_seconds": 0.0010301059769932737,
      "min_seconds": 0.0055174070002976805,
      "max_seconds": 0.00775675498880446,
      "timings_seconds": [
        0.005979492998449132,
        0.007654043001821265,
        0.007670282997423783,
        0.007730136014288291,
        0.00605482401442714,
        0.005636369984131306,
        0.005652539985021576,
        0.005646889010677114,
        0.0055464009928982705,
        0.005576185998506844,
        0.005553715018322691,
        0.005526644003111869,
        0.005526623979676515,
        0.007691283011808991,
        0.00775675498880446,
        0.007708685006946325,
        0.007691453996812925,
        0.007725307019427419,
        0.007653681997908279,
        0.0076770560117438436,
        0.007726178009761497,
        0.007745033013634384,
        0.007726809999439865,
        0.007746446004603058,
        0.007705710013397038,
        0.005837115983013064,
        0.005660435010213405,
        0.00570094000431709,
        0.005662228009896353,
        0.006037190993083641,
        0.005522565974388272,
        0.005521694984054193,
        0.005549816996790469,
        0.005547603010199964,
        0.005547421984374523,
        0.005617554008495063,
        0.005560877994867042,
        0.007713995000813156,
        0.007698044995777309,
        0.007726058014668524,
        0.0077354950190056115,
        0.0077198370127007365,
        0.006019377993652597,
        0.00765087699983269,
        0.007648622995475307,
        0.007687295001232997,
        0.0059987090062350035,
        0.005644926015520468,
        0.005649394006468356,
        0.005656185996485874,
        0.00555309301125817,
        0.005570926994550973,
        0.005548004002775997,
        0.0055174070002976805,
        0.005522235005628318,
        0.007687745994189754,
        0.0077030149986967444,
        0.007680573005927727,
        0.007693227002164349,
        0.007735927007161081,
        0.007633633998921141,
        0.007699177018366754,
        0.007685450982535258,
        0.007737709995126352,
        0.007722982001723722,
        0.007728863012744114,
        0.007687075005378574,
        0.005762396001955494,
        0.005668950994731858,
        0.005702161986846477,
        0.005654313019476831,
        0.006039564992533997,
        0.00552557100309059,
        0.005529579997528344,
        0.005551039008423686,
        0.005546981992665678,
        0.00554189199465327,
        0.005631439998978749,
        0.005558503995416686,
        0.007713605009485036,
        0.007721859990851954,
        0.007721049012616277,
        0.007739923981716856,
        0.007739313005004078,
        0.0060242670006118715,
        0.007651088002603501,
        0.007637342001544312,
        0.007696773012867197,
        0.005983519979054108,
        0.005645114986691624,
        0.005663640011334792,
        0.005667868012096733,
        0.005551490990910679,
        0.0055577619932591915,
        0.005545599007746205,
        0.005521434010006487,
        0.005529459012905136,
        0.007685492018936202,
        0.007670493010664359,
        0.00763913500122726
      ]
    },
    "backward": {
      "mean_seconds": 0.2506758613899001,
      "stdev_seconds": 0.00931278310005307,
      "min_seconds": 0.23555026698159054,
      "max_seconds": 0.2629099320038222,
      "timings_seconds": [
        0.24731885601067916,
        0.2592674420156982,
        0.23982685699593276,
        0.26251580397365615,
        0.2511084229918197,
        0.2402730239846278,
        0.2624487380089704,
        0.23892837300081737,
        0.2605674600054044,
        0.2531092749850359,
        0.2381219800154213,
        0.262301431997912,
        0.2385275400010869,
        0.2606048300222028,
        0.25309657998150215,
        0.2382365649973508,
        0.262309757003095,
        0.23896256598527543,
        0.2607324300042819,
        0.25302056802320294,
        0.23798199801240116,
        0.25992155901622027,
        0.24117535600089468,
        0.25855297199450433,
        0.25781653201556765,
        0.23577674198895693,
        0.258343961002538,
        0.24316715999157168,
        0.25669208299950697,
        0.2581635430105962,
        0.23628097798791714,
        0.25830399501137435,
        0.24290137199568562,
        0.2562233539938461,
        0.2579342119861394,
        0.23581809998722747,
        0.25870166200911626,
        0.24326526498771273,
        0.25668781498097815,
        0.25786967200110666,
        0.23555026698159054,
        0.25791752099758014,
        0.2454424379975535,
        0.25426029300433584,
        0.25975150999147445,
        0.23574186698533595,
        0.25629495800239965,
        0.24540432600770146,
        0.25393417198210955,
        0.2600956749811303,
        0.23587039799895138,
        0.25608262000605464,
        0.2460785000002943,
        0.2541406780073885,
        0.2593368430098053,
        0.23805826099123806,
        0.2538911610026844,
        0.2474920510139782,
        0.25151365299825557,
        0.26269908700487576,
        0.23815191601170227,
        0.2538765330100432,
        0.2477143080031965,
        0.25176009399001487,
        0.26274385198485106,
        0.23777505999896675,
        0.2539195440185722,
        0.2573506580083631,
        0.24192965001566336,
        0.2629099320038222,
        0.2509784080029931,
        0.24037727899849415,
        0.2600194920087233,
        0.24015442101517692,
        0.26284139399649575,
        0.2514518660027534,
        0.23976337802014314,
        0.25944470398826525,
        0.23975095499190502,
        0.2624725929927081,
        0.2510211789922323,
        0.24057377700228244,
        0.25982799398479983,
        0.2395867970190011,
        0.2608380170131568,
        0.25278886398882605,
        0.23748562700347975,
        0.2616266969998833,
        0.23925043601775542,
        0.2603070320037659,
        0.25335438500042073,
        0.2388163619907573,
        0.26169930200558156,
        0.2389933640079107,
        0.26037317598820664,
        0.25289468199480325,
        0.23818627098808065,
        0.2617198509979062,
        0.24324590800097212,
        0.2571972709847614
      ],
      "memory_allocated_before_backward": {
        "mean_bytes": 92536832.0,
        "max_bytes": 92536832,
        "mean_gb": 0.086181640625,
        "max_gb": 0.086181640625
      },
      "memory_reserved_before_backward": {
        "mean_bytes": 503316480.0,
        "max_bytes": 503316480,
        "mean_gb": 0.46875,
        "max_gb": 0.46875
      }
    },
    "attention_scores_bytes": 536870912
  },
  {
    "config": {
      "implementation": "flash_triton",
      "batch_size": 8,
      "d_model": 128,
      "sequence_length": 8192,
      "warmup_steps": 10,
      "measure_steps": 100,
      "device": "cuda:0",
      "dtype": "fp32",
      "is_causal": false,
      "campaign": "assignment_attention_full",
      "output_root": "data/section1_2"
    },
    "status": "ok",
    "forward": {
      "mean_seconds": 0.01512695975950919,
      "stdev_seconds": 0.0019608713095209634,
      "min_seconds": 0.012888899014797062,
      "max_seconds": 0.017328054003883153,
      "timings_seconds": [
        0.012985380017198622,
        0.012896263011498377,
        0.017207097000209615,
        0.017108472995460033,
        0.017215341998962685,
        0.01718401300604455,
        0.017316151992417872,
        0.01718699900084175,
        0.01305010201758705,
        0.013226723007392138,
        0.013410196988843381,
        0.012942269997438416,
        0.012944374000653625,
        0.013066703017102554,
        0.017258673993637785,
        0.017219870002008975,
        0.015553766977973282,
        0.017168354999739677,
        0.015448277990799397,
        0.013143627002136782,
        0.013065690989606082,
        0.012971143994946033,
        0.012912644015159458,
        0.017223898001248017,
        0.017204140982357785,
        0.0172171360172797,
        0.01721421000547707,
        0.017328054003883153,
        0.017284392000874504,
        0.013385971979005262,
        0.01326226000674069,
        0.013436487002763897,
        0.01295279897749424,
        0.01295215799473226,
        0.013057425996521488,
        0.01726426399545744,
        0.017270074982661754,
        0.015563545020995662,
        0.017110585991758853,
        0.015532546996837482,
        0.013133167987689376,
        0.013057085016043857,
        0.012986642977921292,
        0.012888899014797062,
        0.017276556987781078,
        0.017158836009912193,
        0.017254245991352946,
        0.017226964992005378,
        0.017299260012805462,
        0.017262642009882256,
        0.013275795005029067,
        0.013262299995403737,
        0.013424103002762422,
        0.012931599980220199,
        0.012948151008458808,
        0.0130793470016215,
        0.017282798973610625,
        0.01722708498709835,
        0.015563344990368932,
        0.017167022015200928,
        0.015519653010414913,
        0.013153064996004105,
        0.01305885799229145,
        0.012974571000086144,
        0.01289913902292028,
        0.01718505600001663,
        0.017178072012029588,
        0.017152785003418103,
        0.017141384014394134,
        0.017290824005613104,
        0.01705248700454831,
        0.013244977977592498,
        0.01359184700413607,
        0.012892065977212042,
        0.012955234007677063,
        0.013042487989878282,
        0.015111307002371177,
        0.01727298100013286,
        0.01728087500669062,
        0.015501838992349803,
        0.017170970008010045,
        0.013495316990884021,
        0.013156971981516108,
        0.012976242986042053,
        0.012922583002364263,
        0.015057295997394249,
        0.01723607099847868,
        0.017192439001519233,
        0.01717606800957583,
        0.017317554011242464,
        0.017296464007813483,
        0.015368950000265613,
        0.013238896004622802,
        0.013584964006440714,
        0.012912112986668944,
        0.012942820001626387,
        0.013036766991717741,
        0.0151148030126933,
        0.017260927997995168,
        0.017290313000557944
      ]
    },
    "backward": {
      "mean_seconds": 1.0036272507000832,
      "stdev_seconds": 0.08602535897293334,
      "min_seconds": 0.7248773009923752,
      "max_seconds": 1.0456969069782645,
      "timings_seconds": [
        1.006926995003596,
        0.9789251049805898,
        1.0186058550025336,
        1.0401462990266737,
        1.0301267800095957,
        1.030196720996173,
        1.030022963997908,
        1.032863381988136,
        1.0362740970158484,
        1.0198746550013311,
        1.0381415390002076,
        1.0291144009970594,
        1.0393252380017657,
        1.0235068559995852,
        1.0317921419919003,
        1.0375112980254926,
        1.0385888169985265,
        1.0248674070171546,
        1.0380997309985105,
        1.0292815749999136,
        1.0419344620022457,
        1.025022367015481,
        1.0419611819961574,
        1.0265472070022952,
        1.0420008869841695,
        1.0254850650089793,
        1.0397561769932508,
        1.0289009709958918,
        1.041314770001918,
        1.0243317229906097,
        1.0409412890148815,
        1.0299483550188597,
        1.0417626689886674,
        1.025159174023429,
        1.0405925549857784,
        1.025846232980257,
        1.0421565479773562,
        1.0252098689961713,
        1.0405740110145416,
        1.0243178670061752,
        1.0434865219867788,
        0.8874049159931019,
        0.7381244720018003,
        0.7388380210031755,
        0.7305746840138454,
        0.7248773009923752,
        0.7339933849871159,
        0.7411220330104697,
        0.7407012750045396,
        0.7416313180001453,
        0.750102613994386,
        0.9598974949913099,
        1.0367919580021407,
        1.0289715729886666,
        1.0338859790062997,
        1.035340976988664,
        1.036039066995727,
        1.0293734169972595,
        1.03383973200107,
        1.0377417099953163,
        1.0332612380152568,
        1.0270532859722152,
        1.0345130539790262,
        1.0352327449945733,
        1.035323874995811,
        1.025280512025347,
        1.0368309509940445,
        1.0309921620064415,
        1.038864845992066,
        1.0276295670191757,
        1.0360900319938082,
        1.032336382981157,
        1.037479346996406,
        1.0290076110104565,
        1.0344644940050784,
        1.0328821369912475,
        1.037645850010449,
        1.0250861170061398,
        1.0387002970091999,
        1.029613557009725,
        1.0422293549927417,
        1.0253523260180373,
        1.0396525420073885,
        1.024848581990227,
        1.0417579700006172,
        1.0256826260010712,
        1.0384658880066127,
        1.0256214310065843,
        1.0456969069782645,
        1.0253433390171267,
        1.0406676759885158,
        1.0235360710066743,
        1.0444913559767883,
        1.024764034023974,
        1.0423205560073256,
        1.0293912310153246,
        1.0413530209916644,
        1.0256677879951894,
        1.0404141399776563,
        1.0264864829950966
      ],
      "memory_allocated_before_backward": {
        "mean_bytes": 176553984.0,
        "max_bytes": 176553984,
        "mean_gb": 0.1644287109375,
        "max_gb": 0.1644287109375
      },
      "memory_reserved_before_backward": {
        "mean_bytes": 503316480.0,
        "max_bytes": 503316480,
        "mean_gb": 0.46875,
        "max_gb": 0.46875
      }
    },
    "attention_scores_bytes": 2147483648
  },
  {
    "config": {
      "implementation": "flash_triton",
      "batch_size": 8,
      "d_model": 128,
      "sequence_length": 16384,
      "warmup_steps": 10,
      "measure_steps": 100,
      "device": "cuda:0",
      "dtype": "fp32",
      "is_causal": false,
      "campaign": "assignment_attention_full",
      "output_root": "data/section1_2"
    },
    "status": "ok",
    "forward": {
      "mean_seconds": 0.059745424171560445,
      "stdev_seconds": 0.0060440968585318165,
      "min_seconds": 0.05099466600222513,
      "max_seconds": 0.06919411401031539,
      "timings_seconds": [
        0.06246915299561806,
        0.06688830000348389,
        0.052709240990225226,
        0.06278123799711466,
        0.05946068200864829,
        0.05817393900360912,
        0.06913130599423312,
        0.05480803700629622,
        0.05839240801287815,
        0.06340957601787522,
        0.054210646980209276,
        0.06919411401031539,
        0.0594196249730885,
        0.054145805013831705,
        0.06734712098841555,
        0.05265131199848838,
        0.0668613690068014,
        0.0631784430006519,
        0.052506521984469146,
        0.06525805298588239,
        0.056868450017645955,
        0.06251628100289963,
        0.06715588201768696,
        0.05273751498316415,
        0.06271679699420929,
        0.05943285999819636,
        0.05828905399539508,
        0.06914647499797866,
        0.0550181909929961,
        0.05850963800912723,
        0.06345664500258863,
        0.05421266099438071,
        0.068946238985518,
        0.05925922401365824,
        0.05411932498100214,
        0.06722607399569824,
        0.05262280901661143,
        0.06670633901376277,
        0.06306612200569361,
        0.05234835497685708,
        0.06741388599039055,
        0.05476723998435773,
        0.06461176101583987,
        0.06488366998382844,
        0.05263563399785198,
        0.06338139399304055,
        0.05908490699948743,
        0.060423667018767446,
        0.0691286509972997,
        0.05293578599230386,
        0.060597222996875644,
        0.06165783200412989,
        0.05628293301560916,
        0.06897550402209163,
        0.057016317994566634,
        0.05623014399316162,
        0.06569066399242729,
        0.052197230979800224,
        0.0688974579970818,
        0.06118105800123885,
        0.05411071999697015,
        0.06745116499951109,
        0.05271419099881314,
        0.06675002101110294,
        0.06296498299343511,
        0.05254314900957979,
        0.06523401802405715,
        0.05704103398602456,
        0.06253492701216601,
        0.06710610899608582,
        0.052610726008424535,
        0.06339362700236961,
        0.0590100160043221,
        0.060440147994086146,
        0.06904472401947714,
        0.05281760499929078,
        0.060618283023359254,
        0.06155221399967559,
        0.056300746015040204,
        0.06913225798052736,
        0.05734964300063439,
        0.05626193300122395,
        0.06564723199699074,
        0.052188835019478574,
        0.06896984300692566,
        0.06098291600937955,
        0.05240462001529522,
        0.06735082701197825,
        0.054749085975345224,
        0.06473562301835045,
        0.06491323601221666,
        0.05213212899980135,
        0.051005116023588926,
        0.05103141500148922,
        0.051026795990765095,
        0.051029181020567194,
        0.05099651901400648,
        0.05103849800070748,
        0.05099466600222513,
        0.0510188510234002
      ]
    },
    "backward": {
      "mean_seconds": 3.8189227679301982,
      "stdev_seconds": 0.31044873142061635,
      "min_seconds": 3.5123441420146264,
      "max_seconds": 4.147851154993987,
      "timings_seconds": [
        3.516423001012299,
        3.5164707700023428,
        3.5169309430057183,
        3.5163342939922586,
        3.5164074919885024,
        3.5173409520066343,
        3.5171396140067372,
        3.5167139059922192,
        3.5164356739842333,
        3.5154632000194397,
        3.5224485190119594,
        3.5159352059999947,
        3.516390599979786,
        3.51675980197615,
        3.5169646260037553,
        3.516980255022645,
        3.514789987995755,
        3.5161328059912194,
        3.516282978001982,
        3.5172528869879898,
        3.5146704140061047,
        3.516913339990424,
        3.5161033009935636,
        3.5156316369830165,
        3.5222081590036396,
        3.5162563780031633,
        3.5167353060096502,
        3.516465659980895,
        3.5175009420199785,
        3.517092226014938,
        3.5161509299941827,
        3.5169196919887327,
        3.517260120017454,
        3.517243228998268,
        3.516190535010537,
        3.5156546700163744,
        3.515944843995385,
        3.516352258011466,
        3.5159321799874306,
        3.5164713519916404,
        3.5165517319983337,
        3.516025634977268,
        3.517043644009391,
        3.516745885979617,
        3.5166213820048142,
        3.5170869459980167,
        3.5123441420146264,
        3.5163483009964693,
        3.5161845439870376,
        3.5166459990141448,
        3.5328069939860143,
        3.917580117005855,
        4.142452439991757,
        4.14223190699704,
        4.146050707990071,
        4.144350669987034,
        4.143019042996457,
        4.142293934011832,
        4.138121849973686,
        4.137853786989581,
        4.139566319005098,
        4.13616578100482,
        4.1363713780010585,
        4.134936536021996,
        4.131745722988853,
        4.135981636005454,
        4.124778358003823,
        4.128062906995183,
        4.134978785004932,
        4.13287710500299,
        4.1242336760042235,
        4.132392555999104,
        4.125412016001064,
        4.132503013010137,
        4.13221292902017,
        4.129240595008014,
        4.1335300900100265,
        4.142643338011112,
        4.132681557995966,
        4.137324906012509,
        4.134130444988841,
        4.134842199011473,
        4.135160145990085,
        4.134411260980414,
        4.136313227994833,
        4.136832132004201,
        4.137138585996581,
        4.140037031000247,
        4.143573231995106,
        4.141857645008713,
        4.146711918001529,
        4.145793184987269,
        4.146757723996416,
        4.147851154993987,
        4.141312103020027,
        4.1421313880127855,
        4.14760545300669,
        4.146329901996069,
        4.141070740006398,
        4.137123768014135
      ],
      "memory_allocated_before_backward": {
        "mean_bytes": 344588288.0,
        "max_bytes": 344588288,
        "mean_gb": 0.3209228515625,
        "max_gb": 0.3209228515625
      },
      "memory_reserved_before_backward": {
        "mean_bytes": 1107296256.0,
        "max_bytes": 1107296256,
        "mean_gb": 1.03125,
        "max_gb": 1.03125
      }
    },
    "attention_scores_bytes": 8589934592
  }
]
