[
  {
    "config": {
      "implementation": "flash_pytorch",
      "batch_size": 8,
      "d_model": 16,
      "sequence_length": 256,
      "warmup_steps": 10,
      "measure_steps": 100,
      "device": "cuda:0",
      "dtype": "fp32",
      "is_causal": false,
      "campaign": "assignment_attention_full",
      "output_root": "data/section1_2"
    },
    "status": "ok",
    "forward": {
      "mean_seconds": 0.008878748349961824,
      "stdev_seconds": 0.0015244917428098956,
      "min_seconds": 0.006939793995115906,
      "max_seconds": 0.012604845978785306,
      "timings_seconds": [
        0.009293848008383065,
        0.00925122800981626,
        0.011401971016312018,
        0.011412069987272844,
        0.011357788986060768,
        0.011331459012581035,
        0.011441004025982693,
        0.011411089013563469,
        0.011452876002294943,
        0.011409455008106306,
        0.011408723017666489,
        0.011488602991448715,
        0.010530907980864868,
        0.009273239003960043,
        0.007421867980156094,
        0.00722567000775598,
        0.0071436159778386354,
        0.0071506890235468745,
        0.007464708003681153,
        0.006990719004534185,
        0.0069761119957547635,
        0.007096176006598398,
        0.007544157007941976,
        0.009246580011676997,
        0.009342258999822661,
        0.00918341099168174,
        0.011366905004251748,
        0.009897039999486879,
        0.009164755989331752,
        0.011303696985123679,
        0.011407442012568936,
        0.010275709006236866,
        0.011281234998023137,
        0.0112783600052353,
        0.011251578980591148,
        0.009767777024535462,
        0.009301012003561482,
        0.009379698982229456,
        0.009386171004734933,
        0.009280512982513756,
        0.009300249977968633,
        0.008253236010205,
        0.006973386014578864,
        0.006994165014475584,
        0.009120503003941849,
        0.009122555988142267,
        0.009066883008927107,
        0.009103701013373211,
        0.009144027018919587,
        0.0090903059754055,
        0.009164395014522597,
        0.009106255980441347,
        0.009129568992648274,
        0.009163874987279996,
        0.009187118004774675,
        0.009168252989184111,
        0.007413561979774386,
        0.0071139899955596775,
        0.007164245005697012,
        0.007117486995412037,
        0.007482802000595257,
        0.007001068006502464,
        0.006973376992391422,
        0.006976353004574776,
        0.0070028320187702775,
        0.006985429004998878,
        0.0071053239807952195,
        0.007019804004812613,
        0.009146652009803802,
        0.009136323002167046,
        0.009152742975857109,
        0.009153453982435167,
        0.009150489000603557,
        0.007529269001679495,
        0.009165838011540473,
        0.009072732995264232,
        0.009112647996516898,
        0.007544657011749223,
        0.012604845978785306,
        0.00704326800769195,
        0.009113679989241064,
        0.009050722001120448,
        0.009100825991481543,
        0.009092720021726564,
        0.009099513001274318,
        0.009036354982526973,
        0.009080679010367021,
        0.009162392001599073,
        0.009157362015685067,
        0.009150679019512609,
        0.009092970984056592,
        0.0071827099891379476,
        0.007134358980692923,
        0.0071737419930286705,
        0.007098691014107317,
        0.007441324007231742,
        0.006947907997528091,
        0.006965542008401826,
        0.006939793995115906,
        0.007003071979852393
      ]
    },
    "backward": {
      "mean_seconds": 0.007994329808279872,
      "stdev_seconds": 0.0010368154914532004,
      "min_seconds": 0.006109676993219182,
      "max_seconds": 0.009087151003768668,
      "timings_seconds": [
        0.006805861979955807,
        0.006790523009840399,
        0.009022289013955742,
        0.00901473400881514,
        0.008988606015918776,
        0.008997561992146075,
        0.009008352004457265,
        0.009054839989403263,
        0.007275483018020168,
        0.006109676993219182,
        0.007355252979323268,
        0.0068877259909641,
        0.006929323979420587,
        0.00699713101494126,
        0.009062514000106603,
        0.009081950993277133,
        0.0090412340068724,
        0.009023631981108338,
        0.008770836982876062,
        0.006967966997763142,
        0.006920205982169136,
        0.006915788981132209,
        0.006840668007498607,
        0.008969458984211087,
        0.00882586999796331,
        0.008971584000391886,
        0.009012090013129637,
        0.009043950005434453,
        0.008846618991810828,
        0.007311280001886189,
        0.007040583004709333,
        0.00743314900319092,
        0.006835337990196422,
        0.006794291024561971,
        0.007004274026257917,
        0.00897984899347648,
        0.009056001988938078,
        0.00902261000010185,
        0.009009906003484502,
        0.008619322994491085,
        0.006966835004277527,
        0.006972273986320943,
        0.006908343988470733,
        0.006833465013187379,
        0.00901819099090062,
        0.008945975016104057,
        0.009030143992276862,
        0.008943862019805238,
        0.009001930011436343,
        0.009059478994458914,
        0.006944662978639826,
        0.00705877598375082,
        0.007343279983615503,
        0.006824176991358399,
        0.006847180018667132,
        0.006947337999008596,
        0.009029212000314146,
        0.00907874500262551,
        0.009028641012264416,
        0.009025263978401199,
        0.00865351699758321,
        0.006922871980350465,
        0.006928722985321656,
        0.006918352999491617,
        0.006224051001481712,
        0.009043729020049796,
        0.008766279002884403,
        0.009031225985381752,
        0.008898036001482978,
        0.009034862014232203,
        0.009053527988726273,
        0.006807584984926507,
        0.007063616008963436,
        0.0074055570003110915,
        0.006869873002870008,
        0.0068667460000142455,
        0.006963719002669677,
        0.009087151003768668,
        0.00895687600132078,
        0.009010506008053198,
        0.008904697984689847,
        0.00868669999181293,
        0.006892273988341913,
        0.006940774997929111,
        0.006864221999421716,
        0.0068340449943207204,
        0.008943770983023569,
        0.0089418179995846,
        0.008975700999144465,
        0.008991140988655388,
        0.008998795005027205,
        0.008902414003387094,
        0.006815450004069135,
        0.0069797380128875375,
        0.007192538003437221,
        0.006856035994132981,
        0.006798568996600807,
        0.006952617986826226,
        0.008947939990321174,
        0.009060821001185104
      ],
      "memory_allocated_before_backward": {
        "mean_bytes": 17702912.0,
        "max_bytes": 17702912,
        "mean_gb": 0.01648712158203125,
        "max_gb": 0.01648712158203125
      },
      "memory_reserved_before_backward": {
        "mean_bytes": 27262976.0,
        "max_bytes": 27262976,
        "mean_gb": 0.025390625,
        "max_gb": 0.025390625
      }
    },
    "attention_scores_bytes": 2097152
  },
  {
    "config": {
      "implementation": "flash_pytorch",
      "batch_size": 8,
      "d_model": 16,
      "sequence_length": 1024,
      "warmup_steps": 10,
      "measure_steps": 100,
      "device": "cuda:0",
      "dtype": "fp32",
      "is_causal": false,
      "campaign": "assignment_attention_full",
      "output_root": "data/section1_2"
    },
    "status": "ok",
    "forward": {
      "mean_seconds": 0.01771768110920675,
      "stdev_seconds": 0.002598894092325061,
      "min_seconds": 0.011783586989622563,
      "max_seconds": 0.023492464009905234,
      "timings_seconds": [
        0.018782330997055396,
        0.016598124988377094,
        0.017009256000164896,
        0.01632900000549853,
        0.016353576007531956,
        0.016458252997836098,
        0.018424590001814067,
        0.0206982140080072,
        0.020672486018156633,
        0.01897503199870698,
        0.020552670990582556,
        0.017010729003231972,
        0.016604517004452646,
        0.016366711002774537,
        0.016244411992374808,
        0.018443826003931463,
        0.02053710099426098,
        0.020613143977243453,
        0.020562007994158193,
        0.023492464009905234,
        0.017851506010629237,
        0.01874208598746918,
        0.016671221994329244,
        0.016935027000727132,
        0.016270129999611527,
        0.016354869003407657,
        0.016456580022349954,
        0.018435870995745063,
        0.02059384700260125,
        0.0206346950144507,
        0.018946468975627795,
        0.020555385999614373,
        0.01690665297792293,
        0.016592775005847216,
        0.016400724998675287,
        0.01631861098576337,
        0.018475646007573232,
        0.020584039011737332,
        0.020552039000904188,
        0.02062099799513817,
        0.020649322017561644,
        0.020716748986160383,
        0.01899068200145848,
        0.016694254998583347,
        0.016968248994089663,
        0.01631460399948992,
        0.01636894600233063,
        0.016437454003607854,
        0.018514427996706218,
        0.020692813995992765,
        0.020675211009802297,
        0.018939495988888666,
        0.020475155004533008,
        0.016892146988539025,
        0.01652558898786083,
        0.016408630006480962,
        0.016374205006286502,
        0.018446911999490112,
        0.02063308100332506,
        0.020517044002190232,
        0.02055435298825614,
        0.020656906010117382,
        0.02072945298277773,
        0.018908767990069464,
        0.016625196003587916,
        0.016944725008215755,
        0.01632978199631907,
        0.016368103999411687,
        0.016489041008753702,
        0.018545897997682914,
        0.020615337998606265,
        0.020637930021621287,
        0.018947489996207878,
        0.020514448988251388,
        0.016986503003863618,
        0.016540626995265484,
        0.016421103005995974,
        0.01632844898267649,
        0.01850133400876075,
        0.02055157901486382,
        0.02058120400761254,
        0.020567639003274962,
        0.020646396005759016,
        0.018957358988700435,
        0.014428406982915476,
        0.01276313400012441,
        0.01255391098675318,
        0.011783586989622563,
        0.011856833996716887,
        0.011932385998079553,
        0.01401197601808235,
        0.01619785398361273,
        0.016250814020168036,
        0.014421202999074012,
        0.01611001999117434,
        0.012424588989233598,
        0.012063581991242245,
        0.01187114100321196,
        0.01193239600979723,
        0.01835405797464773
      ]
    },
    "backward": {
      "mean_seconds": 0.018689988641126545,
      "stdev_seconds": 0.0021980479444708638,
      "min_seconds": 0.012312798993662,
      "max_seconds": 0.021313667995855212,
      "timings_seconds": [
        0.02110747099504806,
        0.021127637999597937,
        0.02095475498936139,
        0.017307124013314024,
        0.016686009999830276,
        0.019609071023296565,
        0.021236733999103308,
        0.01947158301481977,
        0.01746277601341717,
        0.016937692009378225,
        0.019030255993129686,
        0.021116328018251806,
        0.02127609701710753,
        0.019060471997363493,
        0.01746948901563883,
        0.016804803017294034,
        0.01907953800400719,
        0.021225200995104387,
        0.021045604982646182,
        0.017121306009357795,
        0.016895793000003323,
        0.02112507398123853,
        0.02107376800267957,
        0.020944093994330615,
        0.01721217599697411,
        0.016942651011049747,
        0.016871016996446997,
        0.021166952996281907,
        0.019510897021973506,
        0.017492222017608583,
        0.016897536988835782,
        0.01901624002493918,
        0.02114067299407907,
        0.02121931000147015,
        0.018953250983031467,
        0.017502750997664407,
        0.016901324008358642,
        0.019034783996175975,
        0.02113769800052978,
        0.021099747013067827,
        0.017118531017331406,
        0.016802117985207587,
        0.021066485001938418,
        0.02117796300444752,
        0.021313667995855212,
        0.017208079021656886,
        0.01681261698831804,
        0.017056634998880327,
        0.02123314599157311,
        0.01953738700831309,
        0.01754586200695485,
        0.016892688028747216,
        0.018890243984060362,
        0.021043180022388697,
        0.021178654016694054,
        0.019062036008108407,
        0.01741011699778028,
        0.016927482996834442,
        0.01895322199561633,
        0.02119330200366676,
        0.02090006199432537,
        0.017221404006704688,
        0.016861327982041985,
        0.02098126499913633,
        0.02101755197509192,
        0.02119714897708036,
        0.016569261002587155,
        0.01689523199456744,
        0.016944664996117353,
        0.02109325400670059,
        0.01955769502092153,
        0.01750786099000834,
        0.01627623100648634,
        0.018952529993839562,
        0.021106560016050935,
        0.021188793994951993,
        0.018856320006307214,
        0.01757532698684372,
        0.01689125399570912,
        0.01904519399977289,
        0.021183003002079204,
        0.021157574985409155,
        0.017093514004955068,
        0.016877459012903273,
        0.02109451699652709,
        0.021074469987070188,
        0.021199443988734856,
        0.016769926995038986,
        0.016805122984806076,
        0.01700714201433584,
        0.021219229995040223,
        0.017797323991544545,
        0.013399215997196734,
        0.012312798993662,
        0.014467870991211385,
        0.016596531990217045,
        0.016646756004774943,
        0.01445201100432314,
        0.012774275004630908,
        0.01674041201476939
      ],
      "memory_allocated_before_backward": {
        "mean_bytes": 19693568.0,
        "max_bytes": 19693568,
        "mean_gb": 0.018341064453125,
        "max_gb": 0.018341064453125
      },
      "memory_reserved_before_backward": {
        "mean_bytes": 29360128.0,
        "max_bytes": 29360128,
        "mean_gb": 0.02734375,
        "max_gb": 0.02734375
      }
    },
    "attention_scores_bytes": 33554432
  },
  {
    "config": {
      "implementation": "flash_pytorch",
      "batch_size": 8,
      "d_model": 16,
      "sequence_length": 4096,
      "warmup_steps": 10,
      "measure_steps": 100,
      "device": "cuda:0",
      "dtype": "fp32",
      "is_causal": false,
      "campaign": "assignment_attention_full",
      "output_root": "data/section1_2"
    },
    "status": "ok",
    "forward": {
      "mean_seconds": 0.22441083106998122,
      "stdev_seconds": 0.024405512066577536,
      "min_seconds": 0.16295976500259712,
      "max_seconds": 0.28473004000261426,
      "timings_seconds": [
        0.20649277899065055,
        0.2248873930075206,
        0.23391975002596155,
        0.2304035059933085,
        0.2333716720168013,
        0.2296159290126525,
        0.23213271898566745,
        0.21608395400107838,
        0.21600396401481703,
        0.18756833099178039,
        0.21968164001009427,
        0.20604607101995498,
        0.2420773779740557,
        0.26950953900814056,
        0.25929339102003723,
        0.28473004000261426,
        0.2583418570284266,
        0.21610601601423696,
        0.20996629202272743,
        0.21179308800492436,
        0.20586870799888857,
        0.20958482698188163,
        0.2056458900042344,
        0.20974593900609761,
        0.20568460298818536,
        0.20994947099825367,
        0.20578374798060395,
        0.20933531899936497,
        0.1955769590276759,
        0.16295976500259712,
        0.20310909298132174,
        0.20969921100186184,
        0.20627093300572596,
        0.2098909410124179,
        0.20589375498821028,
        0.2096333480149042,
        0.20592996300547384,
        0.20991465498809703,
        0.20602866800618358,
        0.20990492700366303,
        0.20579086197540164,
        0.20985612500226125,
        0.20605089998571202,
        0.20989834499778226,
        0.2057678189885337,
        0.20955859700916335,
        0.20581385502009653,
        0.21001687701209448,
        0.20584585599135607,
        0.18533265899168327,
        0.1674645619932562,
        0.20966187099111266,
        0.20629300398286432,
        0.20959718999802135,
        0.20605185101157986,
        0.20966234200750478,
        0.20594711499870755,
        0.20991916398634203,
        0.20598042799974792,
        0.20975174001068808,
        0.20593098498648033,
        0.20981102099176496,
        0.20594325801357627,
        0.20979505000286736,
        0.20574904399109073,
        0.2099615529878065,
        0.20425225698272698,
        0.20728430300368927,
        0.23376540999743156,
        0.22092991101089865,
        0.22468654499971308,
        0.24734739898121916,
        0.26199074898613617,
        0.2604235799808521,
        0.2642908320121933,
        0.26900056400336325,
        0.253836046991637,
        0.2427676520019304,
        0.23248491997946985,
        0.25432885097688995,
        0.2548330270219594,
        0.25474776700139046,
        0.25307426901417784,
        0.2544080699735787,
        0.2545091700158082,
        0.25434301799396053,
        0.2522622260148637,
        0.2537297279923223,
        0.2530342640238814,
        0.21250162599608302,
        0.25220195300062187,
        0.2547841359919403,
        0.2545174850092735,
        0.25471432399353944,
        0.25287640700116754,
        0.2547420159971807,
        0.2548945819726214,
        0.2524939209979493,
        0.25457167701097205,
        0.25456631599809043
      ]
    },
    "backward": {
      "mean_seconds": 0.29207014922023516,
      "stdev_seconds": 0.027484013999797312,
      "min_seconds": 0.23396952301845886,
      "max_seconds": 0.3713260160002392,
      "timings_seconds": [
        0.3418216290010605,
        0.33761464001145214,
        0.31410609601880424,
        0.3369193969992921,
        0.3343896229926031,
        0.30706553399795666,
        0.27545840400853194,
        0.2922882830025628,
        0.27663295599631965,
        0.26979641598882154,
        0.28466280398424715,
        0.23396952301845886,
        0.2775883479916956,
        0.28442526899743825,
        0.2772169320087414,
        0.2738780700019561,
        0.2884996889915783,
        0.28419886401388794,
        0.27721348498016596,
        0.2821283120138105,
        0.2431092519836966,
        0.27315855099004693,
        0.2882743069785647,
        0.2802131600037683,
        0.2747230149980169,
        0.3108169189945329,
        0.3036262739915401,
        0.313981432991568,
        0.2746582129911985,
        0.2743620680121239,
        0.3337030350230634,
        0.3485247589997016,
        0.3408718080027029,
        0.33569462900049984,
        0.3428274450125173,
        0.3325205880100839,
        0.33365085697732866,
        0.3078766649996396,
        0.3406268589897081,
        0.3361763530119788,
        0.291324164980324,
        0.2784730070270598,
        0.28234684199560434,
        0.2751773369964212,
        0.2840555049770046,
        0.2767558069899678,
        0.2666363300231751,
        0.2860792900028173,
        0.2820092380279675,
        0.27523456400376745,
        0.28212161900592037,
        0.27478861800045706,
        0.27157581300707534,
        0.28582861000904813,
        0.25629645099979825,
        0.27492336099385284,
        0.2822165770048741,
        0.27463029097998515,
        0.2716217389970552,
        0.2859179069928359,
        0.2949458169750869,
        0.306482119980501,
        0.3100469139753841,
        0.2867802550026681,
        0.27956214899313636,
        0.3447940140031278,
        0.30075019199284725,
        0.28816110399202444,
        0.275655111996457,
        0.27925230798427947,
        0.2823036600020714,
        0.26139305901597254,
        0.27919406900764443,
        0.2866671130177565,
        0.2756281519832555,
        0.28212058599456213,
        0.280828193994239,
        0.26819416202488355,
        0.27953287499258295,
        0.28581497402046807,
        0.24475881599937566,
        0.2811639020219445,
        0.2806223770021461,
        0.26902211501146667,
        0.29170091199921444,
        0.34499452900490724,
        0.3620567949838005,
        0.3713260160002392,
        0.33311301801586524,
        0.2647588399995584,
        0.3243596440006513,
        0.2851188489876222,
        0.2858851460041478,
        0.28183011201326735,
        0.2746922269870993,
        0.2824273820151575,
        0.27204820900806226,
        0.24560092500178143,
        0.28806590600288473,
        0.2780788380187005
      ],
      "memory_allocated_before_backward": {
        "mean_bytes": 27656192.0,
        "max_bytes": 27656192,
        "mean_gb": 0.0257568359375,
        "max_gb": 0.0257568359375
      },
      "memory_reserved_before_backward": {
        "mean_bytes": 50331648.0,
        "max_bytes": 50331648,
        "mean_gb": 0.046875,
        "max_gb": 0.046875
      }
    },
    "attention_scores_bytes": 536870912
  },
  {
    "config": {
      "implementation": "flash_pytorch",
      "batch_size": 8,
      "d_model": 16,
      "sequence_length": 8192,
      "warmup_steps": 10,
      "measure_steps": 100,
      "device": "cuda:0",
      "dtype": "fp32",
      "is_causal": false,
      "campaign": "assignment_attention_full",
      "output_root": "data/section1_2"
    },
    "status": "ok",
    "forward": {
      "mean_seconds": 0.8548087788009434,
      "stdev_seconds": 0.09172518163861186,
      "min_seconds": 0.749851131986361,
      "max_seconds": 1.1420098750095349,
      "timings_seconds": [
        0.8033793490030803,
        0.8036020169965923,
        0.8027129200054333,
        0.8031114970217459,
        0.7533716640027706,
        0.8129169150197413,
        0.8094663940137252,
        0.8116685040004086,
        0.8645994699909352,
        0.9039585770224221,
        0.9687499339925125,
        1.1157635070267133,
        1.0646369739843067,
        0.847377925994806,
        0.7553213499777485,
        0.8099407230038196,
        0.809944620996248,
        0.8091112679976504,
        0.8027842930168845,
        0.7657585419947281,
        0.78786350399605,
        0.8095986919943243,
        0.8092686740274075,
        0.8097206100064795,
        0.8084608979988843,
        0.7519161739910487,
        0.8035518729884643,
        0.8034616340009961,
        0.8029316299944185,
        0.8049154289765283,
        0.7521460559801199,
        0.8068930979934521,
        0.9199418390053324,
        0.9837625770014711,
        0.9408671479905024,
        0.810448895994341,
        0.8162217809876893,
        0.8163936140190344,
        0.8104279260151088,
        0.8097357789811213,
        0.749851131986361,
        0.8076265540148597,
        0.810255493997829,
        0.8094170909898821,
        0.8089206810109317,
        0.7675767109903973,
        0.7872142870037351,
        0.8037615860230289,
        0.8036314220225904,
        0.8058423880138434,
        0.8092456200101878,
        0.7562796680140309,
        0.8392084869847167,
        0.9863791129901074,
        0.9853605929820333,
        0.8312225620029494,
        0.7598314580100123,
        0.8044036499923095,
        0.8095686759916134,
        0.8098953590088058,
        0.8802376649982762,
        0.759114933985984,
        0.9492532449949067,
        0.9775635520054493,
        0.9827797840116546,
        0.9829674560169224,
        0.9559378589910921,
        0.9909518380009104,
        0.9911096139985602,
        0.9874369570170529,
        0.989872975012986,
        1.0717129630211275,
        1.1420098750095349,
        1.0733881639898755,
        0.9888554970093537,
        0.9830567530007102,
        0.9384149700053968,
        0.9845891169970855,
        0.8260109080001712,
        0.8099811690044589,
        0.8095627239963505,
        0.8030899270088412,
        0.7586645199917257,
        0.8169070870208088,
        0.8048378439852968,
        0.8032183480099775,
        0.8059601389977615,
        0.7507715880055912,
        0.8105489439913072,
        0.8092126279952936,
        0.807402602978982,
        0.892745429999195,
        0.918397133005783,
        0.9694480140169617,
        0.8659291939984541,
        0.8982685869850684,
        0.8047549490001984,
        0.7553184750140645,
        0.8042313269979786,
        0.8041663149779197
      ]
    },
    "backward": {
      "mean_seconds": 1.1995727472283761,
      "stdev_seconds": 0.1494196320951242,
      "min_seconds": 0.794407234992832,
      "max_seconds": 1.6257621539989486,
      "timings_seconds": [
        1.1276569299807306,
        1.1048052279802505,
        1.125983351987088,
        1.1160958299878985,
        1.13462232099846,
        1.262236815993674,
        1.2136788399948273,
        1.1262431379873306,
        1.056007702019997,
        1.1272402879840229,
        1.0848848419846036,
        1.1204948090016842,
        1.0664841679972596,
        1.1279500990058295,
        1.2446325640194118,
        1.2197930540132802,
        1.6257621539989486,
        1.3794738609867636,
        1.1394346760062035,
        1.0964909059985075,
        1.1317141879990231,
        1.0619258689985145,
        1.1212772960134316,
        1.0586666780000087,
        1.1256953009869903,
        1.2028685680124909,
        1.3444797889969777,
        1.4404421189974528,
        1.3852632970083505,
        1.3709268030070234,
        1.3628173060133122,
        1.1332915659877472,
        1.0949882289860398,
        1.121839600004023,
        1.0618444870051462,
        1.3190559840004425,
        1.2814121039991733,
        1.3630936039844528,
        1.354472267004894,
        1.3771874329831917,
        1.3617127150064334,
        1.3768783829873428,
        1.3850849120062776,
        1.3712428659782745,
        1.1286433890054468,
        1.1686752179812174,
        1.27198791099363,
        1.3032743700023275,
        1.3738994169980288,
        1.3381892630131915,
        1.3995054340048227,
        1.3572451569780242,
        1.3727197749831248,
        1.3674394540139474,
        1.3782230850192718,
        1.3820640470075887,
        1.3811782269913238,
        1.4332397639809642,
        1.2941003769810777,
        0.8779680189909413,
        0.794407234992832,
        0.8804825850238558,
        0.8023531250073574,
        0.8895810149842873,
        1.1362456149945501,
        1.1237807809957303,
        1.122374853992369,
        1.1427983829926234,
        1.2968986940104514,
        1.1153283710009418,
        1.1308751550095621,
        1.0386416270048358,
        1.121435492997989,
        1.062731400015764,
        1.130781087995274,
        1.1285151790070813,
        1.1197548919881228,
        1.2550624520226847,
        1.4412576489849016,
        1.3729141099902336,
        1.3837142319825944,
        1.377637527009938,
        1.332795147987781,
        1.1342429200012702,
        1.051611908013001,
        1.1265242460067384,
        1.2017587070004083,
        1.1925555279885884,
        1.1162916870089248,
        1.1291490480070934,
        1.1416665309807286,
        1.2445952440029941,
        1.1514597350033,
        1.1235311730124522,
        1.1369606659864075,
        1.0715636520180851,
        1.114178415009519,
        1.0594344080018345,
        1.1295390589802992,
        1.0953393369854894
      ],
      "memory_allocated_before_backward": {
        "mean_bytes": 38273024.0,
        "max_bytes": 38273024,
        "mean_gb": 0.03564453125,
        "max_gb": 0.03564453125
      },
      "memory_reserved_before_backward": {
        "mean_bytes": 71303168.0,
        "max_bytes": 71303168,
        "mean_gb": 0.06640625,
        "max_gb": 0.06640625
      }
    },
    "attention_scores_bytes": 2147483648
  },
  {
    "config": {
      "implementation": "flash_pytorch",
      "batch_size": 8,
      "d_model": 16,
      "sequence_length": 16384,
      "warmup_steps": 10,
      "measure_steps": 100,
      "device": "cuda:0",
      "dtype": "fp32",
      "is_causal": false,
      "campaign": "assignment_attention_full",
      "output_root": "data/section1_2"
    },
    "status": "ok",
    "forward": {
      "mean_seconds": 3.2397782112518327,
      "stdev_seconds": 0.22440171827655103,
      "min_seconds": 2.778830064984504,
      "max_seconds": 3.9224901240086183,
      "timings_seconds": [
        3.6517032999836374,
        3.168287580978358,
        3.2044424189953133,
        3.166073911008425,
        3.1665271199890412,
        3.315951091994066,
        3.356059584999457,
        3.16374103500857,
        3.1464290419826284,
        3.1535353480139747,
        3.22189167101169,
        3.619136780995177,
        3.8883296659914777,
        3.888581317005446,
        3.9224901240086183,
        3.8941101350064855,
        3.8940042259928305,
        3.204765636008233,
        3.2236174270219635,
        3.1543676480068825,
        3.159558201994514,
        3.337370468012523,
        3.7423380999825895,
        3.874440500017954,
        3.3632585940067656,
        3.1539049109851476,
        3.2130445709917694,
        3.158527009014506,
        3.2426280959916767,
        3.66120459701051,
        3.171878685010597,
        3.2142471150145866,
        3.165357125981245,
        3.157541871012654,
        3.374804204009706,
        3.4279798099887557,
        3.1617433589999564,
        3.155514999991283,
        3.1598674520209897,
        3.2099094619916286,
        3.66180194701883,
        3.2692196709976997,
        3.1546942409768235,
        3.2110735550231766,
        3.1640135670022573,
        3.262169892026577,
        3.5055601700150874,
        3.2005048660212196,
        3.1581019810109865,
        3.1579226049943827,
        3.170905570994364,
        3.1870988470036536,
        3.1813737910124473,
        2.8300410060037393,
        2.778830064984504,
        2.803630370995961,
        2.797188280004775,
        2.8126454160083085,
        3.0725581189908553,
        3.2040307379793376,
        3.178379446006147,
        3.1534496569947805,
        3.1652542630035896,
        3.1803957670053933,
        3.1890346170112025,
        3.1790532000013627,
        3.1488442510017194,
        3.16672263701912,
        3.2094357530004345,
        3.1462026170047466,
        3.160845285980031,
        3.1743493389803916,
        3.1976189150009304,
        3.1637737069977447,
        3.1618059769971296,
        3.146798394009238,
        3.2144860840053298,
        3.1649196060025133,
        3.1477068880049046,
        3.1610719000163954,
        3.222174671012908,
        3.157441663002828,
        3.160976982995635,
        3.1705818340124097,
        3.2132429420016706,
        3.162508473993512,
        3.1512402440130245,
        3.156362709996756,
        3.2134329590189736,
        3.160292168991873,
        3.164437753002858,
        3.172346432984341,
        3.204869230015902,
        3.1608661850041244,
        3.1585365869977977,
        3.1518561789998785,
        3.213303596014157,
        3.158734908007318,
        3.1561637469858397,
        3.1657746589917224
      ]
    },
    "backward": {
      "mean_seconds": 4.421601079870597,
      "stdev_seconds": 0.08809065905888772,
      "min_seconds": 3.746198970009573,
      "max_seconds": 4.454646672005765,
      "timings_seconds": [
        4.426050548005151,
        4.42553316798876,
        4.4414348370046355,
        4.437698911991902,
        4.436527615005616,
        4.429173394019017,
        4.430198255984578,
        4.4465735430130735,
        4.436733750975691,
        4.430150906991912,
        4.432634483993752,
        4.433187741989968,
        4.446775441989303,
        4.436625078000361,
        4.434654432989191,
        4.434244794014376,
        4.4330708920024335,
        4.440695269993739,
        4.434269210003549,
        4.423089013987919,
        3.746198970009573,
        3.9109105500101577,
        4.437961354007712,
        4.441358543001115,
        4.432702891994268,
        4.429316532012308,
        4.440049939992605,
        4.444693397002993,
        4.4376019700139295,
        4.437915568007156,
        4.42856053399737,
        4.434127995016752,
        4.4542415119940415,
        4.440070056996774,
        4.430587686016224,
        4.427410828997381,
        4.441206237999722,
        4.454646672005765,
        4.441321093996521,
        4.430921001010574,
        4.428212603001157,
        4.43127785998513,
        4.442208997992566,
        4.435374852997484,
        4.427530573011609,
        4.4340151629876345,
        4.432820833986625,
        4.447742755990475,
        4.43443014100194,
        4.424065686005633,
        4.436404242995195,
        4.43467943900032,
        4.4415781449934,
        4.440181507001398,
        4.428538653010037,
        4.428580312000122,
        4.4385105930268764,
        4.436741426005028,
        4.4277891679957975,
        4.427073375991313,
        4.44143081898801,
        4.25549015001161,
        4.4283084320195485,
        4.431094706989825,
        4.4281763340113685,
        4.443569730006857,
        4.433196367986966,
        4.428034547978314,
        4.437052579014562,
        4.431103834009264,
        4.44001514397678,
        4.43300381701556,
        4.424265241017565,
        4.437607689993456,
        4.4383318290056195,
        4.450027749990113,
        4.442688597977394,
        4.420940426003654,
        4.4388762790185865,
        4.442546512000263,
        4.434222051000688,
        4.43643642400275,
        4.420887937012594,
        4.439859153004363,
        4.442889694997575,
        4.435796284000389,
        4.439514896017499,
        4.423151521012187,
        4.445490312005859,
        4.449981764017139,
        4.437793228018563,
        4.437759864988038,
        4.4254495310015045,
        4.4356782420072705,
        4.443802176014287,
        4.4320650569861755,
        4.4276207629882265,
        4.4359913489897735,
        4.443665859987959,
        4.437410138983978
      ],
      "memory_allocated_before_backward": {
        "mean_bytes": 59506688.0,
        "max_bytes": 59506688,
        "mean_gb": 0.055419921875,
        "max_gb": 0.055419921875
      },
      "memory_reserved_before_backward": {
        "mean_bytes": 134217728.0,
        "max_bytes": 134217728,
        "mean_gb": 0.125,
        "max_gb": 0.125
      }
    },
    "attention_scores_bytes": 8589934592
  },
  {
    "config": {
      "implementation": "flash_pytorch",
      "batch_size": 8,
      "d_model": 32,
      "sequence_length": 256,
      "warmup_steps": 10,
      "measure_steps": 100,
      "device": "cuda:0",
      "dtype": "fp32",
      "is_causal": false,
      "campaign": "assignment_attention_full",
      "output_root": "data/section1_2"
    },
    "status": "ok",
    "forward": {
      "mean_seconds": 0.007733411199296825,
      "stdev_seconds": 0.0012753280605463239,
      "min_seconds": 0.004701697005657479,
      "max_seconds": 0.009178322012303397,
      "timings_seconds": [
        0.0047356809955090284,
        0.006880341999931261,
        0.006856818014057353,
        0.006842159986263141,
        0.006919084000401199,
        0.006882084999233484,
        0.006858390988782048,
        0.006868299999041483,
        0.006862568989163265,
        0.00692009599879384,
        0.006938951992196962,
        0.00690606000716798,
        0.0067079389991704375,
        0.004871415003435686,
        0.004916158999549225,
        0.004872696998063475,
        0.00526239798637107,
        0.004701697005657479,
        0.004739738011267036,
        0.0069689380179625005,
        0.0069521959812846035,
        0.0069968099996913224,
        0.007099423004547134,
        0.007000567013164982,
        0.009071670996490866,
        0.00911877999897115,
        0.009136532986303791,
        0.009133396990364417,
        0.00915936499950476,
        0.007473244011634961,
        0.009139489004155621,
        0.009115404012845829,
        0.0090753480035346,
        0.007587397994939238,
        0.007068244012771174,
        0.007106977020157501,
        0.007124329975340515,
        0.006950162991415709,
        0.007038988987915218,
        0.006986410997342318,
        0.006967495020944625,
        0.006998844997724518,
        0.009145089017692953,
        0.009092008986044675,
        0.00908572698244825,
        0.009116294997511432,
        0.00910665700212121,
        0.00910838000709191,
        0.00914216399542056,
        0.009178322012303397,
        0.009135591011727229,
        0.009164596005575731,
        0.00917007599491626,
        0.00912136398255825,
        0.007320728007471189,
        0.0071374939871020615,
        0.007160537003073841,
        0.007124619995011017,
        0.007573331997264177,
        0.006958598998608068,
        0.007006808998994529,
        0.007011979003436863,
        0.007007028994848952,
        0.007026114995824173,
        0.007112297986168414,
        0.007011178007815033,
        0.00913739501265809,
        0.009119130991166458,
        0.00916835298994556,
        0.009066681988770142,
        0.009171498997602612,
        0.007437257008859888,
        0.009124289994360879,
        0.00908948399592191,
        0.009089503990253434,
        0.007570004992885515,
        0.007099003007169813,
        0.007090577011695132,
        0.007115243002772331,
        0.007042555982479826,
        0.007037015981040895,
        0.00700549699831754,
        0.006978146004257724,
        0.006965100998058915,
        0.009148865996394306,
        0.009150279016466811,
        0.009080568008357659,
        0.0091206630168017,
        0.009071490989299491,
        0.009087400016142055,
        0.009113519976381212,
        0.009123950003413484,
        0.009162622009171173,
        0.00916603798395954,
        0.009177038999041542,
        0.009155018022283912,
        0.007254483993165195,
        0.007137323991628364,
        0.007136883999919519,
        0.007118648994946852
      ]
    },
    "backward": {
      "mean_seconds": 0.007835455979220569,
      "stdev_seconds": 0.0010268742570253239,
      "min_seconds": 0.006318428000668064,
      "max_seconds": 0.009097089001443237,
      "timings_seconds": [
        0.00684467499377206,
        0.006908175011631101,
        0.0065337019914295524,
        0.009055269998498261,
        0.009002271021017805,
        0.00903938099509105,
        0.00905258601414971,
        0.009037097013788298,
        0.009062644996447489,
        0.007049779989756644,
        0.007040663011139259,
        0.006885711976792663,
        0.0068850000097882,
        0.006318428000668064,
        0.0069364669907372445,
        0.009060981014044955,
        0.009078483999473974,
        0.007435262989019975,
        0.00900425500003621,
        0.007435653009451926,
        0.007014283997705206,
        0.006918763974681497,
        0.006950312992557883,
        0.006828495010267943,
        0.008813807013211772,
        0.009022578975418583,
        0.009086409001611173,
        0.008996289980132133,
        0.009097089001443237,
        0.009010116016725078,
        0.007052264001686126,
        0.007105163997039199,
        0.006912682991242036,
        0.0069276110152713954,
        0.006668264017207548,
        0.00696466097724624,
        0.009027719002915546,
        0.00905040098587051,
        0.007397011009743437,
        0.008985520020360127,
        0.0073980430024676025,
        0.006928563001565635,
        0.006888607982546091,
        0.0068718969996552914,
        0.006850595993455499,
        0.00867210200522095,
        0.008950534014729783,
        0.008942940010456368,
        0.009003985003801063,
        0.009039461001520976,
        0.009010136011056602,
        0.006930586998350918,
        0.007037776987999678,
        0.006835017004050314,
        0.006926278991159052,
        0.00689405802404508,
        0.006930395989911631,
        0.009034792019519955,
        0.008973688003607094,
        0.0071497170138172805,
        0.008987684006569907,
        0.007432849000906572,
        0.006958749989280477,
        0.00689581100596115,
        0.006877856998471543,
        0.006843332987045869,
        0.008540634997189045,
        0.00891741199302487,
        0.009027188003528863,
        0.009005027008242905,
        0.0090282799792476,
        0.008968638983787969,
        0.007007491018157452,
        0.006987041997490451,
        0.006798026995966211,
        0.006851999001810327,
        0.006903264991706237,
        0.006544030999066308,
        0.009049179003341123,
        0.008984518004581332,
        0.00739795298432,
        0.008985428983578458,
        0.007409974990878254,
        0.0070494590036105365,
        0.006915458012372255,
        0.006909485993674025,
        0.0068473099963739514,
        0.008833355008391663,
        0.009039700991706923,
        0.009066792001249269,
        0.008966934983618557,
        0.009075517999008298,
        0.009071490989299491,
        0.007030834996839985,
        0.007054067973513156,
        0.00686437200056389,
        0.006940063991351053,
        0.006903745990712196,
        0.00672582199331373,
        0.009083704004297033
      ],
      "memory_allocated_before_backward": {
        "mean_bytes": 18358272.0,
        "max_bytes": 18358272,
        "mean_gb": 0.01709747314453125,
        "max_gb": 0.01709747314453125
      },
      "memory_reserved_before_backward": {
        "mean_bytes": 134217728.0,
        "max_bytes": 134217728,
        "mean_gb": 0.125,
        "max_gb": 0.125
      }
    },
    "attention_scores_bytes": 2097152
  },
  {
    "config": {
      "implementation": "flash_pytorch",
      "batch_size": 8,
      "d_model": 32,
      "sequence_length": 1024,
      "warmup_steps": 10,
      "measure_steps": 100,
      "device": "cuda:0",
      "dtype": "fp32",
      "is_causal": false,
      "campaign": "assignment_attention_full",
      "output_root": "data/section1_2"
    },
    "status": "ok",
    "forward": {
      "mean_seconds": 0.018070223799732048,
      "stdev_seconds": 0.0024256491253756467,
      "min_seconds": 0.011962071992456913,
      "max_seconds": 0.020805554988328367,
      "timings_seconds": [
        0.020670702011557296,
        0.020736676000524312,
        0.020751053001731634,
        0.02076997800031677,
        0.017005037982016802,
        0.016787080006906763,
        0.016984749992843717,
        0.016443024011095986,
        0.016446680994704366,
        0.016590930987149477,
        0.020789774978766218,
        0.020684136979980394,
        0.0191108470025938,
        0.020662185997935012,
        0.019100326986517757,
        0.016709274001186714,
        0.016545966995181516,
        0.01650044199777767,
        0.016430540999863297,
        0.020665803021984175,
        0.020641356997657567,
        0.020692702993983403,
        0.020700738998129964,
        0.020781500003067777,
        0.020741385000292212,
        0.01682308700401336,
        0.016807217005407438,
        0.016918695997446775,
        0.016435380006441846,
        0.016444065986433998,
        0.016587746009463444,
        0.02075606197468005,
        0.02070299198385328,
        0.019066213018959388,
        0.020671143021900207,
        0.01916267501655966,
        0.01668126101139933,
        0.016567167011089623,
        0.016541549004614353,
        0.016411524993600324,
        0.02070617800927721,
        0.020733479992486537,
        0.018957058986416087,
        0.016354277002392337,
        0.016405303991632536,
        0.016331545979483053,
        0.012453472998458892,
        0.01229106797836721,
        0.01240562301245518,
        0.011989252001512796,
        0.011962071992456913,
        0.012165543012088165,
        0.016263036988675594,
        0.01630385301541537,
        0.01465356900007464,
        0.018431853997753933,
        0.01895617600530386,
        0.01659753400599584,
        0.016541789984330535,
        0.016374176018871367,
        0.01644068001769483,
        0.02069671099889092,
        0.020697432017186657,
        0.02068573998985812,
        0.020751684001879767,
        0.02075455998419784,
        0.0207830129947979,
        0.016944854985922575,
        0.016809861990623176,
        0.016992343997117132,
        0.0164830090070609,
        0.01647317101014778,
        0.016529084998182952,
        0.020782121020602062,
        0.020723009976791218,
        0.0191437280154787,
        0.020706629991764203,
        0.019189465005183592,
        0.01660602999618277,
        0.016596973000559956,
        0.01652590002049692,
        0.0164860250079073,
        0.020740181993460283,
        0.02059924800414592,
        0.020722899993415922,
        0.02066595299402252,
        0.020805554988328367,
        0.0206973819877021,
        0.01695270001073368,
        0.016798019991256297,
        0.016978288011159748,
        0.016478460980579257,
        0.016490743990289047,
        0.01660899500711821,
        0.02075177402002737,
        0.020733690005727112,
        0.01918049799860455,
        0.020707501011202112,
        0.01924329501343891,
        0.0166686269803904
      ]
    },
    "backward": {
      "mean_seconds": 0.0188959074113518,
      "stdev_seconds": 0.002306822142783746,
      "min_seconds": 0.012315333995502442,
      "max_seconds": 0.021421821002149954,
      "timings_seconds": [
        0.017145270976470783,
        0.016988407005555928,
        0.02124899599584751,
        0.021326621994376183,
        0.021398857003077865,
        0.01738124300027266,
        0.01703944301698357,
        0.01709977601421997,
        0.020917193993227556,
        0.021245781012112275,
        0.017208889999892563,
        0.017050944006768987,
        0.02127113801543601,
        0.02125101099954918,
        0.02136943198274821,
        0.01756587001727894,
        0.017558786988956854,
        0.01701594900805503,
        0.021281508001266047,
        0.019704200007254258,
        0.0197855320002418,
        0.01722280599642545,
        0.017020466999383643,
        0.021035265002865344,
        0.021279993990901858,
        0.021254035993479192,
        0.017401431017788127,
        0.017029624985298142,
        0.017165219003800303,
        0.020960946014383808,
        0.021222106006462127,
        0.017266006994759664,
        0.017107240011682734,
        0.021349535003537312,
        0.02125576901016757,
        0.021353341988287866,
        0.01742444498813711,
        0.017485749995103106,
        0.01697920900187455,
        0.02131008100695908,
        0.019134291011141613,
        0.019744163990253583,
        0.017203199007781222,
        0.017027180001605302,
        0.021292278019245714,
        0.02134731100522913,
        0.021417302021291107,
        0.01743584600626491,
        0.016979491017991677,
        0.017180127004394308,
        0.020979881985113025,
        0.021239157998934388,
        0.017298609018325806,
        0.01708981700357981,
        0.021283470996422693,
        0.021238226006971672,
        0.021407704014563933,
        0.017634507996262982,
        0.01746372799971141,
        0.01700667099794373,
        0.021328115020878613,
        0.019378830009372905,
        0.019825557013973594,
        0.01719508398673497,
        0.01703026599716395,
        0.02129753798362799,
        0.021264656010316685,
        0.0214205079828389,
        0.017391032015439123,
        0.013040323014138266,
        0.012556897010654211,
        0.016750329989008605,
        0.016767643013736233,
        0.012665270012803376,
        0.012315333995502442,
        0.018969100987305865,
        0.021136886003660038,
        0.021274653990985826,
        0.01739705298678018,
        0.01751759898616001,
        0.016964793001534417,
        0.021409015986137092,
        0.019324338005390018,
        0.019758581998758018,
        0.01724525899044238,
        0.017042457999195904,
        0.02132297499338165,
        0.021314650017302483,
        0.02131635299883783,
        0.017477012996096164,
        0.01697506199707277,
        0.01712450198829174,
        0.021375554002588615,
        0.020983527996577322,
        0.017245049006305635,
        0.01714715498383157,
        0.0213588020124007,
        0.021333854994736612,
        0.021421821002149954,
        0.017546212999150157
      ],
      "memory_allocated_before_backward": {
        "mean_bytes": 22315008.0,
        "max_bytes": 22315008,
        "mean_gb": 0.020782470703125,
        "max_gb": 0.020782470703125
      },
      "memory_reserved_before_backward": {
        "mean_bytes": 138412032.0,
        "max_bytes": 138412032,
        "mean_gb": 0.12890625,
        "max_gb": 0.12890625
      }
    },
    "attention_scores_bytes": 33554432
  },
  {
    "config": {
      "implementation": "flash_pytorch",
      "batch_size": 8,
      "d_model": 32,
      "sequence_length": 4096,
      "warmup_steps": 10,
      "measure_steps": 100,
      "device": "cuda:0",
      "dtype": "fp32",
      "is_causal": false,
      "campaign": "assignment_attention_full",
      "output_root": "data/section1_2"
    },
    "status": "ok",
    "forward": {
      "mean_seconds": 0.21520091604004846,
      "stdev_seconds": 0.009861480479471836,
      "min_seconds": 0.1691724350093864,
      "max_seconds": 0.22268652502680197,
      "timings_seconds": [
        0.22078748399508186,
        0.21690905102877878,
        0.22094498900696635,
        0.2168835340125952,
        0.1730378229985945,
        0.21233305998612195,
        0.2224398230027873,
        0.2152340400207322,
        0.22250159800751135,
        0.21323258697520941,
        0.22049953500390984,
        0.21330259798560292,
        0.22036734598805197,
        0.21334803398349322,
        0.22107613499974832,
        0.21250508198863827,
        0.22050428300281055,
        0.2124975489859935,
        0.2204038350027986,
        0.21631601901026443,
        0.21689327200874686,
        0.22094107198063284,
        0.21636205501272343,
        0.19707996700890362,
        0.18931056797737256,
        0.2206601760117337,
        0.21542844499344938,
        0.2226100010157097,
        0.2156093239900656,
        0.22268652502680197,
        0.21358459698967636,
        0.22054149201721884,
        0.21335053798975423,
        0.220663430984132,
        0.21326912500080653,
        0.2205795039772056,
        0.2122912519844249,
        0.22078997900825925,
        0.21239162000711076,
        0.22090747900074348,
        0.21682775899535045,
        0.21653962900745682,
        0.2206033690017648,
        0.1701035709993448,
        0.21374954702332616,
        0.21728879399597645,
        0.22084944997914135,
        0.2153740520006977,
        0.222636230988428,
        0.21522469201590866,
        0.22265637799864635,
        0.21364885699586011,
        0.2206022370082792,
        0.2131481189862825,
        0.22065575700253248,
        0.21297664701705799,
        0.2207798500021454,
        0.21245830500265583,
        0.22040397499222308,
        0.21252176401321776,
        0.2207664049929008,
        0.21665008598938584,
        0.19604121902375482,
        0.19127091398695484,
        0.21668509099981748,
        0.22096323399455287,
        0.2170783290057443,
        0.22079928702441975,
        0.21506088500609621,
        0.22252661499078386,
        0.21509626199258491,
        0.2226488949963823,
        0.21331887898850255,
        0.22056199100916274,
        0.21322087501175702,
        0.22026868199463934,
        0.21309478898183443,
        0.22066908201668411,
        0.21247530699474737,
        0.22090009500971064,
        0.2123204959789291,
        0.22077813697978854,
        0.1691724350093864,
        0.21165284398011863,
        0.2211059809778817,
        0.21683241802384146,
        0.2209122980129905,
        0.21705902201938443,
        0.2211358479980845,
        0.2154035879939329,
        0.22244418098125607,
        0.21525502900476567,
        0.22255827399203554,
        0.21331488201394677,
        0.2205107960035093,
        0.21296821100986563,
        0.22048899400397204,
        0.21276556100929156,
        0.22058019498945214,
        0.21261168201453984
      ]
    },
    "backward": {
      "mean_seconds": 0.28214427860017166,
      "stdev_seconds": 0.030906126489640844,
      "min_seconds": 0.1710467189841438,
      "max_seconds": 0.31159036900498904,
      "timings_seconds": [
        0.29332945600617677,
        0.30483499201363884,
        0.2875372639973648,
        0.3075318379851524,
        0.29403526897658594,
        0.30436860598274507,
        0.29496311000548303,
        0.2876566390041262,
        0.2964119559910614,
        0.30453261398361064,
        0.2903043130063452,
        0.3020096030086279,
        0.3001051120227203,
        0.30119081801967695,
        0.29458809600328095,
        0.23613551500602625,
        0.3048679829807952,
        0.2955646870250348,
        0.3008619309985079,
        0.29165644900058396,
        0.3085148310055956,
        0.2934060599945951,
        0.304288135987008,
        0.2486502530227881,
        0.3080422049970366,
        0.29430810100166127,
        0.30449128698091954,
        0.28850456900545396,
        0.3037561080127489,
        0.29786298697581515,
        0.303653386014048,
        0.2802869680162985,
        0.2994883749925066,
        0.3010156489908695,
        0.2998344640072901,
        0.29658876699977554,
        0.2952706960204523,
        0.30441948198131286,
        0.29504647600697353,
        0.3008144219929818,
        0.26898448399151675,
        0.3086368109798059,
        0.29365751100704074,
        0.304420473985374,
        0.28785753398551606,
        0.30741842501447536,
        0.29392004301189445,
        0.3042493129905779,
        0.23201548898941837,
        0.30186490100459196,
        0.30035167501773685,
        0.3019284709880594,
        0.29470553700230084,
        0.2974377399950754,
        0.30208956298884004,
        0.26778103699325584,
        0.17684503202326596,
        0.24185142401256599,
        0.22839882702101022,
        0.2384313599904999,
        0.22201126898289658,
        0.2379500879906118,
        0.2316388830076903,
        0.24318266002228484,
        0.22400817400193773,
        0.21351717098150402,
        0.23079439901630394,
        0.2429818329983391,
        0.22555219897185452,
        0.2466331300092861,
        0.22959605199866928,
        0.2408225639956072,
        0.22267553498386405,
        0.1710467189841438,
        0.2813864400086459,
        0.30469861600431614,
        0.2885168619977776,
        0.30338156601646915,
        0.29842988098971546,
        0.31159036900498904,
        0.29044520799652673,
        0.2865975820168387,
        0.300087389012333,
        0.30190408500493504,
        0.2951415739953518,
        0.2972829499922227,
        0.30219309698441066,
        0.29740851500537246,
        0.29874520099838264,
        0.29374901301343925,
        0.28528038298827596,
        0.29351133698946796,
        0.30307602300308645,
        0.2895163260109257,
        0.31003515201155096,
        0.29319855000358075,
        0.3043123410025146,
        0.28595798200694844,
        0.2434548099990934,
        0.29854080799850635
      ],
      "memory_allocated_before_backward": {
        "mean_bytes": 38141952.0,
        "max_bytes": 38141952,
        "mean_gb": 0.0355224609375,
        "max_gb": 0.0355224609375
      },
      "memory_reserved_before_backward": {
        "mean_bytes": 138412032.0,
        "max_bytes": 138412032,
        "mean_gb": 0.12890625,
        "max_gb": 0.12890625
      }
    },
    "attention_scores_bytes": 536870912
  },
  {
    "config": {
      "implementation": "flash_pytorch",
      "batch_size": 8,
      "d_model": 32,
      "sequence_length": 8192,
      "warmup_steps": 10,
      "measure_steps": 100,
      "device": "cuda:0",
      "dtype": "fp32",
      "is_causal": false,
      "campaign": "assignment_attention_full",
      "output_root": "data/section1_2"
    },
    "status": "ok",
    "forward": {
      "mean_seconds": 0.8366304028290323,
      "stdev_seconds": 0.02027349315291912,
      "min_seconds": 0.746652604022529,
      "max_seconds": 0.8484816160053015,
      "timings_seconds": [
        0.8481031760165934,
        0.8480165540240705,
        0.8466311860247515,
        0.8452716860047076,
        0.794758283009287,
        0.8461976530088577,
        0.8458790449949447,
        0.8455732419970445,
        0.8449841369874775,
        0.7940154199895915,
        0.8458462139824405,
        0.8453062009939458,
        0.8474659209896345,
        0.8472458780161105,
        0.7974665410001762,
        0.847535851993598,
        0.8471833709918428,
        0.8471654480090365,
        0.8468748629966285,
        0.80045970401261,
        0.8484816160053015,
        0.8476557969988789,
        0.847521145013161,
        0.847872593003558,
        0.836853560002055,
        0.8458526759932283,
        0.8456018759752624,
        0.8455108650086913,
        0.8452128659992013,
        0.746652604022529,
        0.845857866021106,
        0.8457974919874687,
        0.8451268250064459,
        0.845315488986671,
        0.7918121279799379,
        0.8460650639899541,
        0.8479428860009648,
        0.8473664440098219,
        0.8471964960044716,
        0.7986922700074501,
        0.84624866899685,
        0.847459960001288,
        0.847574314015219,
        0.8470984419982415,
        0.7940871449827682,
        0.8450746570015326,
        0.8457608239841647,
        0.8458319969940931,
        0.845331227988936,
        0.792910167016089,
        0.8454018410120625,
        0.8453243449912407,
        0.8448831079876982,
        0.8473165210161824,
        0.7939371530083008,
        0.847673248994397,
        0.8477576879959088,
        0.8478762199811172,
        0.8471200529893395,
        0.8057502250012476,
        0.8404488519881852,
        0.8474559019959997,
        0.846868982014712,
        0.8468977559823543,
        0.8143282399978489,
        0.8276949159917422,
        0.8458382990211248,
        0.8455739429919049,
        0.8453990150010213,
        0.821237336989725,
        0.8162161509972066,
        0.8459971059928648,
        0.8453620059881359,
        0.845291963982163,
        0.8323733900033403,
        0.8071241509751417,
        0.845792623993475,
        0.847158404008951,
        0.8471046939957887,
        0.8432354079850484,
        0.7980715960147791,
        0.8476080380205531,
        0.8460724079923239,
        0.8469202480046079,
        0.8470160279830452,
        0.796018085005926,
        0.8459875590051524,
        0.8455378760118037,
        0.8454655499954242,
        0.8450896249851212,
        0.7923343979928177,
        0.8465280719974544,
        0.8455425139982253,
        0.8447551680146717,
        0.8446671029960271,
        0.7970430069835857,
        0.8479584940068889,
        0.847520152979996,
        0.8474070910015143,
        0.8473113910004031
      ]
    },
    "backward": {
      "mean_seconds": 1.1874981911623035,
      "stdev_seconds": 0.02642406493993089,
      "min_seconds": 1.1360783810087014,
      "max_seconds": 1.2107602460018825,
      "timings_seconds": [
        1.1360783810087014,
        1.2055842699774075,
        1.1522794420015998,
        1.2023245669843163,
        1.140886428009253,
        1.203628232004121,
        1.14992796300794,
        1.208847378991777,
        1.1409659769851714,
        1.199047372007044,
        1.1583427820005454,
        1.2107602460018825,
        1.2086177789897192,
        1.2030310420086607,
        1.200729946984211,
        1.2059592730074655,
        1.2096601630037185,
        1.2095266430114862,
        1.2028584979998413,
        1.1987963710271288,
        1.198936764994869,
        1.1810313980095088,
        1.208777148014633,
        1.1404297319822945,
        1.2000299550127238,
        1.1447586989961565,
        1.209724964981433,
        1.14923055502004,
        1.2004758509865496,
        1.1407342629972845,
        1.199217982008122,
        1.1486838999844622,
        1.2096986859978642,
        1.1382265999855008,
        1.1997195630101487,
        1.1899491309886798,
        1.2095762660028413,
        1.2080828550097067,
        1.201643109001452,
        1.1985732130124234,
        1.1994037599943113,
        1.2072029050032143,
        1.2099273139901925,
        1.2024935239751358,
        1.2015750620048493,
        1.202624820987694,
        1.172745941003086,
        1.2087147700076457,
        1.145738856983371,
        1.1994392670167144,
        1.1367908969987184,
        1.2073089640180115,
        1.146122566977283,
        1.2024852689937688,
        1.1383316470019054,
        1.208586490014568,
        1.1496057379990816,
        1.207105011009844,
        1.1522480929852463,
        1.1995469680114184,
        1.2006138889992144,
        1.2092383329872973,
        1.209244875004515,
        1.203420753008686,
        1.2000126619823277,
        1.2062713879859075,
        1.2092608050152194,
        1.2088433519820683,
        1.2014586630102713,
        1.187678362999577,
        1.1994736909982748,
        1.1449208730191458,
        1.2085389910207596,
        1.142143044009572,
        1.2010579220077489,
        1.1425814870162867,
        1.2094731920224149,
        1.1506732899870258,
        1.2005216460092925,
        1.1415726150153205,
        1.1991690199938603,
        1.1471958390029613,
        1.2091845410177484,
        1.1562190600088798,
        1.1993477049982175,
        1.2064107400074136,
        1.209849077014951,
        1.208347131992923,
        1.201231037004618,
        1.1983823250047863,
        1.200169507006649,
        1.2076334220182616,
        1.209669831005158,
        1.2017483260133304,
        1.1875229910074268,
        1.2026073280139826,
        1.153583528008312,
        1.2085402930097189,
        1.1437047120125499,
        1.1989516120229382
      ],
      "memory_allocated_before_backward": {
        "mean_bytes": 59244544.0,
        "max_bytes": 59244544,
        "mean_gb": 0.05517578125,
        "max_gb": 0.05517578125
      },
      "memory_reserved_before_backward": {
        "mean_bytes": 138412032.0,
        "max_bytes": 138412032,
        "mean_gb": 0.12890625,
        "max_gb": 0.12890625
      }
    },
    "attention_scores_bytes": 2147483648
  },
  {
    "config": {
      "implementation": "flash_pytorch",
      "batch_size": 8,
      "d_model": 32,
      "sequence_length": 16384,
      "warmup_steps": 10,
      "measure_steps": 100,
      "device": "cuda:0",
      "dtype": "fp32",
      "is_causal": false,
      "campaign": "assignment_attention_full",
      "output_root": "data/section1_2"
    },
    "status": "ok",
    "forward": {
      "mean_seconds": 3.2517240202214452,
      "stdev_seconds": 0.2243715142097891,
      "min_seconds": 2.5432409740169533,
      "max_seconds": 3.3701337270031217,
      "timings_seconds": [
        3.3181645029981155,
        3.3187793159740977,
        3.3701337270031217,
        3.314953561988659,
        3.3160796129959635,
        3.313629229000071,
        3.3163827919925097,
        3.367197440005839,
        3.3172021089994814,
        3.3182398439967074,
        3.317508814012399,
        3.320691542001441,
        3.3662322599848267,
        3.322521604015492,
        3.314807747985469,
        3.311873516999185,
        3.3654064110014588,
        3.3149578899901826,
        3.316866609005956,
        3.3167134819959756,
        3.3149670569982845,
        3.3680472940031905,
        3.3198104800248984,
        3.31406781100668,
        3.3172241099819075,
        3.312141488015186,
        3.3657333349983674,
        3.3132444669899996,
        3.317076042003464,
        3.3198921129805967,
        3.3510122100124136,
        3.3377090340072755,
        3.3181953110033646,
        3.317688309994992,
        3.1989155760093126,
        3.321252354013268,
        3.3179734850127716,
        3.3155301230144687,
        3.3163628650072496,
        3.3677099409978837,
        3.319577482994646,
        3.3191420959774405,
        3.3192491270019673,
        3.315802042983705,
        3.365257251978619,
        3.31709358500666,
        3.314032855007099,
        3.3118039759865496,
        3.324454107991187,
        3.3619005380023737,
        3.3215530469897203,
        3.318800534994807,
        3.3197368510009255,
        3.369520256004762,
        3.312345792015549,
        3.316082988982089,
        3.3143512429960538,
        3.3128216140030418,
        3.3653925160178915,
        3.313417361001484,
        3.3215262970188633,
        3.3185047210135963,
        3.3180743440170772,
        3.3689337260148022,
        3.311935222009197,
        3.312734389997786,
        3.3126767729991116,
        3.3502440190059133,
        3.3330419209960382,
        3.318460608017631,
        3.3187618639785796,
        3.319436879013665,
        3.369156843982637,
        3.319446768000489,
        3.3158098080020864,
        3.3155069400090724,
        3.313606195995817,
        3.3661803730065003,
        3.3149622879864182,
        3.3138919709890615,
        3.309506488003535,
        3.32762283901684,
        3.3576406500069425,
        3.3175935719918925,
        3.318594780022977,
        3.315340428001946,
        3.365676418005023,
        3.313417441007914,
        3.3103803460253403,
        3.3158407649898436,
        2.798354468017351,
        2.62153570499504,
        2.5432409740169533,
        2.5437860369856935,
        2.545855959004257,
        2.6224190409993753,
        2.54557106399443,
        2.549186574004125,
        2.5466460100142285,
        2.5760698260273784
      ]
    },
    "backward": {
      "mean_seconds": 3.639378306810977,
      "stdev_seconds": 0.06122151447677805,
      "min_seconds": 3.155351043009432,
      "max_seconds": 3.6775667690089904,
      "timings_seconds": [
        3.6573095329804346,
        3.668801261985209,
        3.6611607240047306,
        3.583081229007803,
        3.659459814982256,
        3.6732608049933333,
        3.660916295979405,
        3.6655315110110678,
        3.663620286999503,
        3.6685672940220684,
        3.5945505669806153,
        3.666502681997372,
        3.6657835240184795,
        3.672171572019579,
        3.664762067986885,
        3.660191177012166,
        3.6624347630131524,
        3.611890301981475,
        3.666086330980761,
        3.660755855991738,
        3.6638591549999546,
        3.659391767985653,
        3.672149481019005,
        3.6639810530177783,
        3.648964916006662,
        3.6591585100104567,
        3.672309180983575,
        3.664584294980159,
        3.657942378980806,
        3.66333069402026,
        3.6663494349922985,
        3.6704806520137936,
        3.620288239995716,
        3.6624722849810496,
        3.6617621119949035,
        3.6664313380024396,
        3.667222602001857,
        3.673763588012662,
        3.658953656005906,
        3.6134774280071724,
        3.6629160160082392,
        3.6671645730093587,
        3.6621767499891575,
        3.652873273997102,
        3.661740572017152,
        3.6406272200110834,
        3.593703327991534,
        3.5834869900136255,
        3.5613560100027826,
        3.573630566999782,
        3.5867845129978377,
        3.5693401010066736,
        3.530704370990861,
        3.5657286789792124,
        3.569579330011038,
        3.5825787170033436,
        3.5737895560159814,
        3.572857928025769,
        3.5754010370001197,
        3.550768815999618,
        3.574132128007477,
        3.155351043009432,
        3.6682258830114733,
        3.6725068319938146,
        3.6654022590082604,
        3.6650126980093773,
        3.6351210749999154,
        3.656096427992452,
        3.652575304993661,
        3.675724234984955,
        3.667340553016402,
        3.6668764439818915,
        3.591604290995747,
        3.6629880020045675,
        3.669323702022666,
        3.662550150998868,
        3.6731440059957094,
        3.655840759020066,
        3.669770479988074,
        3.5769599599880166,
        3.67201519900118,
        3.6608645300148055,
        3.6707393870165106,
        3.659319491998758,
        3.673527284990996,
        3.65760755201336,
        3.6141237799893133,
        3.666445355018368,
        3.6775667690089904,
        3.6669508019986097,
        3.666564096987713,
        3.6605064879986458,
        3.665148161991965,
        3.618207077990519,
        3.6578509690007195,
        3.6636945260106586,
        3.6591744600154925,
        3.6659482929972,
        3.6607597630063538,
        3.673351745994296
      ],
      "memory_allocated_before_backward": {
        "mean_bytes": 101449728.0,
        "max_bytes": 101449728,
        "mean_gb": 0.094482421875,
        "max_gb": 0.094482421875
      },
      "memory_reserved_before_backward": {
        "mean_bytes": 205520896.0,
        "max_bytes": 205520896,
        "mean_gb": 0.19140625,
        "max_gb": 0.19140625
      }
    },
    "attention_scores_bytes": 8589934592
  },
  {
    "config": {
      "implementation": "flash_pytorch",
      "batch_size": 8,
      "d_model": 64,
      "sequence_length": 256,
      "warmup_steps": 10,
      "measure_steps": 100,
      "device": "cuda:0",
      "dtype": "fp32",
      "is_causal": false,
      "campaign": "assignment_attention_full",
      "output_root": "data/section1_2"
    },
    "status": "ok",
    "forward": {
      "mean_seconds": 0.005899922479875386,
      "stdev_seconds": 0.001010440705560415,
      "min_seconds": 0.004759965988341719,
      "max_seconds": 0.006995447998633608,
      "timings_seconds": [
        0.004918382997857407,
        0.004820589994778857,
        0.006957307021366432,
        0.0069424890098161995,
        0.006966143002500758,
        0.006995447998633608,
        0.006944082007976249,
        0.005316921015037224,
        0.006935466022696346,
        0.006895730999531224,
        0.006913954974152148,
        0.005390678008552641,
        0.00490557900047861,
        0.0049519159947521985,
        0.004944632004480809,
        0.004778931004693732,
        0.004851476987823844,
        0.004819506983039901,
        0.004794770997250453,
        0.004759965988341719,
        0.006917201011674479,
        0.006974288990022615,
        0.006876594998175278,
        0.006922249973285943,
        0.0069121120031923056,
        0.0069152079813648015,
        0.006948109017685056,
        0.006949180999072269,
        0.006963227991946042,
        0.006965601991396397,
        0.006979708006838337,
        0.006989986984990537,
        0.005233925010543317,
        0.004941816994687542,
        0.005000486999051645,
        0.004972695023752749,
        0.005298044998198748,
        0.004807035002158955,
        0.004799761023605242,
        0.004818244982743636,
        0.0047902020160108805,
        0.004811121994862333,
        0.004906730988295749,
        0.0048122839943971485,
        0.006947378016775474,
        0.0069422580127138644,
        0.0069591900100931525,
        0.006895831000292674,
        0.006948269990971312,
        0.005230718990787864,
        0.0069316479784902185,
        0.006876825005747378,
        0.006938871985767037,
        0.005406929005403072,
        0.004894739016890526,
        0.0049329400062561035,
        0.0049233319878112525,
        0.0047908039996400476,
        0.0048523790028411895,
        0.004810500977328047,
        0.004778049973538145,
        0.004765595978824422,
        0.006923342007212341,
        0.006890982011100277,
        0.006901171000208706,
        0.006921388994669542,
        0.006912222015671432,
        0.006908365001436323,
        0.006940064980881289,
        0.006895340018672869,
        0.006896962993778288,
        0.0069576569949276745,
        0.006975480995606631,
        0.006964800995774567,
        0.005149767006514594,
        0.004930544993840158,
        0.005016356997657567,
        0.004962055012583733,
        0.005285671999445185,
        0.004788609978277236,
        0.004790773004060611,
        0.004812945000594482,
        0.004776817979291081,
        0.004820209025638178,
        0.004892484023002908,
        0.004809459001990035,
        0.006944151013158262,
        0.006970169983105734,
        0.00696257600793615,
        0.006924915011040866,
        0.0069910990132484585,
        0.00529177300632,
        0.006939252984011546,
        0.006900801003212109,
        0.006927180016646162,
        0.00539768100134097,
        0.004872987978160381,
        0.004903655004454777,
        0.004901962005533278,
        0.004804519994650036
      ]
    },
    "backward": {
      "mean_seconds": 0.00540301894012373,
      "stdev_seconds": 0.0013245291001394905,
      "min_seconds": 0.0009161079942714423,
      "max_seconds": 0.006901621993165463,
      "timings_seconds": [
        0.004638727987185121,
        0.004650880990084261,
        0.004632576979929581,
        0.0046623030211776495,
        0.006828824989497662,
        0.006786326004657894,
        0.005104882002342492,
        0.0067306220007594675,
        0.0053467960096895695,
        0.004395202005980536,
        0.0047619889955967665,
        0.0047470809950027615,
        0.0047120359959080815,
        0.006901621993165463,
        0.006782729004044086,
        0.00674768298631534,
        0.006733516987878829,
        0.006837572000222281,
        0.006744246988091618,
        0.004837711981963366,
        0.004339767998317257,
        0.004619442013790831,
        0.004638919024728239,
        0.0046767199819441885,
        0.004698540986282751,
        0.006849023018730804,
        0.0067619699984788895,
        0.005134988983627409,
        0.006774212990421802,
        0.005310459004249424,
        0.004812314000446349,
        0.00441636101459153,
        0.00476025600801222,
        0.00474933598889038,
        0.006874762009829283,
        0.006836999993538484,
        0.006857619999209419,
        0.006780224008252844,
        0.006796996021876112,
        0.006802426010835916,
        0.004821320995688438,
        0.004484479984967038,
        0.004728776984848082,
        0.004742021992569789,
        0.00469539500772953,
        0.004738877003546804,
        0.006840507994638756,
        0.006863609974971041,
        0.005189591000089422,
        0.0066949350002687424,
        0.005278087017359212,
        0.004773622000357136,
        0.0043916249996982515,
        0.004748715000459924,
        0.004715001996373758,
        0.006814519001636654,
        0.006823976989835501,
        0.006800142000429332,
        0.006877667008666322,
        0.006869751989142969,
        0.006818485999247059,
        0.00478867901256308,
        0.004740670003229752,
        0.004253625986166298,
        0.004662413994083181,
        0.004675497999414802,
        0.004669946996727958,
        0.0068163329851813614,
        0.00685628701467067,
        0.005208657996263355,
        0.006802625983254984,
        0.005358578986488283,
        0.004781697003636509,
        0.00424670398933813,
        0.004738385992823169,
        0.004731963010272011,
        0.006796796020353213,
        0.00680311699397862,
        0.006860816007247195,
        0.006835598993347958,
        0.006853522005258128,
        0.00675522701931186,
        0.004843983013415709,
        0.004834625986404717,
        0.00442544900579378,
        0.0047426740056835115,
        0.004736030998174101,
        0.004725721984868869,
        0.006871104997117072,
        0.006878158019389957,
        0.005123809009091929,
        0.006754076021024957,
        0.0035573510103859007,
        0.0026318150048609823,
        0.001408381009241566,
        0.0009746570140123367,
        0.0009161079942714423,
        0.004230112012010068,
        0.004155792994424701,
        0.004469121020520106
      ],
      "memory_allocated_before_backward": {
        "mean_bytes": 19668992.0,
        "max_bytes": 19668992,
        "mean_gb": 0.01831817626953125,
        "max_gb": 0.01831817626953125
      },
      "memory_reserved_before_backward": {
        "mean_bytes": 205520896.0,
        "max_bytes": 205520896,
        "mean_gb": 0.19140625,
        "max_gb": 0.19140625
      }
    },
    "attention_scores_bytes": 2097152
  },
  {
    "config": {
      "implementation": "flash_pytorch",
      "batch_size": 8,
      "d_model": 64,
      "sequence_length": 1024,
      "warmup_steps": 10,
      "measure_steps": 100,
      "device": "cuda:0",
      "dtype": "fp32",
      "is_causal": false,
      "campaign": "assignment_attention_full",
      "output_root": "data/section1_2"
    },
    "status": "ok",
    "forward": {
      "mean_seconds": 0.01398092348332284,
      "stdev_seconds": 0.002229604249529861,
      "min_seconds": 0.006532188999699429,
      "max_seconds": 0.01643550000153482,
      "timings_seconds": [
        0.008109096001135185,
        0.007316258997889236,
        0.006532188999699429,
        0.008568377001211047,
        0.016216760006500408,
        0.016262485994957387,
        0.0162797580123879,
        0.01633958998718299,
        0.016318150010192767,
        0.014408058021217585,
        0.012307438999414444,
        0.01271555499988608,
        0.012056538020260632,
        0.012075853999704123,
        0.012191410991363227,
        0.014223341015167534,
        0.01637682001455687,
        0.016394161997595802,
        0.014691058022435755,
        0.016292281012283638,
        0.012689966009929776,
        0.01233720500022173,
        0.012132211006246507,
        0.012101463013095781,
        0.0141747510060668,
        0.01628826401429251,
        0.016334821993950754,
        0.016339190013241023,
        0.016301909985486418,
        0.01643285498721525,
        0.01466502997209318,
        0.012279907998163253,
        0.012747835018672049,
        0.01207575501757674,
        0.012102195003535599,
        0.012164300016593188,
        0.014236797986086458,
        0.01638923300197348,
        0.016429117997176945,
        0.01473799700033851,
        0.01637089901487343,
        0.012797388015314937,
        0.012317938992055133,
        0.01212708099046722,
        0.012099259009119123,
        0.014168519002851099,
        0.016310286009684205,
        0.016324843018082902,
        0.01629172102548182,
        0.016378363012336195,
        0.01643550000153482,
        0.014526851009577513,
        0.012414190015988424,
        0.012716275989077985,
        0.012058522988809273,
        0.012083109002560377,
        0.012128664006013423,
        0.014178037003148347,
        0.01638699902105145,
        0.016375498002162203,
        0.014592363993870094,
        0.0162844370061066,
        0.012674847996095195,
        0.012329269986366853,
        0.012120077008148655,
        0.012104227993404493,
        0.014182125014485791,
        0.016283906006719917,
        0.01633779698750004,
        0.016322117997333407,
        0.016337817010935396,
        0.016411565011367202,
        0.014613273000577465,
        0.012406434980221093,
        0.01275283400900662,
        0.012029598001390696,
        0.012098578008590266,
        0.012168849003501236,
        0.014223803009372205,
        0.016372601996408775,
        0.0163867789960932,
        0.014682183013064787,
        0.01628043901291676,
        0.012704524007858709,
        0.012257155001861975,
        0.012114778015529737,
        0.012099289015168324,
        0.014206049003405496,
        0.016270421008812264,
        0.016330473008565605,
        0.0163431869877968,
        0.016220677993260324,
        0.01635498899850063,
        0.014392918994417414,
        0.012409040005877614,
        0.0127161749987863,
        0.012048442993545905,
        0.012089500000001863,
        0.01217885798541829,
        0.014234011992812157
      ]
    },
    "backward": {
      "mean_seconds": 0.014746778367552907,
      "stdev_seconds": 0.00248831446641937,
      "min_seconds": 0.008857259002979845,
      "max_seconds": 0.02386861899867654,
      "timings_seconds": [
        0.02386861899867654,
        0.023735628987196833,
        0.012980901985429227,
        0.012794752983609214,
        0.016935727995587513,
        0.016714623983716592,
        0.017004187015118077,
        0.013022569997701794,
        0.012702849984634668,
        0.01281023200135678,
        0.017010748997563496,
        0.015250717988237739,
        0.013410196988843381,
        0.012837243004469201,
        0.014877617999445647,
        0.017100427008699626,
        0.016592425003182143,
        0.015073415997903794,
        0.013425846002064645,
        0.012719602003926411,
        0.014924255985533819,
        0.016993577009998262,
        0.01692443698993884,
        0.013010817987378687,
        0.012763684993842617,
        0.01698545101680793,
        0.0169826670025941,
        0.017089286004193127,
        0.013124941993737593,
        0.012756501004332677,
        0.012751711998134851,
        0.016895762993954122,
        0.015206334996037185,
        0.013380650983890519,
        0.012721665989374742,
        0.014854765991913155,
        0.017009166011121124,
        0.016601231007371098,
        0.015329115994973108,
        0.013487871998222545,
        0.012748115987051278,
        0.014928002987289801,
        0.01704758801497519,
        0.01314423800795339,
        0.010749338020104915,
        0.00934866099851206,
        0.012503706995630637,
        0.012544413999421522,
        0.009735155006637797,
        0.008857259002979845,
        0.011896137992152944,
        0.013131874991813675,
        0.015353711001807824,
        0.012834176974138245,
        0.01267309399554506,
        0.016963570000370964,
        0.017016428988426924,
        0.01708740199683234,
        0.012671762000536546,
        0.01274694301537238,
        0.012866967997979373,
        0.017090267996536568,
        0.01702590798959136,
        0.012981323001440614,
        0.012808658997528255,
        0.01700406600139104,
        0.016901093011256307,
        0.017090848996303976,
        0.013228886993601918,
        0.012973768985830247,
        0.012744067993480712,
        0.01706592200207524,
        0.015482302027521655,
        0.015511417004745454,
        0.01298789499560371,
        0.012708520982414484,
        0.016926009993767366,
        0.01697997099836357,
        0.0170502629771363,
        0.013029351976001635,
        0.012369996984489262,
        0.012881505012046546,
        0.017074438015697524,
        0.016913436993490905,
        0.012948641990078613,
        0.012854725995566696,
        0.016923626011703163,
        0.01693787198746577,
        0.017099154007155448,
        0.013102641009027138,
        0.013005807995796204,
        0.012811815016902983,
        0.017033732001436874,
        0.015386582992505282,
        0.015471351973246783,
        0.012920357985422015,
        0.012675128993578255,
        0.017005089001031592,
        0.017097111005568877,
        0.01706349800224416
      ],
      "memory_allocated_before_backward": {
        "mean_bytes": 27557888.0,
        "max_bytes": 27557888,
        "mean_gb": 0.025665283203125,
        "max_gb": 0.025665283203125
      },
      "memory_reserved_before_backward": {
        "mean_bytes": 205520896.0,
        "max_bytes": 205520896,
        "mean_gb": 0.19140625,
        "max_gb": 0.19140625
      }
    },
    "attention_scores_bytes": 33554432
  },
  {
    "config": {
      "implementation": "flash_pytorch",
      "batch_size": 8,
      "d_model": 64,
      "sequence_length": 4096,
      "warmup_steps": 10,
      "measure_steps": 100,
      "device": "cuda:0",
      "dtype": "fp32",
      "is_causal": false,
      "campaign": "assignment_attention_full",
      "output_root": "data/section1_2"
    },
    "status": "ok",
    "forward": {
      "mean_seconds": 0.16595028854935662,
      "stdev_seconds": 0.011948228298341143,
      "min_seconds": 0.11419247600133531,
      "max_seconds": 0.17453957899124362,
      "timings_seconds": [
        0.11898782799835317,
        0.1592875579954125,
        0.17301176401088014,
        0.16866746701998636,
        0.17305196900269948,
        0.16854339497513138,
        0.17266971300705336,
        0.16695124900434166,
        0.17453957899124362,
        0.1668524149863515,
        0.1744488489930518,
        0.16524657301488332,
        0.17214189301012084,
        0.16501995801809244,
        0.17197699399548583,
        0.1647994150116574,
        0.17263176199048758,
        0.16460071198525839,
        0.17267788801109418,
        0.1509378310001921,
        0.1215613939857576,
        0.15924235299462453,
        0.16850211800192483,
        0.17253936899942346,
        0.16887263298849575,
        0.17264632898150012,
        0.16861239497666247,
        0.1726334449776914,
        0.16698778799036518,
        0.17436946000088938,
        0.16691494200495072,
        0.17260439100209624,
        0.1651323089899961,
        0.17218323997803964,
        0.16493896700558253,
        0.17253106299904175,
        0.16437962799682282,
        0.17254059098195285,
        0.16424236999591812,
        0.1591565230046399,
        0.11701260399422608,
        0.16116715400130488,
        0.1707032949780114,
        0.16868377799983136,
        0.1728471759997774,
        0.1688901550078299,
        0.1725936600123532,
        0.16885983900283463,
        0.17246918700402603,
        0.16688370300107636,
        0.17420206702081487,
        0.16688523601624183,
        0.17269628299982287,
        0.1650329019757919,
        0.17210042499937117,
        0.1646284739836119,
        0.17241922300308943,
        0.16423810200649314,
        0.1723265589971561,
        0.1508957619953435,
        0.12305021597421728,
        0.15573145999223925,
        0.168588880012976,
        0.1727627770160325,
        0.1688429469941184,
        0.1727944370068144,
        0.16865240901825018,
        0.1726963630062528,
        0.16704984399257228,
        0.1741439379984513,
        0.16678301399224438,
        0.17420567298540846,
        0.16520752001088113,
        0.1720909369760193,
        0.16476005999720655,
        0.17203624499961734,
        0.16498849901836365,
        0.17251114602549933,
        0.1641492049966473,
        0.16301409600418992,
        0.11419247600133531,
        0.16074983999715187,
        0.1686639210092835,
        0.16853912701481022,
        0.17309480102267116,
        0.1687508250179235,
        0.1726331539975945,
        0.16865510400384665,
        0.1728274089982733,
        0.16708285600179806,
        0.17439413600368425,
        0.1668985410069581,
        0.1744044560182374,
        0.16522236799937673,
        0.17225910298293456,
        0.1648253329913132,
        0.17238332598935813,
        0.1648628829861991,
        0.1724720819911454,
        0.15488574400660582
      ]
    },
    "backward": {
      "mean_seconds": 0.2329231878326391,
      "stdev_seconds": 0.01769402371485871,
      "min_seconds": 0.16580840697861277,
      "max_seconds": 0.24919058600789867,
      "timings_seconds": [
        0.24229819199535996,
        0.23249691200908273,
        0.24535222898703068,
        0.2368229940184392,
        0.2377163390046917,
        0.23626590901403688,
        0.18395708900061436,
        0.24550126702524722,
        0.22729265299858525,
        0.2472295089974068,
        0.23294653501943685,
        0.245476209995104,
        0.2288948470086325,
        0.24919058600789867,
        0.21419090399285778,
        0.23419567800010554,
        0.2311031279969029,
        0.2474612740043085,
        0.23455003200797364,
        0.23981631701462902,
        0.234619691997068,
        0.24361692398088053,
        0.23800914801540785,
        0.1795073550019879,
        0.23638166699674912,
        0.24206163801136427,
        0.24074199300957844,
        0.2337728450074792,
        0.2408010539948009,
        0.23875741197844036,
        0.24320948999957182,
        0.16897914299624972,
        0.24259876500582322,
        0.23688967898488045,
        0.2453092479845509,
        0.22731799000757746,
        0.24719233802170493,
        0.23254123501828872,
        0.2458260570128914,
        0.20529700600309297,
        0.23685989301884547,
        0.23259748000418767,
        0.24387472801026888,
        0.23084318099427037,
        0.2471972279890906,
        0.23433070100145414,
        0.23987568900338374,
        0.23478821801836602,
        0.1897143749811221,
        0.2365626459941268,
        0.23780026598251425,
        0.23639662499772385,
        0.24212546800845303,
        0.24079688597703353,
        0.23262804801925085,
        0.24065563100157306,
        0.17921188101172447,
        0.24549394400673918,
        0.22717616401496343,
        0.24736309898435138,
        0.23295968901948072,
        0.24542650798684917,
        0.2289988629927393,
        0.24894940300146118,
        0.21092729398515075,
        0.23637962198699825,
        0.23111609200714156,
        0.2476447570079472,
        0.23427945500588976,
        0.23980650899466127,
        0.23499427500064485,
        0.2432059140119236,
        0.23843043801025487,
        0.18186912400415167,
        0.23638833899167366,
        0.24143773701507598,
        0.2407728510152083,
        0.23377696200623177,
        0.24055150500498712,
        0.2393314180080779,
        0.24322588098584674,
        0.16580840697861277,
        0.24713351801619865,
        0.23320945800514892,
        0.24556456599384546,
        0.22898905401234515,
        0.249002594006015,
        0.23158610402606428,
        0.24145961899193935,
        0.20943069699569605,
        0.24045013499562629,
        0.2344054910063278,
        0.2396327730093617,
        0.23496418798458762,
        0.2434969190217089,
        0.2387473530252464,
        0.2357479280035477,
        0.2378158759966027,
        0.1908842989942059,
        0.2410357340122573
      ],
      "memory_allocated_before_backward": {
        "mean_bytes": 59113472.0,
        "max_bytes": 59113472,
        "mean_gb": 0.0550537109375,
        "max_gb": 0.0550537109375
      },
      "memory_reserved_before_backward": {
        "mean_bytes": 205520896.0,
        "max_bytes": 205520896,
        "mean_gb": 0.19140625,
        "max_gb": 0.19140625
      }
    },
    "attention_scores_bytes": 536870912
  },
  {
    "config": {
      "implementation": "flash_pytorch",
      "batch_size": 8,
      "d_model": 64,
      "sequence_length": 8192,
      "warmup_steps": 10,
      "measure_steps": 100,
      "device": "cuda:0",
      "dtype": "fp32",
      "is_causal": false,
      "campaign": "assignment_attention_full",
      "output_root": "data/section1_2"
    },
    "status": "ok",
    "forward": {
      "mean_seconds": 0.6517528227306321,
      "stdev_seconds": 0.028016663249118362,
      "min_seconds": 0.5856481759983581,
      "max_seconds": 0.6691571339906659,
      "timings_seconds": [
        0.6689886479871348,
        0.6683791950054001,
        0.6685016439878382,
        0.6641618460125756,
        0.5856481759983581,
        0.6649204890127294,
        0.6643768989888486,
        0.6643055460008327,
        0.6641279630130157,
        0.5918729190016165,
        0.6686127829889301,
        0.6665596629900392,
        0.6681965320021845,
        0.666851410001982,
        0.588867434009444,
        0.6642227200209163,
        0.6640537840139586,
        0.6641892269835807,
        0.6676237989740912,
        0.598308045999147,
        0.6637219520052895,
        0.6686002500064205,
        0.6676792119978927,
        0.6681331440049689,
        0.6197989759966731,
        0.631646082008956,
        0.6646494510059711,
        0.6644466499856208,
        0.6640328149951529,
        0.6432354050048161,
        0.6129648810019717,
        0.6685832570074126,
        0.6669580900052097,
        0.6682568760006689,
        0.6666581179888453,
        0.5907527180097532,
        0.6639320550020784,
        0.6638254749996122,
        0.665386081993347,
        0.668078200018499,
        0.5931194669974502,
        0.6684853440092411,
        0.6681264209910296,
        0.6683708700002171,
        0.6657126340141986,
        0.5877844820206519,
        0.665029844007222,
        0.663968393986579,
        0.664171365002403,
        0.6635726920212619,
        0.5881184890167788,
        0.6691571339906659,
        0.6682171110005584,
        0.6666173910198268,
        0.6675610109814443,
        0.5889269349863753,
        0.6645783070125617,
        0.6639889130019583,
        0.6637103900138754,
        0.6659973780042492,
        0.5991951290052384,
        0.6633561259950511,
        0.6685729379823897,
        0.6679069990059361,
        0.6686983639956452,
        0.6208675300003961,
        0.6295438399829436,
        0.665059780003503,
        0.6638828130089678,
        0.663432969013229,
        0.645552890986437,
        0.6092532910115551,
        0.6685508670052513,
        0.6682629570132121,
        0.668109018006362,
        0.6658330409845803,
        0.5908349620003719,
        0.6630146759853233,
        0.6639702980173752,
        0.6637576379871462,
        0.6680173559871037,
        0.5952825129788835,
        0.6687708190002013,
        0.6686761309974827,
        0.6683808380039409,
        0.6674743879993912,
        0.5870218430063687,
        0.6649174230115023,
        0.6645639599882998,
        0.664203855994856,
        0.6637095780170057,
        0.5898730889894068,
        0.6688902030000463,
        0.6683095539920032,
        0.6666315179900266,
        0.6675819399824832,
        0.5930487540026661,
        0.6645915120025165,
        0.6642640180070885,
        0.664093869010685
      ]
    },
    "backward": {
      "mean_seconds": 0.9192076786482357,
      "stdev_seconds": 0.032251866537495795,
      "min_seconds": 0.855385622009635,
      "max_seconds": 0.9498836069833487,
      "timings_seconds": [
        0.9393861620046664,
        0.895658071996877,
        0.9402630560216494,
        0.8599685060034972,
        0.9360769859922584,
        0.8667467269988265,
        0.9444468209985644,
        0.864641608990496,
        0.9371631319809239,
        0.8573012039996684,
        0.9363754760124721,
        0.9280043180042412,
        0.9498836069833487,
        0.9434246640012134,
        0.9438020719971973,
        0.9373003900109325,
        0.9341275210026652,
        0.9342955650063232,
        0.8869397429807577,
        0.9407324659987353,
        0.8695301559928339,
        0.943593611009419,
        0.8664191420248244,
        0.9359403289854527,
        0.855385622009635,
        0.9405516469851136,
        0.8857921609887853,
        0.9438841860101093,
        0.9417076150130015,
        0.9441422600066289,
        0.9377187039935961,
        0.9342643569980282,
        0.9341869420022704,
        0.9337617639976088,
        0.9400110129790846,
        0.8919692439958453,
        0.9498658130178228,
        0.8638132060004864,
        0.9375343889987562,
        0.8624065779731609,
        0.9353841159900185,
        0.8658114829740953,
        0.9445759929949418,
        0.8917546820011921,
        0.9420652249827981,
        0.9353022839932237,
        0.9345988639979623,
        0.9338159559993073,
        0.9369029349763878,
        0.9429117429826874,
        0.9363640639930964,
        0.9444444969994947,
        0.8685872080095578,
        0.935845812986372,
        0.8600363740115426,
        0.9382338510185946,
        0.8650690900103655,
        0.9437328620115295,
        0.8690454780007713,
        0.9395470930030569,
        0.9000685430073645,
        0.9346478160005063,
        0.9340332130086608,
        0.9389546619786415,
        0.9495533570006955,
        0.9445426109887194,
        0.9420210930111352,
        0.9031933620281052,
        0.9420479630061891,
        0.8564209729956929,
        0.9407507599971723,
        0.8736921009840444,
        0.9440081889915746,
        0.8683869620144833,
        0.9373760120070074,
        0.8572165249788668,
        0.934112582996022,
        0.9170261720137205,
        0.9417844289855566,
        0.9447933410119731,
        0.94429711997509,
        0.9374917389941402,
        0.9359602469776291,
        0.9343264840135816,
        0.8931300510012079,
        0.9448685820098035,
        0.8621774179919157,
        0.9435632640088443,
        0.8637830489897169,
        0.933765180001501,
        0.8573752240044996,
        0.9343614889949095,
        0.882895399001427,
        0.9453365099907387,
        0.9495292119972873,
        0.9473670170118567,
        0.9376435029844288,
        0.936269015975995,
        0.9363193009921815,
        0.9426309459959157
      ],
      "memory_allocated_before_backward": {
        "mean_bytes": 101187584.0,
        "max_bytes": 101187584,
        "mean_gb": 0.09423828125,
        "max_gb": 0.09423828125
      },
      "memory_reserved_before_backward": {
        "mean_bytes": 205520896.0,
        "max_bytes": 205520896,
        "mean_gb": 0.19140625,
        "max_gb": 0.19140625
      }
    },
    "attention_scores_bytes": 2147483648
  },
  {
    "config": {
      "implementation": "flash_pytorch",
      "batch_size": 8,
      "d_model": 64,
      "sequence_length": 16384,
      "warmup_steps": 10,
      "measure_steps": 100,
      "device": "cuda:0",
      "dtype": "fp32",
      "is_causal": false,
      "campaign": "assignment_attention_full",
      "output_root": "data/section1_2"
    },
    "status": "ok",
    "forward": {
      "mean_seconds": 2.5441632839586235,
      "stdev_seconds": 0.12847287248401495,
      "min_seconds": 2.135210078995442,
      "max_seconds": 2.6522735039761756,
      "timings_seconds": [
        2.6505993850005325,
        2.5669176729861647,
        2.562410952989012,
        2.5790005510207266,
        2.6518329579848796,
        2.562594786984846,
        2.56744866000372,
        2.5702382099989336,
        2.609802631981438,
        2.613068114995258,
        2.256240025977604,
        2.136993652995443,
        2.135210078995442,
        2.2446375389990862,
        2.1402473940106574,
        2.1393359350040555,
        2.1409488799981773,
        2.243849932012381,
        2.146888218005188,
        2.189996795990737,
        2.5357497069926467,
        2.641766179993283,
        2.5619611389993224,
        2.5647729609918315,
        2.5613911199907307,
        2.6364385000197217,
        2.57798947498668,
        2.578732869005762,
        2.56809271700331,
        2.5690075419843197,
        2.6479448070167564,
        2.5734737680177204,
        2.5643836119852494,
        2.5718520060181618,
        2.651205811998807,
        2.574466049001785,
        2.570249832002446,
        2.564456257998245,
        2.5698374890198465,
        2.648305292997975,
        2.5672016160096973,
        2.5675910169957206,
        2.575803496001754,
        2.6522735039761756,
        2.566476005013101,
        2.5648835889878683,
        2.5667355119949207,
        2.612505750992568,
        2.6078448699845467,
        2.560572203976335,
        2.5701590520038735,
        2.5739522649964783,
        2.6497823929821607,
        2.5659003859909717,
        2.5661894280056003,
        2.4234144540096167,
        2.548956843005726,
        2.5663913969765417,
        2.5712820579938125,
        2.577908162988024,
        2.6510230590065476,
        2.569440092978766,
        2.567785720981192,
        2.5653479200263973,
        2.649026895989664,
        2.5682719630131032,
        2.5676931780180894,
        2.5703969680180307,
        2.6117751809943,
        2.6091856450075284,
        2.563837437017355,
        2.555244533024961,
        2.5723975589789916,
        2.646999323973432,
        2.566120078001404,
        2.5720330550102517,
        2.580035031976877,
        2.6483562079956755,
        2.5716949719935656,
        2.5666966589924414,
        2.5676723390060943,
        2.5750543420144822,
        2.642465591983637,
        2.560707898985129,
        2.5729419400158804,
        2.5749037690111436,
        2.6437871099915355,
        2.5607904339849483,
        2.56987370600109,
        2.568041581020225,
        2.5948704309994355,
        2.6105428400042,
        2.5751684060087427,
        2.580924159003189,
        2.5695891529903747,
        2.641390255012084,
        2.5658448619942646,
        2.573940833011875,
        2.5697643909952603,
        2.628529357985826
      ]
    },
    "backward": {
      "mean_seconds": 3.7140988831591675,
      "stdev_seconds": 0.025188253414924217,
      "min_seconds": 3.6038252290163655,
      "max_seconds": 3.73543128799065,
      "timings_seconds": [
        3.6893103110196535,
        3.6839282989967614,
        3.6918908410007134,
        3.6915341219864786,
        3.6038252290163655,
        3.6846692289982457,
        3.6801359669771045,
        3.683384418982314,
        3.6850288230052684,
        3.6750466840167064,
        3.6858434499881696,
        3.693220543995267,
        3.627931603026809,
        3.689990476006642,
        3.6847151149995625,
        3.6852776290033944,
        3.6861197580001317,
        3.686966867011506,
        3.687631162989419,
        3.6811632940080017,
        3.6573909359867685,
        3.6884250410075765,
        3.686657435988309,
        3.6909643129911274,
        3.6859308739949483,
        3.734726947004674,
        3.724915789003717,
        3.723641349002719,
        3.7308721489971504,
        3.7228627600125037,
        3.7304490260139573,
        3.732107816002099,
        3.7234048859972972,
        3.7290876720217057,
        3.726450917980401,
        3.723144157003844,
        3.7301330020127352,
        3.7253920520015527,
        3.723298917990178,
        3.7305174939974677,
        3.721032286994159,
        3.7310225809924304,
        3.7281600429851096,
        3.7240513279975858,
        3.729327832988929,
        3.731637413991848,
        3.7210850760166068,
        3.7271509709826205,
        3.7317657850217074,
        3.7221836259996053,
        3.7279412930074614,
        3.7292668480076827,
        3.7207639240077697,
        3.723333502013702,
        3.7291969969810452,
        3.7220988069893792,
        3.7316524319758173,
        3.7284805239760317,
        3.7304296789807267,
        3.721965186006855,
        3.7283059659821447,
        3.730150805989979,
        3.721965918026399,
        3.729416909016436,
        3.731866884016199,
        3.720878547988832,
        3.7243283569987398,
        3.731426237995038,
        3.7341831480152905,
        3.7197140250063967,
        3.7271235499938484,
        3.7327968179888558,
        3.720900719985366,
        3.725127846992109,
        3.732687352981884,
        3.7203290190082043,
        3.7288837200030684,
        3.728596010012552,
        3.7251786820124835,
        3.7290240930160508,
        3.7298478379962035,
        3.7267691050074063,
        3.7229256780119613,
        3.7288665479863994,
        3.73543128799065,
        3.7226087729795836,
        3.7272333249857184,
        3.730311196006369,
        3.7223876779899,
        3.6202298709831666,
        3.7339910070004407,
        3.718638018006459,
        3.7277206190046854,
        3.728789713990409,
        3.7229559940169565,
        3.7231912249990273,
        3.7338375599938445,
        3.7211002339900006,
        3.7275658779835794,
        3.732068662007805
      ],
      "memory_allocated_before_backward": {
        "mean_bytes": 185335808.0,
        "max_bytes": 185335808,
        "mean_gb": 0.172607421875,
        "max_gb": 0.172607421875
      },
      "memory_reserved_before_backward": {
        "mean_bytes": 507510784.0,
        "max_bytes": 507510784,
        "mean_gb": 0.47265625,
        "max_gb": 0.47265625
      }
    },
    "attention_scores_bytes": 8589934592
  },
  {
    "config": {
      "implementation": "flash_pytorch",
      "batch_size": 8,
      "d_model": 128,
      "sequence_length": 256,
      "warmup_steps": 10,
      "measure_steps": 100,
      "device": "cuda:0",
      "dtype": "fp32",
      "is_causal": false,
      "campaign": "assignment_attention_full",
      "output_root": "data/section1_2"
    },
    "status": "ok",
    "forward": {
      "mean_seconds": 0.0058476407389389355,
      "stdev_seconds": 0.0010313391290734933,
      "min_seconds": 0.0047346380015369505,
      "max_seconds": 0.0069562739809043705,
      "timings_seconds": [
        0.004762339987792075,
        0.006915047997608781,
        0.006917552003869787,
        0.006934463977813721,
        0.0069562739809043705,
        0.006938722013728693,
        0.0052314900094643235,
        0.006853862985735759,
        0.00687521300278604,
        0.006893026002217084,
        0.005170826014364138,
        0.004850795987294987,
        0.0048620580055285245,
        0.004861585999606177,
        0.004757301008794457,
        0.004784621996805072,
        0.004766817990457639,
        0.0047346380015369505,
        0.004746540973428637,
        0.006894157995702699,
        0.00688231602543965,
        0.006848161981906742,
        0.006919105013366789,
        0.006893215992022306,
        0.006916138983797282,
        0.006920458021340892,
        0.006954871991183609,
        0.006944202003069222,
        0.006937769998330623,
        0.00693759901332669,
        0.00687503200606443,
        0.004783250013133511,
        0.004882576002273709,
        0.004919234983390197,
        0.0048745410167612135,
        0.00525400202604942,
        0.004745518992422149,
        0.004774222004925832,
        0.004759564995765686,
        0.004752903012558818,
        0.004753613990033045,
        0.004849813994951546,
        0.004769382998347282,
        0.006908734998432919,
        0.006913282995810732,
        0.006936477002454922,
        0.006893086014315486,
        0.006924754998181015,
        0.005223906016908586,
        0.006857408996438608,
        0.0068495949963107705,
        0.0069010409933980554,
        0.005190702999243513,
        0.004849224002100527,
        0.004867787996772677,
        0.0048571579973213375,
        0.004772800020873547,
        0.004778720991453156,
        0.004769482999108732,
        0.004738746007205918,
        0.004740849981317297,
        0.006892214994877577,
        0.006884800008265302,
        0.006844124989584088,
        0.006908424984430894,
        0.006893507001223043,
        0.006937408994417638,
        0.006947859015781432,
        0.006927370995981619,
        0.006941175990505144,
        0.0069262280012480915,
        0.006938792008440942,
        0.006848792982054874,
        0.004745648999232799,
        0.004884018999291584,
        0.004932549985824153,
        0.004886473005171865,
        0.005247090011835098,
        0.004747934028273448,
        0.004745970014482737,
        0.00478013398242183,
        0.0047614290087949485,
        0.004761778982356191,
        0.0048554749810136855,
        0.004759133997140452,
        0.006908874987857416,
        0.006917652004631236,
        0.006947048008441925,
        0.0069432000163942575,
        0.006952176976483315,
        0.005282975995214656,
        0.006934612989425659,
        0.006877687002997845,
        0.0068493740109261125,
        0.005189580988371745,
        0.004854492988670245,
        0.004858940985286608,
        0.004864591988734901,
        0.004771526990225539,
        0.0047844109940342605
      ]
    },
    "backward": {
      "mean_seconds": 0.0057450154493562874,
      "stdev_seconds": 0.0010807476990618312,
      "min_seconds": 0.003998097003204748,
      "max_seconds": 0.006839885987574235,
      "timings_seconds": [
        0.004537628992693499,
        0.004586872004438192,
        0.004711315006716177,
        0.0067905940231867135,
        0.0068381229939404875,
        0.006786685989936814,
        0.006753413996193558,
        0.0067597659945022315,
        0.004736121976748109,
        0.004249890014762059,
        0.004621116007911041,
        0.0045955670066177845,
        0.0067738129873760045,
        0.006759486015653238,
        0.0067333469924051315,
        0.006799740978749469,
        0.006839885987574235,
        0.006818566005676985,
        0.0045996349945198745,
        0.0047794429992791265,
        0.004693249997217208,
        0.004603152017807588,
        0.004600977001246065,
        0.004699423006968573,
        0.006773011002223939,
        0.006828384997788817,
        0.006785122997825965,
        0.006683963991235942,
        0.006720402016071603,
        0.00472547099343501,
        0.004710452980361879,
        0.004628087976016104,
        0.004587391973473132,
        0.006737403979059309,
        0.0067296499910298735,
        0.00678182698902674,
        0.0067233379813842475,
        0.006811272993218154,
        0.0068099900090601295,
        0.004740559990750626,
        0.004752272012410685,
        0.004185138008324429,
        0.004630273004295304,
        0.004612499993527308,
        0.004602901986800134,
        0.006734629016136751,
        0.006793299020500854,
        0.005166196991922334,
        0.006692109018331394,
        0.004993362992536277,
        0.004747071012388915,
        0.004665910004405305,
        0.004342543019447476,
        0.00460813200334087,
        0.006748905987478793,
        0.006820318987593055,
        0.006792036001570523,
        0.006695996999042109,
        0.006797295995056629,
        0.006612148979911581,
        0.004808116005733609,
        0.0050806080107577145,
        0.003998097003204748,
        0.004610316012986004,
        0.004695665993494913,
        0.006764354009646922,
        0.006785523990401998,
        0.006827892997534946,
        0.006809600017732009,
        0.006748655025148764,
        0.004653376003261656,
        0.00471197601291351,
        0.0046603189839515835,
        0.004187883023405448,
        0.0067235680180601776,
        0.006713158974889666,
        0.006778270995710045,
        0.006767138984287158,
        0.006788861006498337,
        0.006772850989364088,
        0.004664487001718953,
        0.004779602983035147,
        0.005070178012829274,
        0.0046005769982002676,
        0.004220895003527403,
        0.0047795930004213005,
        0.0068285950110293925,
        0.006821200979175046,
        0.006797876994824037,
        0.006838845001766458,
        0.006732474983436987,
        0.004699091019574553,
        0.004722555982880294,
        0.0046728030138183385,
        0.004286087001673877,
        0.006751529988832772,
        0.006654497992713004,
        0.006693671981338412,
        0.006774694018531591,
        0.006788871018216014
      ],
      "memory_allocated_before_backward": {
        "mean_bytes": 22290432.0,
        "max_bytes": 22290432,
        "mean_gb": 0.02075958251953125,
        "max_gb": 0.02075958251953125
      },
      "memory_reserved_before_backward": {
        "mean_bytes": 507510784.0,
        "max_bytes": 507510784,
        "mean_gb": 0.47265625,
        "max_gb": 0.47265625
      }
    },
    "attention_scores_bytes": 2097152
  },
  {
    "config": {
      "implementation": "flash_pytorch",
      "batch_size": 8,
      "d_model": 128,
      "sequence_length": 1024,
      "warmup_steps": 10,
      "measure_steps": 100,
      "device": "cuda:0",
      "dtype": "fp32",
      "is_causal": false,
      "campaign": "assignment_attention_full",
      "output_root": "data/section1_2"
    },
    "status": "ok",
    "forward": {
      "mean_seconds": 0.014243663339293562,
      "stdev_seconds": 0.0019669673260949198,
      "min_seconds": 0.01206610701046884,
      "max_seconds": 0.016509929002495483,
      "timings_seconds": [
        0.016317778994562104,
        0.014605257980292663,
        0.012299865018576384,
        0.012219964992254972,
        0.012149623013101518,
        0.01206610701046884,
        0.01640332001261413,
        0.016359406989067793,
        0.015202948998194188,
        0.016399782994994894,
        0.01644371499423869,
        0.01640077499905601,
        0.012310905993217602,
        0.01238996398751624,
        0.012596230022609234,
        0.012098477018298581,
        0.01211397597217001,
        0.012192774011055008,
        0.01646419399185106,
        0.01643461800995283,
        0.01483931700931862,
        0.016445097979158163,
        0.014663386973552406,
        0.012309403013205156,
        0.012223441997775808,
        0.012148561014328152,
        0.0120706649904605,
        0.016375807987060398,
        0.016388692980399355,
        0.01637834298890084,
        0.01642773498315364,
        0.016485573985846713,
        0.016296359011903405,
        0.012404140987200662,
        0.012728549016173929,
        0.01208642401616089,
        0.012099599000066519,
        0.012185119994683191,
        0.014278254995588213,
        0.016471898998133838,
        0.016385235998313874,
        0.014718891005031765,
        0.016353536979295313,
        0.01263534399913624,
        0.012323208997258916,
        0.012123644002713263,
        0.01211963701643981,
        0.014232027984689921,
        0.016376839979784563,
        0.01641242697951384,
        0.016372311976738274,
        0.016463361971545964,
        0.016466537985252216,
        0.014263386983657256,
        0.01238978301989846,
        0.012582205003127456,
        0.012099649000447243,
        0.012105720990803093,
        0.012194448005175218,
        0.016453534015454352,
        0.01648565402138047,
        0.014822315017227083,
        0.01641128398478031,
        0.014676571998279542,
        0.012301096983719617,
        0.012230374006321654,
        0.012131900002714247,
        0.012078689993359149,
        0.01637895399471745,
        0.01637461598147638,
        0.01643323598545976,
        0.016422456013970077,
        0.01647983299335465,
        0.016398470994317904,
        0.012216969014843926,
        0.012394652992952615,
        0.012593835999723524,
        0.012092476012185216,
        0.01211811401299201,
        0.012167878012405708,
        0.016430029005277902,
        0.016509929002495483,
        0.014835740003036335,
        0.016345812007784843,
        0.014609715988626704,
        0.012301819020649418,
        0.012222249002661556,
        0.01213923399336636,
        0.012066938012139872,
        0.016395484999520704,
        0.016384635004214942,
        0.01639899201109074,
        0.016385877010179684,
        0.016468421992613003,
        0.016279457020573318,
        0.012413457996444777,
        0.012719561986159533,
        0.012080434011295438,
        0.012177576019894332,
        0.012143803003709763
      ]
    },
    "backward": {
      "mean_seconds": 0.015073515248659533,
      "stdev_seconds": 0.0019009761582717657,
      "min_seconds": 0.012817305978387594,
      "max_seconds": 0.01744160702219233,
      "timings_seconds": [
        0.017193631996633485,
        0.015627234999556094,
        0.015595634991768748,
        0.012951036012964323,
        0.012853213003836572,
        0.016739631013479084,
        0.017216434993315488,
        0.017195355001604185,
        0.01308120001340285,
        0.01284298300743103,
        0.01289748601266183,
        0.01716145098907873,
        0.01716991700232029,
        0.013112899992847815,
        0.012898326996946707,
        0.01708848398993723,
        0.017197949986439198,
        0.017315820994554088,
        0.013073635986074805,
        0.013352008012589067,
        0.012827022990677506,
        0.017298538994509727,
        0.015436507004778832,
        0.015509583987295628,
        0.01297388898092322,
        0.01286143800825812,
        0.01674241598811932,
        0.017138258001068607,
        0.01717847297550179,
        0.013534078985685483,
        0.012838725990150124,
        0.015066121995914727,
        0.017267529998207465,
        0.017166871984954923,
        0.013096078007947654,
        0.012817305978387594,
        0.0171511419757735,
        0.016701427986845374,
        0.017265867994865403,
        0.013146802986739203,
        0.012886605021776631,
        0.012915740022435784,
        0.01733941599377431,
        0.01558452399331145,
        0.013371734996326268,
        0.012878089008154348,
        0.01501940400339663,
        0.016752995987189934,
        0.017309488990576938,
        0.01492717198561877,
        0.013526123977499083,
        0.012829859013436362,
        0.015040083992062137,
        0.01725124998483807,
        0.017130342981545255,
        0.013003855012357235,
        0.012827174010453746,
        0.017231261997949332,
        0.016717068006983027,
        0.01726659800624475,
        0.01314009100315161,
        0.01285060797818005,
        0.012911130994325504,
        0.017228147014975548,
        0.015637964999768883,
        0.013402431999566033,
        0.01744160702219233,
        0.017187641002237797,
        0.017132567998487502,
        0.01684338500490412,
        0.013052396010607481,
        0.01287588500417769,
        0.012958851002622396,
        0.01717598899267614,
        0.015520343993557617,
        0.013432088016998023,
        0.012872168008470908,
        0.01505830802489072,
        0.01724023898714222,
        0.01688281900715083,
        0.01502290100324899,
        0.013509201991837472,
        0.01283288499689661,
        0.015027520013973117,
        0.017228287004400045,
        0.017139019997557625,
        0.01305843802401796,
        0.012863962998380885,
        0.01710716899833642,
        0.01711868098936975,
        0.016899259004276246,
        0.01311104599153623,
        0.012853041989728808,
        0.01294210899504833,
        0.01727919199038297,
        0.015553335979348049,
        0.013440373004414141,
        0.01290843600872904,
        0.015017190016806126,
        0.017203611001605168
      ],
      "memory_allocated_before_backward": {
        "mean_bytes": 38043648.0,
        "max_bytes": 38043648,
        "mean_gb": 0.035430908203125,
        "max_gb": 0.035430908203125
      },
      "memory_reserved_before_backward": {
        "mean_bytes": 507510784.0,
        "max_bytes": 507510784,
        "mean_gb": 0.47265625,
        "max_gb": 0.47265625
      }
    },
    "attention_scores_bytes": 33554432
  },
  {
    "config": {
      "implementation": "flash_pytorch",
      "batch_size": 8,
      "d_model": 128,
      "sequence_length": 4096,
      "warmup_steps": 10,
      "measure_steps": 100,
      "device": "cuda:0",
      "dtype": "fp32",
      "is_causal": false,
      "campaign": "assignment_attention_full",
      "output_root": "data/section1_2"
    },
    "status": "ok",
    "forward": {
      "mean_seconds": 0.176525919570704,
      "stdev_seconds": 0.003622202042096054,
      "min_seconds": 0.16999925498384982,
      "max_seconds": 0.18242514599114656,
      "timings_seconds": [
        0.1809452410088852,
        0.1746600359911099,
        0.18047900701640174,
        0.1706647830142174,
        0.1786607370013371,
        0.16999925498384982,
        0.17809029700583778,
        0.17644206699333154,
        0.17828852898674086,
        0.1804055490065366,
        0.17658242999459617,
        0.18016044999239966,
        0.17104623801424168,
        0.17823127200244926,
        0.17020323799806647,
        0.17840624001109973,
        0.17433895298745483,
        0.17618297101580538,
        0.18095516000175849,
        0.17629374799435027,
        0.18043263000436127,
        0.17458937299670652,
        0.17827939201379195,
        0.17069251500652172,
        0.17867593601113185,
        0.17013565101660788,
        0.17812969200895168,
        0.17638602197985165,
        0.17625819199020043,
        0.18063074100064114,
        0.176834952988429,
        0.18242514599114656,
        0.1709336380008608,
        0.17781079400447197,
        0.17069659300614148,
        0.17795547499554232,
        0.1743913709942717,
        0.17614513001171872,
        0.18076411198126152,
        0.17636590398615226,
        0.1806122270063497,
        0.17452588299056515,
        0.1782618199940771,
        0.17069452902069315,
        0.1784060699865222,
        0.17017621800187044,
        0.17823997797677293,
        0.18054896799731068,
        0.17838868699618615,
        0.1807079559948761,
        0.17447663101484068,
        0.17822667298605666,
        0.1706787100119982,
        0.17824656100128777,
        0.17045200400752947,
        0.1785469339811243,
        0.17851291099213995,
        0.1761604789935518,
        0.18070772601640783,
        0.17502629198133945,
        0.18232518900185823,
        0.17060272698290646,
        0.17793421499663964,
        0.17064363302779384,
        0.1782899519894272,
        0.1722629000141751,
        0.17603093601064757,
        0.18070526100927964,
        0.17628784800763242,
        0.18080351600656286,
        0.1744358339929022,
        0.18011650702101178,
        0.17114982201019302,
        0.17846549101523124,
        0.17034907100605778,
        0.1783461069862824,
        0.17443272902164608,
        0.1781142319960054,
        0.18068953201873228,
        0.17667829000856727,
        0.1823812939983327,
        0.1705898630025331,
        0.17791479898733087,
        0.17058412201004103,
        0.1782642639882397,
        0.17245399800594896,
        0.17622573097469285,
        0.18058709902106784,
        0.17843558499589562,
        0.18060385101125576,
        0.17484675502055325,
        0.17799664198537357,
        0.17044645300484262,
        0.17798637298983522,
        0.1722693819901906,
        0.17833684000652283,
        0.18071032100124285,
        0.17621614300878718,
        0.18086439999751747,
        0.1750475319859106
      ]
    },
    "backward": {
      "mean_seconds": 0.24899715803156142,
      "stdev_seconds": 0.008569417363575221,
      "min_seconds": 0.23490069000399671,
      "max_seconds": 0.2656344220158644,
      "timings_seconds": [
        0.26167337398510426,
        0.24262531401473098,
        0.24198562500532717,
        0.2590584410063457,
        0.238595228001941,
        0.24648829898796976,
        0.25669990698224865,
        0.2394242929876782,
        0.24839198801782914,
        0.2476408400107175,
        0.24316430499311537,
        0.25237499800277874,
        0.24177369798417203,
        0.2535320270108059,
        0.25429445700137876,
        0.23810902601690032,
        0.25801998301176354,
        0.2558540410245769,
        0.23759543200139888,
        0.2577606969862245,
        0.25218172499444336,
        0.23524139801156707,
        0.25952572701498866,
        0.24975132700637914,
        0.23490069000399671,
        0.2617779099964537,
        0.24506419798126444,
        0.2401288539986126,
        0.26154194699483924,
        0.24105183401843533,
        0.24421406397596002,
        0.2656344220158644,
        0.2395565409970004,
        0.2443142519914545,
        0.25969340099254623,
        0.23873834501137026,
        0.24645787198096514,
        0.25480808000429533,
        0.24149621700053103,
        0.2555053269898053,
        0.24763088100007735,
        0.2439805270114448,
        0.2574791689985432,
        0.2617988599813543,
        0.2392857930099126,
        0.24883985801716335,
        0.24556363499141298,
        0.24548613899969496,
        0.25284230400575325,
        0.24147148098563775,
        0.25365928598330356,
        0.26187475098413415,
        0.23968387898639776,
        0.2561687820125371,
        0.2589958130265586,
        0.23954161300207488,
        0.25602239702129737,
        0.2611429590033367,
        0.2418224589782767,
        0.253918481990695,
        0.25626935000764206,
        0.2400575900101103,
        0.25581445699208416,
        0.2591407840081956,
        0.23706417600624263,
        0.25784241998917423,
        0.25012253402383067,
        0.2353447519999463,
        0.26199424601509236,
        0.24888239899883047,
        0.23535693497979082,
        0.2615965889999643,
        0.24508321398752742,
        0.23978158200043254,
        0.24206687699188478,
        0.255472896998981,
        0.2525499059993308,
        0.24354542000219226,
        0.25342595801339485,
        0.24170839501312003,
        0.25338284799363464,
        0.2544799550087191,
        0.239684981002938,
        0.2537239369994495,
        0.2544363630004227,
        0.23775188601575792,
        0.2575898860231973,
        0.24983476399211213,
        0.23521627101581544,
        0.262207235005917,
        0.24729984102305025,
        0.23762415599776432,
        0.2618266720091924,
        0.24262643701513298,
        0.2421062010107562,
        0.2615149870107416,
        0.2398804679978639,
        0.24523845498333685,
        0.25683237600605935,
        0.23948243100312538
      ],
      "memory_allocated_before_backward": {
        "mean_bytes": 101056512.0,
        "max_bytes": 101056512,
        "mean_gb": 0.0941162109375,
        "max_gb": 0.0941162109375
      },
      "memory_reserved_before_backward": {
        "mean_bytes": 507510784.0,
        "max_bytes": 507510784,
        "mean_gb": 0.47265625,
        "max_gb": 0.47265625
      }
    },
    "attention_scores_bytes": 536870912
  },
  {
    "config": {
      "implementation": "flash_pytorch",
      "batch_size": 8,
      "d_model": 128,
      "sequence_length": 8192,
      "warmup_steps": 10,
      "measure_steps": 100,
      "device": "cuda:0",
      "dtype": "fp32",
      "is_causal": false,
      "campaign": "assignment_attention_full",
      "output_root": "data/section1_2"
    },
    "status": "ok",
    "forward": {
      "mean_seconds": 0.6301043513783953,
      "stdev_seconds": 0.0917044936206383,
      "min_seconds": 0.489711083995644,
      "max_seconds": 0.7096084190125111,
      "timings_seconds": [
        0.6876224800071213,
        0.7049498629930895,
        0.69706168101402,
        0.6879281330038793,
        0.697810234996723,
        0.7006605300121009,
        0.6903658549999818,
        0.6874981669825502,
        0.6987107330060098,
        0.6939510979864281,
        0.6903668759914581,
        0.7094263670151122,
        0.6943024169886485,
        0.6884729549929034,
        0.7011344780039508,
        0.7020980349916499,
        0.695202133996645,
        0.7001957680040505,
        0.6979921260208357,
        0.6884222300141118,
        0.6939450369973201,
        0.6985148660023697,
        0.6886449870071374,
        0.6936177019961178,
        0.7009448619792238,
        0.6939842799911276,
        0.6880262779886834,
        0.6966888919996563,
        0.6962212450162042,
        0.6882123469840735,
        0.695888981979806,
        0.7026869489927776,
        0.6912095470179338,
        0.6870792410045397,
        0.7004164419777226,
        0.6920086949830875,
        0.691299305006396,
        0.7070561030122917,
        0.6948517959972378,
        0.6883286749944091,
        0.6933265459956601,
        0.6991494859976228,
        0.6875735179928597,
        0.6956579580146354,
        0.7005632370128296,
        0.6926694749854505,
        0.6872975609730929,
        0.6986689639743418,
        0.6939604159852024,
        0.6871987659833394,
        0.7091993509966414,
        0.7012880359834526,
        0.687331905006431,
        0.6982828000036534,
        0.6952767639886588,
        0.6876297940034419,
        0.7001294840010814,
        0.6999316629953682,
        0.688753670983715,
        0.6917781329830177,
        0.7001971999998204,
        0.6878873569949064,
        0.6955125159875024,
        0.7096084190125111,
        0.6881821389833931,
        0.6939571289985906,
        0.6018166349967942,
        0.4938325730036013,
        0.5079062530130614,
        0.5027120540034957,
        0.49775292398408055,
        0.5047391150146723,
        0.500305751018459,
        0.497548460989492,
        0.5078914560144767,
        0.5000877419952303,
        0.49560819199541584,
        0.5072172220097855,
        0.49583471700316295,
        0.5034745430166367,
        0.5077196530182846,
        0.49358357599703595,
        0.5042434050119482,
        0.5006744519923814,
        0.497438795020571,
        0.5096355769783258,
        0.49993677000747994,
        0.4937679709983058,
        0.5067616170272231,
        0.4980542989796959,
        0.5013268660113681,
        0.5084207380132284,
        0.49593391199596226,
        0.4974202099838294,
        0.5066319539910182,
        0.489711083995644,
        0.5067124750057701,
        0.5029460020014085,
        0.4931093769846484,
        0.504868086980423
      ]
    },
    "backward": {
      "mean_seconds": 0.726605212877912,
      "stdev_seconds": 0.010647702549275901,
      "min_seconds": 0.6871895779913757,
      "max_seconds": 0.7570236930041574,
      "timings_seconds": [
        0.7348883739905432,
        0.7389573440013919,
        0.7269185589975677,
        0.7265887600078713,
        0.7330560680129565,
        0.7292653899930883,
        0.7251698090112768,
        0.7332257359812502,
        0.7232774309813976,
        0.7291557939897757,
        0.7328317369974684,
        0.7352018319943454,
        0.7237540839996655,
        0.7291614149871748,
        0.7344664929842111,
        0.7234965210082009,
        0.7312566339969635,
        0.7324576360115316,
        0.7219079729984514,
        0.7338478029996622,
        0.7337594979908317,
        0.7218950280221179,
        0.7277527429978363,
        0.7338695439975709,
        0.7223299339821097,
        0.7316058879951015,
        0.734062264993554,
        0.7261781599954702,
        0.7284665720071644,
        0.7353262650140096,
        0.7176937100011855,
        0.7290478319919202,
        0.7347554250154644,
        0.7250563970010262,
        0.7315803810197394,
        0.7381395009870175,
        0.7218184749945067,
        0.7285566010104958,
        0.7331658740004059,
        0.7187420259870123,
        0.7314348279905971,
        0.7346812059986405,
        0.7227299939841032,
        0.7334827479789965,
        0.7420287739951164,
        0.7220538959954865,
        0.7269364120147657,
        0.7346526919864118,
        0.7224661090003792,
        0.731200248003006,
        0.7441620239987969,
        0.7340382900147233,
        0.7284818709886167,
        0.7254450560139958,
        0.734274602989899,
        0.7283138950006105,
        0.7439927469822578,
        0.7237295289814938,
        0.7228327869961504,
        0.7240338190167677,
        0.7360954569885507,
        0.7092420819972176,
        0.7260875009815209,
        0.7354428129910957,
        0.6993845760007389,
        0.7214561860018875,
        0.7258820350107271,
        0.7311197369999718,
        0.7307819340203423,
        0.7260968780028634,
        0.7222643310087733,
        0.7194642399845179,
        0.708693974011112,
        0.7292374780226965,
        0.7348025729879737,
        0.7199959979916457,
        0.7281976579979528,
        0.7326990479778033,
        0.7227783460111823,
        0.7570236930041574,
        0.7247090559976641,
        0.7274293469963595,
        0.7337425049918238,
        0.7331664350058418,
        0.7105328130128328,
        0.7174957589886617,
        0.7330709059897345,
        0.7303874740027823,
        0.7145199179940391,
        0.7295026849897113,
        0.6871895779913757,
        0.7320055580057669,
        0.7085515969956759,
        0.689863994019106,
        0.7139966170070693,
        0.7353863669850398,
        0.7174480599933304,
        0.7177441649837419,
        0.6910932579776272,
        0.7122796179901343
      ],
      "memory_allocated_before_backward": {
        "mean_bytes": 185073664.0,
        "max_bytes": 185073664,
        "mean_gb": 0.17236328125,
        "max_gb": 0.17236328125
      },
      "memory_reserved_before_backward": {
        "mean_bytes": 507510784.0,
        "max_bytes": 507510784,
        "mean_gb": 0.47265625,
        "max_gb": 0.47265625
      }
    },
    "attention_scores_bytes": 2147483648
  },
  {
    "config": {
      "implementation": "flash_pytorch",
      "batch_size": 8,
      "d_model": 128,
      "sequence_length": 16384,
      "warmup_steps": 10,
      "measure_steps": 100,
      "device": "cuda:0",
      "dtype": "fp32",
      "is_causal": false,
      "campaign": "assignment_attention_full",
      "output_root": "data/section1_2"
    },
    "status": "ok",
    "forward": {
      "mean_seconds": 2.639601301202492,
      "stdev_seconds": 0.29545207649800354,
      "min_seconds": 2.0094886040023994,
      "max_seconds": 2.83281855401583,
      "timings_seconds": [
        2.099555930006318,
        2.0708474249986466,
        2.0509659630188253,
        2.0119351519970223,
        2.047641779005062,
        2.099698937003268,
        2.159549941017758,
        2.106830411008559,
        2.110642398998607,
        2.090200606995495,
        2.0979986099991947,
        2.11471525701927,
        2.1249582239834126,
        2.141980544984108,
        2.0954688049969263,
        2.1113916040048935,
        2.096695987012936,
        2.1501076650165487,
        2.0266962610185146,
        2.0094886040023994,
        2.0506075309822336,
        2.055181667994475,
        2.7800293839827646,
        2.800286230019992,
        2.7977275220036972,
        2.786600035004085,
        2.8001803010120057,
        2.7964629500056617,
        2.7847614479833283,
        2.799777545995312,
        2.80014561599819,
        2.782684011996025,
        2.798497806012165,
        2.8022223899897654,
        2.7830655979923904,
        2.798085151996929,
        2.8003946329990868,
        2.784660448000068,
        2.80097344898968,
        2.796990299015306,
        2.7885817009955645,
        2.8005275019968394,
        2.795359541021753,
        2.7905485189985484,
        2.7990766009897925,
        2.792850055004237,
        2.7950538379955105,
        2.7983469429891557,
        2.7899580119992606,
        2.7943819079955574,
        2.795864458021242,
        2.7916864329890814,
        2.795926063990919,
        2.793007700005546,
        2.792013376019895,
        2.801914873998612,
        2.786348953988636,
        2.795603147998918,
        2.801850854011718,
        2.785323962016264,
        2.8030650810105726,
        2.7925919120025355,
        2.7922576349810697,
        2.7978055980056524,
        2.7910737640049774,
        2.8008305600087624,
        2.7893685869930778,
        2.790942288003862,
        2.8069759549980517,
        2.7831689810263924,
        2.793439771019621,
        2.80613933497807,
        2.786950332025299,
        2.799273932003416,
        2.796578577021137,
        2.7845545999880414,
        2.8003438580199145,
        2.7963301109848544,
        2.792016332008643,
        2.796853863983415,
        2.7924398470204324,
        2.80656505402294,
        2.7891214830160607,
        2.8033696520142257,
        2.7900721660116687,
        2.8044049729942344,
        2.786267471004976,
        2.793958644004306,
        2.804017936985474,
        2.7867148499935865,
        2.803246480994858,
        2.7910187910019886,
        2.8012858139991295,
        2.7921452739974484,
        2.83281855401583,
        2.793277176009724,
        2.7989361580112018,
        2.7959288389829453,
        2.790397856995696,
        2.802653459017165
      ]
    },
    "backward": {
      "mean_seconds": 3.4260745210407184,
      "stdev_seconds": 0.6025838170998478,
      "min_seconds": 2.2761196740029845,
      "max_seconds": 4.090656861983007,
      "timings_seconds": [
        3.0005768080009148,
        3.37130363000324,
        4.069259328010958,
        4.062092208012473,
        2.92430463101482,
        4.061676026991336,
        4.057332862983458,
        4.079080844996497,
        4.069968819007045,
        3.2269542739959434,
        2.841105544997845,
        2.822788806981407,
        2.834213431022363,
        2.828475280024577,
        2.8446638070163317,
        2.8264501630037557,
        2.827306398015935,
        2.8369959789852146,
        2.838684826012468,
        2.827825392014347,
        2.8303905320062768,
        2.844601380988024,
        2.832178725017002,
        2.8302655769803096,
        2.2761196740029845,
        2.923646145995008,
        2.9259199000080116,
        2.9204668150050566,
        2.9294238809961826,
        2.923029139987193,
        2.912065430020448,
        2.931098742003087,
        2.9277753589849453,
        2.9238431160047185,
        2.9172099270217586,
        2.89553318900289,
        2.8916173960024025,
        2.8635137249948457,
        2.9356826870061923,
        2.9169700170168653,
        2.8684412250004243,
        2.8821675349900033,
        2.9267791410093196,
        2.8953502560034394,
        2.7977129140053876,
        2.8142964110011235,
        2.8212062589882407,
        2.849151873990195,
        2.901295132993255,
        2.890372030000435,
        2.896475145011209,
        2.844913374981843,
        3.013436601991998,
        2.7966006490169093,
        2.7995055560022593,
        2.8355712769844104,
        2.809110367001267,
        2.90321575498092,
        2.858032235992141,
        2.8968494969885796,
        3.8627110249944963,
        4.074351997987833,
        4.072582590015372,
        4.073377871012781,
        4.077272113005165,
        4.074135902017588,
        4.072784137009876,
        4.06610335901496,
        4.069387156981975,
        4.077832173003117,
        4.071517232019687,
        4.068854418001138,
        4.073315283021657,
        4.0715406160161365,
        4.076083664986072,
        4.079378173017176,
        4.076346557994839,
        4.0649464299785905,
        4.074200653994922,
        4.078114914009348,
        4.069417684018845,
        4.067130917013856,
        4.090656861983007,
        4.069088917982299,
        4.075717086991062,
        4.065033863997087,
        4.0749568509927485,
        4.076162954006577,
        4.084734556992771,
        4.067004708980676,
        4.074867193994578,
        4.076132736983709,
        4.063056145008886,
        4.073438444000203,
        4.071271260007052,
        4.0702898599847686,
        4.063829335005721,
        4.078427539992845,
        4.068913829978555,
        4.069591431005392
      ],
      "memory_allocated_before_backward": {
        "mean_bytes": 353107968.0,
        "max_bytes": 353107968,
        "mean_gb": 0.328857421875,
        "max_gb": 0.328857421875
      },
      "memory_reserved_before_backward": {
        "mean_bytes": 1111490560.0,
        "max_bytes": 1111490560,
        "mean_gb": 1.03515625,
        "max_gb": 1.03515625
      }
    },
    "attention_scores_bytes": 8589934592
  }
]
