/home/ethan/github/ece405-assignment4-hpc/.venv/lib/python3.12/site-packages/torch/autograd/graph.py:869: UserWarning: Attempting to run cuBLAS, but there was no current CUDA context! Attempting to set the primary context... (Triggered internally at /pytorch/aten/src/ATen/cuda/CublasHandlePool.cpp:335.)
  return Variable._execution_engine.run_backward(  # Calls into the C++ engine to run the backward pass
[
  {
    "config": {
      "implementation": "naive",
      "batch_size": 8,
      "d_model": 16,
      "sequence_length": 256,
      "warmup_steps": 10,
      "measure_steps": 100,
      "device": "cuda:0",
      "dtype": "fp32",
      "is_causal": false,
      "campaign": "assignment_attention_full",
      "output_root": "data/section1_2"
    },
    "status": "ok",
    "forward": {
      "mean_seconds": 0.006518767251109238,
      "stdev_seconds": 0.0014471138618984494,
      "min_seconds": 0.00295715598622337,
      "max_seconds": 0.009753519989317283,
      "timings_seconds": [
        0.007012860995018855,
        0.005300578981405124,
        0.006951454997761175,
        0.006911800999660045,
        0.007040220982162282,
        0.005799203994683921,
        0.004919705010252073,
        0.004964830004610121,
        0.004881573986494914,
        0.004673785006161779,
        0.004969228990375996,
        0.004803768009878695,
        0.004788770020240918,
        0.004900739004369825,
        0.0069281320029404014,
        0.00682502900599502,
        0.006839264999143779,
        0.006960512982914224,
        0.006960893020732328,
        0.007967601006384939,
        0.008989797992398962,
        0.009000538004329428,
        0.009117297013290226,
        0.009078814997337759,
        0.00908899400383234,
        0.009128789009992033,
        0.007820525002898648,
        0.007148535019950941,
        0.007150529010687023,
        0.007113960979040712,
        0.007461252011125907,
        0.00694048497825861,
        0.00693981398944743,
        0.006941055995412171,
        0.00553921700338833,
        0.004797175992280245,
        0.004750898981001228,
        0.004681518999859691,
        0.0067705659894272685,
        0.006781636999221519,
        0.006829808000475168,
        0.006804520002333447,
        0.006890882010338828,
        0.0048078060208354145,
        0.00295715598622337,
        0.0067409010080154985,
        0.006786826997995377,
        0.006795172987040132,
        0.005022427998483181,
        0.0047223060100805014,
        0.004765525984112173,
        0.004791465005837381,
        0.004659967991756275,
        0.004722815996501595,
        0.0047040010103955865,
        0.00463902999763377,
        0.00494535401230678,
        0.006817935005528852,
        0.006769925006665289,
        0.006763964018318802,
        0.0067693339951802045,
        0.0074051860137842596,
        0.006806624005548656,
        0.006884448986966163,
        0.006732374022249132,
        0.006922330998349935,
        0.004990908986655995,
        0.006969800015212968,
        0.0068560570070985705,
        0.006311926001217216,
        0.0057475070061627775,
        0.0060808729904238135,
        0.006464903010055423,
        0.0070874209923204035,
        0.006104366999352351,
        0.00570948701351881,
        0.006018525979015976,
        0.006312558019999415,
        0.006555943982675672,
        0.0064134669955819845,
        0.006371218012645841,
        0.009099974995478988,
        0.009164746006717905,
        0.009152202983386815,
        0.009067293023690581,
        0.009158654982456937,
        0.007673929998418316,
        0.00918029499007389,
        0.009056281996890903,
        0.009753519989317283,
        0.0070475950196851045,
        0.007068535021971911,
        0.005485216010129079,
        0.0049407150072511286,
        0.004879249987425283,
        0.004804599011549726,
        0.0047371130203828216,
        0.004752882989123464,
        0.006876104016555473,
        0.0068834080011583865
      ]
    },
    "backward": {
      "mean_seconds": 0.00857127963914536,
      "stdev_seconds": 0.0019258751242151543,
      "min_seconds": 0.004737813986139372,
      "max_seconds": 0.02141639997716993,
      "timings_seconds": [
        0.006188334024045616,
        0.008936597994761541,
        0.008947549009462819,
        0.008866457006661221,
        0.008681699982844293,
        0.008778361021541059,
        0.006848011980764568,
        0.00694220801233314,
        0.006761209020623937,
        0.0063181479927152395,
        0.007972018996952102,
        0.008919204992707819,
        0.007278778997715563,
        0.007677938003325835,
        0.009030454006278887,
        0.008998403995065019,
        0.009528218011837453,
        0.00675419601611793,
        0.008503986988216639,
        0.008818026020890102,
        0.008889550023013726,
        0.009099102986510843,
        0.010905930976150557,
        0.009479336004005745,
        0.011158634995808825,
        0.011130922997836024,
        0.011016639007721096,
        0.009084995981538668,
        0.009146711992798373,
        0.008745970990275964,
        0.009057435003342107,
        0.011069147003581747,
        0.010772660985821858,
        0.0110546899959445,
        0.01120114399236627,
        0.011143124982481822,
        0.010321064008167014,
        0.00965293199988082,
        0.009214138000970706,
        0.00947060901671648,
        0.008888328011380509,
        0.008780034986557439,
        0.009068615006981418,
        0.010890863020904362,
        0.011038058990379795,
        0.010987723973812535,
        0.008679266000399366,
        0.008725131978280842,
        0.006726193008944392,
        0.0067827089806087315,
        0.006347502989228815,
        0.006824726995546371,
        0.00882064100005664,
        0.008695995988091454,
        0.008782680000877008,
        0.008818967005936429,
        0.008796476002316922,
        0.009024191997013986,
        0.007409754995023832,
        0.006884258997160941,
        0.0071455689903814346,
        0.0063845019903965294,
        0.0067897720145992935,
        0.0068964120000600815,
        0.008980780985439196,
        0.00877035700250417,
        0.008832623017951846,
        0.008751270011998713,
        0.008710112975677475,
        0.004737813986139372,
        0.006876614992506802,
        0.0066972589993383735,
        0.006238238012883812,
        0.008836761000566185,
        0.008843033021548763,
        0.00880908899125643,
        0.02141639997716993,
        0.006887215015012771,
        0.007294629001989961,
        0.006658605998381972,
        0.006745940976543352,
        0.006826180993812159,
        0.008595779014285654,
        0.008859644003678113,
        0.008859302994096652,
        0.008842270995955914,
        0.00896300800377503,
        0.006778279988793656,
        0.0068673779896926135,
        0.00669077699421905,
        0.006662293017143384,
        0.008903947018552572,
        0.00881376798497513,
        0.008659889979753643,
        0.00898188300197944,
        0.008918784995330498,
        0.008761099015828222,
        0.007408934005070478,
        0.006958529003895819,
        0.007136553002055734
      ],
      "memory_allocated_before_backward": {
        "mean_bytes": 19791872.0,
        "max_bytes": 19791872,
        "mean_gb": 0.0184326171875,
        "max_gb": 0.0184326171875
      },
      "memory_reserved_before_backward": {
        "mean_bytes": 44040192.0,
        "max_bytes": 44040192,
        "mean_gb": 0.041015625,
        "max_gb": 0.041015625
      }
    },
    "attention_scores_bytes": 2097152
  },
  {
    "config": {
      "implementation": "naive",
      "batch_size": 8,
      "d_model": 16,
      "sequence_length": 1024,
      "warmup_steps": 10,
      "measure_steps": 100,
      "device": "cuda:0",
      "dtype": "fp32",
      "is_causal": false,
      "campaign": "assignment_attention_full",
      "output_root": "data/section1_2"
    },
    "status": "ok",
    "forward": {
      "mean_seconds": 0.00610127516934881,
      "stdev_seconds": 0.0016794841079183238,
      "min_seconds": 0.002926347980974242,
      "max_seconds": 0.009247120004147291,
      "timings_seconds": [
        0.009142994997091591,
        0.00924466599826701,
        0.007630217995028943,
        0.009043308004038408,
        0.009101307019591331,
        0.009247120004147291,
        0.007867632986744866,
        0.007085877005010843,
        0.007263721025083214,
        0.007033809990389273,
        0.006965531996684149,
        0.007135310996090993,
        0.00704528100322932,
        0.006979537982260808,
        0.00701533499523066,
        0.009115223016124219,
        0.009068404993740842,
        0.009066892002010718,
        0.009134268999332562,
        0.00905281602172181,
        0.009089464991120622,
        0.009186918003251776,
        0.00902140702237375,
        0.008286217984277755,
        0.00694120698608458,
        0.006923382985405624,
        0.0069887049903627485,
        0.0054650579986628145,
        0.004927029018290341,
        0.005013662012061104,
        0.005038208008045331,
        0.005284168990328908,
        0.004814719024579972,
        0.004806743003427982,
        0.004803216987056658,
        0.004877175000729039,
        0.004828693985473365,
        0.00494386101490818,
        0.004882556007942185,
        0.006935274985153228,
        0.00686545399366878,
        0.005576236988417804,
        0.004853221005760133,
        0.0048437429941259325,
        0.004088415997102857,
        0.0052623680094257,
        0.006173596979351714,
        0.0066619830031413585,
        0.004597811988787726,
        0.00369435700122267,
        0.003599519986892119,
        0.0036994669935666025,
        0.0032846599933691323,
        0.003286513005150482,
        0.0031490650144405663,
        0.0032105800055433065,
        0.003106715012108907,
        0.002926347980974242,
        0.004801414004759863,
        0.006087665999075398,
        0.006613261008169502,
        0.006550903985043988,
        0.0068461979972198606,
        0.006934624019777402,
        0.006934453995199874,
        0.006986450986005366,
        0.006998503988143057,
        0.0069815719907637686,
        0.007016939023742452,
        0.007012459973338991,
        0.005274931987514719,
        0.005006488005165011,
        0.005014812981244177,
        0.004895449994364753,
        0.0053727250196971,
        0.00489574097446166,
        0.004745408979943022,
        0.004829085024539381,
        0.004869802010944113,
        0.004788468999322504,
        0.004932319017825648,
        0.004875904007349163,
        0.006949050992261618,
        0.006982152990531176,
        0.006976742995902896,
        0.006974568997975439,
        0.007130059995688498,
        0.005419422988779843,
        0.006899236992467195,
        0.006936446996405721,
        0.00697972800116986,
        0.005554796021897346,
        0.005039849987952039,
        0.004882876994088292,
        0.004960141988703981,
        0.004798056994332001,
        0.004884680005488917,
        0.004782689007697627,
        0.0047745830088388175,
        0.0047598660166841
      ]
    },
    "backward": {
      "mean_seconds": 0.004081975258304738,
      "stdev_seconds": 0.002098725106072563,
      "min_seconds": 0.00034956500167027116,
      "max_seconds": 0.006969959998968989,
      "timings_seconds": [
        0.0051749539852607995,
        0.006846358999609947,
        0.005475206999108195,
        0.004806933982763439,
        0.004429176013218239,
        0.004719901015050709,
        0.0044694209937006235,
        0.006814778986154124,
        0.00684132901369594,
        0.0067893220111727715,
        0.006796094996389002,
        0.0067454189993441105,
        0.006969959998968989,
        0.0044233149965293705,
        0.004562825983157381,
        0.004648267000447959,
        0.004633078002370894,
        0.0047014260198920965,
        0.004719810996903107,
        0.006809578975662589,
        0.006377569981850684,
        0.00433152201003395,
        0.005886898987228051,
        0.005055630987044424,
        0.0037365570024121553,
        0.0028941170021425933,
        0.0033855779911391437,
        0.003402781003387645,
        0.006010901997797191,
        0.0033996549900621176,
        0.003364328993484378,
        0.003285350016085431,
        0.0031687819864600897,
        0.0031454179843422025,
        0.00158809800632298,
        0.0010353609977755696,
        0.00040203399839811027,
        0.0005652499967254698,
        0.00041913599125109613,
        0.00044350099051371217,
        0.0030132699757814407,
        0.0031037699955049902,
        0.0012045089970342815,
        0.0025751590146683156,
        0.0025082429929170758,
        0.0005441299872472882,
        0.0005096450040582567,
        0.0004899990162812173,
        0.0008930150070227683,
        0.00419840301037766,
        0.00456479997956194,
        0.004433654015883803,
        0.0044293150131125,
        0.004654038028093055,
        0.00425396699574776,
        0.002455865003867075,
        0.00038091398891992867,
        0.0011268130037933588,
        0.0018813379865605384,
        0.0010166470019612461,
        0.0011836499907076359,
        0.004580139007885009,
        0.004562805988825858,
        0.0028585900145117193,
        0.004218991001835093,
        0.0012510860105976462,
        0.0005403129907790571,
        0.00040834498940967023,
        0.0003890389925800264,
        0.00034956500167027116,
        0.0023537139932159334,
        0.006654338008956984,
        0.006719530996633694,
        0.006634271005168557,
        0.006599604996154085,
        0.006776586989872158,
        0.004761087999213487,
        0.004797856992809102,
        0.0042240209877491,
        0.004633389005903155,
        0.004611657001078129,
        0.004627347021596506,
        0.0068362200108822435,
        0.006763302983017638,
        0.0051337059994693846,
        0.006765496975276619,
        0.005259333003778011,
        0.004703990998677909,
        0.004622699023457244,
        0.0042869589815381914,
        0.004594936006469652,
        0.00680221599759534,
        0.006590439006686211,
        0.0067262529919389635,
        0.006792697997298092,
        0.006811583996750414,
        0.006656771991401911,
        0.004636194003978744,
        0.004745719983475283,
        0.004219953989377245
      ],
      "memory_allocated_before_backward": {
        "mean_bytes": 53215232.0,
        "max_bytes": 53215232,
        "mean_gb": 0.049560546875,
        "max_gb": 0.049560546875
      },
      "memory_reserved_before_backward": {
        "mean_bytes": 182452224.0,
        "max_bytes": 182452224,
        "mean_gb": 0.169921875,
        "max_gb": 0.169921875
      }
    },
    "attention_scores_bytes": 33554432
  },
  {
    "config": {
      "implementation": "naive",
      "batch_size": 8,
      "d_model": 16,
      "sequence_length": 4096,
      "warmup_steps": 10,
      "measure_steps": 100,
      "device": "cuda:0",
      "dtype": "fp32",
      "is_causal": false,
      "campaign": "assignment_attention_full",
      "output_root": "data/section1_2"
    },
    "status": "ok",
    "forward": {
      "mean_seconds": 0.021683437589090318,
      "stdev_seconds": 0.002753536180310754,
      "min_seconds": 0.014770558016607538,
      "max_seconds": 0.025655620003817603,
      "timings_seconds": [
        0.018482668994693086,
        0.021287638985086232,
        0.01943331098300405,
        0.01863027599756606,
        0.018897426984040067,
        0.02302681002765894,
        0.025291277008363977,
        0.02369174698833376,
        0.021922318992437795,
        0.018977175990585238,
        0.01872032499522902,
        0.022873912996146828,
        0.025021401001140475,
        0.024940037983469665,
        0.02511692899861373,
        0.021725109982071444,
        0.019583704008255154,
        0.01877375500043854,
        0.019087312975898385,
        0.022970474004978314,
        0.025282319984398782,
        0.023480470990762115,
        0.021911218005698174,
        0.01868993800599128,
        0.018756401987047866,
        0.022921513009350747,
        0.024826504988595843,
        0.02522759701241739,
        0.02538457201444544,
        0.02182896400336176,
        0.019739025010494515,
        0.01707604099647142,
        0.014770558016607538,
        0.020454066019738093,
        0.025339567015180364,
        0.023391144000925124,
        0.021219782007392496,
        0.019278510997537524,
        0.01874089299235493,
        0.023068629001500085,
        0.025243045995011926,
        0.025259376998292282,
        0.025570961006451398,
        0.021890839998377487,
        0.019846816983772442,
        0.019011861004401,
        0.01913564300048165,
        0.02316816500388086,
        0.025655620003817603,
        0.023910868010716513,
        0.021764442994026467,
        0.019004898000275716,
        0.0187242119864095,
        0.023091671988368034,
        0.024947522004367784,
        0.025043781992280856,
        0.02520780000486411,
        0.02176744901225902,
        0.019714058988029137,
        0.018820543016772717,
        0.018934094987343997,
        0.023049743002047762,
        0.025284192990511656,
        0.023468097992008552,
        0.021772278007119894,
        0.018950545985717326,
        0.018885554978623986,
        0.02311708001070656,
        0.023933559976285324,
        0.020144415000686422,
        0.023207499005366117,
        0.019989955006167293,
        0.01605325299897231,
        0.015848228009417653,
        0.016147820017067716,
        0.020826644991757348,
        0.02449606597656384,
        0.02386941999429837,
        0.01836517799529247,
        0.019032190000871196,
        0.02059421900776215,
        0.020803120016353205,
        0.02492562000406906,
        0.025072677002754062,
        0.02532949802116491,
        0.021485981007572263,
        0.019561350985895842,
        0.019007002003490925,
        0.020053204003488645,
        0.021883687004446983,
        0.025240761984605342,
        0.023529391997726634,
        0.021562924986938015,
        0.01891116300248541,
        0.018644802999915555,
        0.023062567022861913,
        0.02504130799206905,
        0.02502734199515544,
        0.024976505985250697,
        0.02163390800706111
      ]
    },
    "backward": {
      "mean_seconds": 0.021134849711088463,
      "stdev_seconds": 0.0037980717655362564,
      "min_seconds": 0.011475047998828813,
      "max_seconds": 0.029448062006849796,
      "timings_seconds": [
        0.014827093982603401,
        0.011966478981776163,
        0.018320254021091387,
        0.0190968599927146,
        0.01660606000223197,
        0.014046099007828161,
        0.0233509780082386,
        0.01973189099226147,
        0.018626789998961613,
        0.024927974998718128,
        0.02465335000306368,
        0.019431919005000964,
        0.019045344000915065,
        0.023729217995423824,
        0.01987034099875018,
        0.015551453019725159,
        0.02498492199811153,
        0.02404335601022467,
        0.019312926015118137,
        0.018826223007636145,
        0.023550633020931855,
        0.01932608100469224,
        0.01879529599682428,
        0.02536287999828346,
        0.026820825005415827,
        0.01918798201950267,
        0.020926441007759422,
        0.023660108010517433,
        0.018982236011652276,
        0.020473912998568267,
        0.024969382997369394,
        0.023309699987294152,
        0.018873852997785434,
        0.02086009702179581,
        0.01969956001266837,
        0.01775193799403496,
        0.017863007000414655,
        0.02469203298096545,
        0.023807424993719906,
        0.019178214017301798,
        0.021013644989579916,
        0.02353477300493978,
        0.01852449800935574,
        0.022992765996605158,
        0.024848366010701284,
        0.021562543988693506,
        0.01892478798981756,
        0.022732788987923414,
        0.024865608022082597,
        0.018548792984802276,
        0.024986664997413754,
        0.024950697988970205,
        0.019580647989641875,
        0.018315696011995897,
        0.025286948977736756,
        0.01868517798720859,
        0.012813206994906068,
        0.024724032991798595,
        0.02517954699578695,
        0.020898077986203134,
        0.018965163006214425,
        0.02266281799529679,
        0.02659438000409864,
        0.018644071009475738,
        0.025067916983971372,
        0.02528630700544454,
        0.019462606986053288,
        0.018770088005112484,
        0.025601577974157408,
        0.024543854990042746,
        0.01903304099687375,
        0.023249749006936327,
        0.025221155025064945,
        0.02467170500312932,
        0.019055804004892707,
        0.027183564990991727,
        0.01914289701380767,
        0.016633512015687302,
        0.01696115601225756,
        0.01752992201363668,
        0.011475047998828813,
        0.024391128012211993,
        0.018522964004660025,
        0.013741918985033408,
        0.01839302000007592,
        0.017695723014185205,
        0.013333833980141208,
        0.018720975989708677,
        0.025068417977308854,
        0.024852734990417957,
        0.018906864017480984,
        0.024951589002739638,
        0.024729813012527302,
        0.020527785003650934,
        0.019037549005588517,
        0.025163367012282833,
        0.029448062006849796,
        0.027798797993455082,
        0.024844238010700792,
        0.025589445023797452
      ],
      "memory_allocated_before_backward": {
        "mean_bytes": 564396032.0,
        "max_bytes": 564396032,
        "mean_gb": 0.525634765625,
        "max_gb": 0.525634765625
      },
      "memory_reserved_before_backward": {
        "mean_bytes": 2329935872.0,
        "max_bytes": 2329935872,
        "mean_gb": 2.169921875,
        "max_gb": 2.169921875
      }
    },
    "attention_scores_bytes": 536870912
  },
  {
    "config": {
      "implementation": "naive",
      "batch_size": 8,
      "d_model": 16,
      "sequence_length": 8192,
      "warmup_steps": 10,
      "measure_steps": 100,
      "device": "cuda:0",
      "dtype": "fp32",
      "is_causal": false,
      "campaign": "assignment_attention_full",
      "output_root": "data/section1_2"
    },
    "status": "ok",
    "forward": {
      "mean_seconds": 0.0828889036536566,
      "stdev_seconds": 0.012512118927849683,
      "min_seconds": 0.04392638101126067,
      "max_seconds": 0.1092490250011906,
      "timings_seconds": [
        0.06929799899808131,
        0.08068134498898871,
        0.08574226501514204,
        0.1092490250011906,
        0.07720083798631094,
        0.0967885900172405,
        0.08300876899738796,
        0.09654235799098387,
        0.0923018250032328,
        0.08579624601406977,
        0.0952905910089612,
        0.07917801599251106,
        0.10258942699874751,
        0.08698644899413921,
        0.09196885101846419,
        0.08804804901592433,
        0.08628683700226247,
        0.09482001801370643,
        0.08165392899536528,
        0.09644023602595553,
        0.0836938040156383,
        0.0963876280002296,
        0.09139583699288778,
        0.08502509101526812,
        0.09524204899207689,
        0.08239610100281425,
        0.09852466499432921,
        0.085155645996565,
        0.09189171702018939,
        0.08491448301356286,
        0.058548540982883424,
        0.07469984801718965,
        0.06059781400836073,
        0.07724526099627838,
        0.07086698099737987,
        0.09292794999782927,
        0.08763762001763098,
        0.08598751499084756,
        0.09565404200111516,
        0.08324696600902826,
        0.09730595999280922,
        0.08459133701398969,
        0.09212224898510613,
        0.08908983200672083,
        0.08646147401304916,
        0.09513218401116319,
        0.08222920697880909,
        0.0973730859986972,
        0.08198019000701606,
        0.09689584100851789,
        0.08889685099711642,
        0.0857636560103856,
        0.0957137840159703,
        0.08166324600460939,
        0.09828239100170322,
        0.08457777198054828,
        0.09191396800451912,
        0.08929828301188536,
        0.08780869000474922,
        0.09889228499378078,
        0.07847463598591276,
        0.09903807801310904,
        0.0814885180152487,
        0.09697816500556655,
        0.0883259100082796,
        0.0859755830024369,
        0.09388101700460538,
        0.08256454599904828,
        0.08061247499426827,
        0.08666314202127978,
        0.07278965701698326,
        0.06803340700571425,
        0.08047255399287678,
        0.06340267398627475,
        0.08312227201531641,
        0.07719426602125168,
        0.07752908300608397,
        0.062379524984862655,
        0.08510917800595053,
        0.07060979900415987,
        0.09590277800452895,
        0.09158576300251298,
        0.08511143201030791,
        0.08068561300751753,
        0.047610859997803345,
        0.060073530999943614,
        0.04392638101126067,
        0.051923788007115945,
        0.05612030701013282,
        0.07186670502414927,
        0.07715282798744738,
        0.06267943698912859,
        0.07735604900517501,
        0.06381392499315552,
        0.07825508501264267,
        0.07213051000144333,
        0.06573665101313964,
        0.07603006300632842,
        0.0659266370057594,
        0.08245402900502086
      ]
    },
    "backward": {
      "mean_seconds": 0.07099454421986592,
      "stdev_seconds": 0.012450332564192009,
      "min_seconds": 0.03283662599278614,
      "max_seconds": 0.11204153200378641,
      "timings_seconds": [
        0.07879823399707675,
        0.07444439898245037,
        0.06613952599582262,
        0.07164576099603437,
        0.06694343400886282,
        0.0644458000024315,
        0.0683334399946034,
        0.07678939701872878,
        0.0502115769777447,
        0.0478310440084897,
        0.03283662599278614,
        0.06021788198268041,
        0.06299409701023251,
        0.06792301998939365,
        0.07594828002038412,
        0.07613238401245326,
        0.07283842799370177,
        0.06480484301573597,
        0.06508336501428857,
        0.0625344559957739,
        0.06834150498616509,
        0.07082251799874939,
        0.07251403899863362,
        0.07765331698465161,
        0.09222370001953095,
        0.07985533500323072,
        0.06738548300927505,
        0.06355666302260943,
        0.0564135669847019,
        0.0635869390098378,
        0.07406469699344598,
        0.07811466199927963,
        0.07935759198153391,
        0.06919566600117832,
        0.07157317499513738,
        0.06432948200381361,
        0.057226272008847445,
        0.05754985901876353,
        0.06736342000658624,
        0.068729874008568,
        0.060159451997606084,
        0.06671554601052776,
        0.07448138800100423,
        0.07697882200591266,
        0.0772790249902755,
        0.07357441799831577,
        0.06276356600574218,
        0.06524074001936242,
        0.11204153200378641,
        0.08915787999285385,
        0.08034949301509187,
        0.08487752400105819,
        0.09276101700379513,
        0.09727443099836819,
        0.09390614498988725,
        0.09606061500380747,
        0.10010132199386135,
        0.08009078699979,
        0.06844271498266608,
        0.06129648498608731,
        0.03872358499211259,
        0.049083090998465195,
        0.05190193699672818,
        0.07401879099779762,
        0.07894058999954723,
        0.07771768697421066,
        0.06759328200132586,
        0.07132061099400744,
        0.06153944897232577,
        0.06613385601667687,
        0.07217804898391478,
        0.0773228170000948,
        0.07938300000387244,
        0.07263821200467646,
        0.07126057898858562,
        0.06217610399471596,
        0.06460541900014505,
        0.07658046498545446,
        0.0830957519938238,
        0.07683845900464803,
        0.07597813601023518,
        0.07785869197687134,
        0.06554549201973714,
        0.06729770702077076,
        0.07138849899638444,
        0.06869174199528061,
        0.05624474099022336,
        0.04315425400272943,
        0.046776356000918895,
        0.07109826500527561,
        0.0839953399845399,
        0.07608635898213834,
        0.07529717800207436,
        0.07475449101184495,
        0.07977119798306376,
        0.06707480002660304,
        0.06960464399890043,
        0.07222236201050691,
        0.08682675901218317,
        0.07642901100916788
      ],
      "memory_allocated_before_backward": {
        "mean_bytes": 2185494528.0,
        "max_bytes": 2185494528,
        "mean_gb": 2.035400390625,
        "max_gb": 2.035400390625
      },
      "memory_reserved_before_backward": {
        "mean_bytes": 10919870464.0,
        "max_bytes": 10919870464,
        "mean_gb": 10.169921875,
        "max_gb": 10.169921875
      }
    },
    "attention_scores_bytes": 2147483648
  },
  {
    "config": {
      "implementation": "naive",
      "batch_size": 8,
      "d_model": 16,
      "sequence_length": 16384,
      "warmup_steps": 10,
      "measure_steps": 100,
      "device": "cuda:0",
      "dtype": "fp32",
      "is_causal": false,
      "campaign": "assignment_attention_full",
      "output_root": "data/section1_2"
    },
    "status": "oom",
    "error": "CUDA out of memory. Tried to allocate 8.00 GiB. GPU 0 has a total capacity of 94.97 GiB of which 1.18 GiB is free. Process 911662 has 4.51 GiB memory in use. Process 1033637 has 56.75 GiB memory in use. Including non-PyTorch memory, this process has 16.73 GiB memory in use. Process 2441448 has 1.18 GiB memory in use. Process 2451319 has 11.58 GiB memory in use. Process 2452439 has 1.96 GiB memory in use. Process 2460137 has 550.00 MiB memory in use. Process 2460211 has 550.00 MiB memory in use. Of the allocated memory 16.06 GiB is allocated by PyTorch, and 7.75 MiB is reserved by PyTorch but unallocated. If reserved but unallocated memory is large try setting PYTORCH_CUDA_ALLOC_CONF=expandable_segments:True to avoid fragmentation.  See documentation for Memory Management  (https://docs.pytorch.org/docs/stable/notes/cuda.html#optimizing-memory-usage-with-pytorch-cuda-alloc-conf)"
  },
  {
    "config": {
      "implementation": "naive",
      "batch_size": 8,
      "d_model": 32,
      "sequence_length": 256,
      "warmup_steps": 10,
      "measure_steps": 100,
      "device": "cuda:0",
      "dtype": "fp32",
      "is_causal": false,
      "campaign": "assignment_attention_full",
      "output_root": "data/section1_2"
    },
    "status": "ok",
    "forward": {
      "mean_seconds": 0.007729854768840596,
      "stdev_seconds": 0.00239375813496345,
      "min_seconds": 0.0010926690010819584,
      "max_seconds": 0.015822940971702337,
      "timings_seconds": [
        0.007016087009105831,
        0.006864562979899347,
        0.007439239998348057,
        0.0090832730056718,
        0.009189322008751333,
        0.009124350995989516,
        0.007760221982607618,
        0.00707659000181593,
        0.007314417016459629,
        0.007111456012353301,
        0.013247652008431032,
        0.006880984001327306,
        0.003354209999088198,
        0.007014863978838548,
        0.006921939988387749,
        0.00849943800130859,
        0.0059909039991907775,
        0.008689173992024735,
        0.009318053984316066,
        0.010163679020479321,
        0.009844971005804837,
        0.0071138399944175035,
        0.005732980993343517,
        0.006915167992701754,
        0.007401059003314003,
        0.00899941599345766,
        0.007832217001123354,
        0.007244195003295317,
        0.0070542480098083615,
        0.014703021006425843,
        0.012992903997655958,
        0.007355051988270134,
        0.0024915619869716465,
        0.007447826996212825,
        0.009182028996292502,
        0.009069306979654357,
        0.008952406991738826,
        0.009072291984921321,
        0.009097248985199258,
        0.009061040997039527,
        0.009106226993026212,
        0.009039641008712351,
        0.007704326999373734,
        0.006674134987406433,
        0.006921599997440353,
        0.013821158005157486,
        0.015822940971702337,
        0.00509078599861823,
        0.007090175990015268,
        0.006998664001002908,
        0.007092690997524187,
        0.006856457010144368,
        0.004937969002639875,
        0.004911719996016473,
        0.005505723995156586,
        0.00917650799965486,
        0.010459643992362544,
        0.00777488001040183,
        0.01257313700625673,
        0.009682887000963092,
        0.012008247984340414,
        0.0010926690010819584,
        0.010899409011472017,
        0.005997756990836933,
        0.004888476978521794,
        0.008121179009322077,
        0.00585918701835908,
        0.005761765001807362,
        0.004890841984888539,
        0.006082616018829867,
        0.006078308011638001,
        0.008325281989527866,
        0.00464397799805738,
        0.007343811012106016,
        0.008011873986106366,
        0.005169965006643906,
        0.00713269499829039,
        0.008355828991625458,
        0.008355898986337706,
        0.008980240003438666,
        0.009048578009242192,
        0.00906893698265776,
        0.009048998996149749,
        0.009093192027648911,
        0.006874951999634504,
        0.005161959998076782,
        0.004477415990550071,
        0.008227879006881267,
        0.005714847007766366,
        0.0072787399985827506,
        0.004317817016271874,
        0.004527730023255572,
        0.00747970599331893,
        0.005753809993620962,
        0.006515326997032389,
        0.007403964002151042,
        0.005028148996643722,
        0.00909288102411665,
        0.009100234979996458,
        0.008905850001610816
      ]
    },
    "backward": {
      "mean_seconds": 0.0062290911178570245,
      "stdev_seconds": 0.003102275276049188,
      "min_seconds": 0.0022062169737182558,
      "max_seconds": 0.027836369001306593,
      "timings_seconds": [
        0.007815506018232554,
        0.006659858976490796,
        0.008999145997222513,
        0.007127144985133782,
        0.006920418003574014,
        0.006717045995173976,
        0.00472222498501651,
        0.005050501000368968,
        0.006864593015052378,
        0.006714852002914995,
        0.006177294009830803,
        0.006710001995088533,
        0.0038049959985073656,
        0.007317010982660577,
        0.0051174869877286255,
        0.004651032009860501,
        0.0034149339771829545,
        0.0022062169737182558,
        0.005439891014248133,
        0.007620149001013488,
        0.002575780003098771,
        0.008861737995175645,
        0.006851256999652833,
        0.0054427169961854815,
        0.003363296971656382,
        0.004757121001603082,
        0.005092139006592333,
        0.005157360981684178,
        0.004578785999910906,
        0.002786265016766265,
        0.00851019797846675,
        0.0046476950228679925,
        0.011052446003304794,
        0.010461166995810345,
        0.0026448699936736375,
        0.003984682000009343,
        0.0022098839981481433,
        0.007679591013584286,
        0.006747614010237157,
        0.006557946995599195,
        0.004407273983815685,
        0.004642766987672076,
        0.004546354990452528,
        0.0067263639939483255,
        0.006302658992353827,
        0.008818696980597451,
        0.027836369001306593,
        0.002271028992254287,
        0.006867969001177698,
        0.006654308992438018,
        0.006582623987924308,
        0.00796639799955301,
        0.009039841999765486,
        0.008857640001224354,
        0.008829377009533346,
        0.008312998979818076,
        0.008936288009863347,
        0.005487980990437791,
        0.006939682993106544,
        0.00740351399872452,
        0.006789200997445732,
        0.006826490978710353,
        0.00689815598889254,
        0.01525185999344103,
        0.008358073013368994,
        0.006828885991126299,
        0.008930987009080127,
        0.008822793985018507,
        0.005169694020878524,
        0.0072970839974004775,
        0.0044486419938039035,
        0.007175145001383498,
        0.006532929983222857,
        0.006556303997058421,
        0.0066843240056186914,
        0.0064861029968596995,
        0.009266447013942525,
        0.007348058978095651,
        0.003829049994237721,
        0.0028940769843757153,
        0.004459322022739798,
        0.002413665992207825,
        0.004435217007994652,
        0.004447429993888363,
        0.006562496011611074,
        0.006394500989699736,
        0.005015975999413058,
        0.004062007006723434,
        0.0037889749801252037,
        0.0031247589795384556,
        0.002980009012389928,
        0.003077820991165936,
        0.00275464600417763,
        0.005126083007780835,
        0.0054725719965063035,
        0.005553535011131316,
        0.005500504019437358,
        0.005039289011619985,
        0.005539097008295357,
        0.003323903016280383
      ],
      "memory_allocated_before_backward": {
        "mean_bytes": 20447232.0,
        "max_bytes": 20447232,
        "mean_gb": 0.01904296875,
        "max_gb": 0.01904296875
      },
      "memory_reserved_before_backward": {
        "mean_bytes": 8669626368.0,
        "max_bytes": 8669626368,
        "mean_gb": 8.07421875,
        "max_gb": 8.07421875
      }
    },
    "attention_scores_bytes": 2097152
  },
  {
    "config": {
      "implementation": "naive",
      "batch_size": 8,
      "d_model": 32,
      "sequence_length": 1024,
      "warmup_steps": 10,
      "measure_steps": 100,
      "device": "cuda:0",
      "dtype": "fp32",
      "is_causal": false,
      "campaign": "assignment_attention_full",
      "output_root": "data/section1_2"
    },
    "status": "ok",
    "forward": {
      "mean_seconds": 0.005815279699745588,
      "stdev_seconds": 0.0016887544172106998,
      "min_seconds": 0.0022303519945126027,
      "max_seconds": 0.015383718011435121,
      "timings_seconds": [
        0.00706592999631539,
        0.006921208987478167,
        0.007032027002424002,
        0.0070438980183098465,
        0.006988665001699701,
        0.005520712002180517,
        0.006945984991034493,
        0.006937480007763952,
        0.00701656800811179,
        0.005527594999875873,
        0.004982292011845857,
        0.00492401298834011,
        0.004983224003808573,
        0.00485091598238796,
        0.004838772991206497,
        0.004879469983279705,
        0.004813045990886167,
        0.015383718011435121,
        0.0032304879860021174,
        0.006782387994462624,
        0.006948549998924136,
        0.0069910600141156465,
        0.0069679270091000944,
        0.007020666002063081,
        0.006882505986141041,
        0.006914345984114334,
        0.007053066015942022,
        0.0070075709954835474,
        0.0070106070197653025,
        0.0055252210004255176,
        0.004931597999529913,
        0.00500836200080812,
        0.004910187999485061,
        0.005617112998152152,
        0.005998558015562594,
        0.004487825004616752,
        0.0065141649974975735,
        0.0022303519945126027,
        0.0048749510024208575,
        0.004971121990820393,
        0.004872977995546535,
        0.007101466995663941,
        0.00694617599947378,
        0.007000056997640058,
        0.006942689011339098,
        0.007054919027723372,
        0.005305439000949264,
        0.008694354008184746,
        0.005329953972250223,
        0.0076689810084644705,
        0.0048745800158940256,
        0.004948789981426671,
        0.006176441995194182,
        0.005998638982418925,
        0.0025651899923104793,
        0.004855545004829764,
        0.006538179994095117,
        0.003136070998152718,
        0.004845707007916644,
        0.0069082950067240745,
        0.006976111006224528,
        0.006929394003236666,
        0.006998404016485438,
        0.0070136629801709205,
        0.006834636995336041,
        0.007056052010739222,
        0.0069536899973172694,
        0.006982844992307946,
        0.006894409016240388,
        0.007063786004437134,
        0.008737344003748149,
        0.0037221600068733096,
        0.0049808799813035876,
        0.005034931004047394,
        0.0049729949969332665,
        0.0052866430196445435,
        0.0048333229788113385,
        0.0048209200031124055,
        0.0048646329960320145,
        0.0048948990006465465,
        0.004898515995591879,
        0.0048759939963929355,
        0.004841749992920086,
        0.007042376004392281,
        0.006994216004386544,
        0.006953629985218868,
        0.007086589001119137,
        0.006869703007396311,
        0.004427993000717834,
        0.004713508998975158,
        0.004849955003010109,
        0.00610217300709337,
        0.00433772400720045,
        0.0034115469898097217,
        0.003404404007596895,
        0.0029766809893772006,
        0.0034470139944460243,
        0.003393262973986566,
        0.0033901979913935065,
        0.003360412025358528
      ]
    },
    "backward": {
      "mean_seconds": 0.005220284301321954,
      "stdev_seconds": 0.0016501151166147935,
      "min_seconds": 0.0008056310180108994,
      "max_seconds": 0.009613015979994088,
      "timings_seconds": [
        0.0033660320041235536,
        0.003576577000785619,
        0.00553962800768204,
        0.008986752014607191,
        0.00678179701208137,
        0.0067963849869556725,
        0.006758634001016617,
        0.004811643011635169,
        0.0036996470007579774,
        0.004677510994952172,
        0.004630943993106484,
        0.006872447003843263,
        0.006708139000693336,
        0.0067918659769929945,
        0.0068426409852690995,
        0.006768441991880536,
        0.006924754998181015,
        0.007004354003584012,
        0.004835316998651251,
        0.0052231940208002925,
        0.0046470939996652305,
        0.005710117984563112,
        0.002554460021201521,
        0.006785284000216052,
        0.006880511995404959,
        0.006827031989814714,
        0.0067772589973174036,
        0.006835788983153179,
        0.0048129950009752065,
        0.00426938702003099,
        0.004757741990033537,
        0.004618610983015969,
        0.0068178749934304506,
        0.006836610002210364,
        0.00669780999305658,
        0.006749255990143865,
        0.006888828007504344,
        0.005301131022861227,
        0.0023196999973151833,
        0.004593604011461139,
        0.004076213983353227,
        0.004705363011453301,
        0.004637958016246557,
        0.006818194990046322,
        0.005285660998197272,
        0.006562085007317364,
        0.006761839991668239,
        0.005317030008882284,
        0.0047968950239010155,
        0.0046997029858175665,
        0.0042211659892927855,
        0.0046965669898781925,
        0.00687191600445658,
        0.004735269001685083,
        0.006613542005652562,
        0.006639280007220805,
        0.007213586999569088,
        0.007493231008993462,
        0.004764745011925697,
        0.004777638998348266,
        0.00455102400155738,
        0.004207810998195782,
        0.004732824978418648,
        0.006887946015922353,
        0.004242675990099087,
        0.006784733006497845,
        0.004975740012014285,
        0.00476473500020802,
        0.004676219017710537,
        0.004646663990570232,
        0.004644360014935955,
        0.006888397998409346,
        0.007742018002318218,
        0.006393558986019343,
        0.0070938930148258805,
        0.006713649025186896,
        0.00453807000303641,
        0.006734919996233657,
        0.002913033007644117,
        0.00406564399600029,
        0.009613015979994088,
        0.004395191994262859,
        0.0038113770133350044,
        0.002806903008604422,
        0.004304390982724726,
        0.0028538710030261427,
        0.0012006920005660504,
        0.00490907600033097,
        0.0008056310180108994,
        0.001859556999988854,
        0.004432923014974222,
        0.004552166006760672,
        0.004545594012597576,
        0.00404942300519906,
        0.004632908006897196,
        0.0025788749917410314,
        0.0026226280024275184,
        0.002439575007883832,
        0.0024929149949457496,
        0.0039581120072398335
      ],
      "memory_allocated_before_backward": {
        "mean_bytes": 55836672.0,
        "max_bytes": 55836672,
        "mean_gb": 0.052001953125,
        "max_gb": 0.052001953125
      },
      "memory_reserved_before_backward": {
        "mean_bytes": 8675917824.0,
        "max_bytes": 8675917824,
        "mean_gb": 8.080078125,
        "max_gb": 8.080078125
      }
    },
    "attention_scores_bytes": 33554432
  },
  {
    "config": {
      "implementation": "naive",
      "batch_size": 8,
      "d_model": 32,
      "sequence_length": 4096,
      "warmup_steps": 10,
      "measure_steps": 100,
      "device": "cuda:0",
      "dtype": "fp32",
      "is_causal": false,
      "campaign": "assignment_attention_full",
      "output_root": "data/section1_2"
    },
    "status": "ok",
    "forward": {
      "mean_seconds": 0.022274214640201535,
      "stdev_seconds": 0.003945476776313762,
      "min_seconds": 0.01630971400300041,
      "max_seconds": 0.03978295097476803,
      "timings_seconds": [
        0.021237515000393614,
        0.019058338017202914,
        0.01887107701622881,
        0.018695017002755776,
        0.022967249009525403,
        0.02516283598379232,
        0.023412162001477554,
        0.02176965301623568,
        0.01918365398887545,
        0.019013174023712054,
        0.03978295097476803,
        0.022250233974773437,
        0.02525725300074555,
        0.023911438998766243,
        0.019272149016615003,
        0.019355025026015937,
        0.01885662999120541,
        0.020957489003194496,
        0.025347332004457712,
        0.023776827001711354,
        0.02411488999496214,
        0.01924132098793052,
        0.019050283008255064,
        0.020923787000356242,
        0.025180898985126987,
        0.025222387979738414,
        0.028196844999911264,
        0.022037154994904995,
        0.02105089498218149,
        0.01695510497665964,
        0.018842282996047288,
        0.021109304012497887,
        0.028561387996887788,
        0.018571736000012606,
        0.025332994991913438,
        0.016791417991044,
        0.018820032011717558,
        0.0202384419972077,
        0.027683772990712896,
        0.022497568017570302,
        0.024898670002585277,
        0.023614030971657485,
        0.01912113602156751,
        0.019248365017119795,
        0.018779625999741256,
        0.021053810021840036,
        0.02532672300003469,
        0.023671770002692938,
        0.023865322000347078,
        0.019107169995550066,
        0.018973299011122435,
        0.039213904994539917,
        0.02257581500452943,
        0.022621529991738498,
        0.025282050017267466,
        0.01980004901997745,
        0.019316893012728542,
        0.018796828022459522,
        0.018937501998152584,
        0.0253391659935005,
        0.023618951003300026,
        0.02519335300894454,
        0.019789289974141866,
        0.018901765026384965,
        0.018850458989618346,
        0.025277100008679554,
        0.025197039998602122,
        0.025148668995825574,
        0.02522957100882195,
        0.01981684099882841,
        0.019395661016460508,
        0.018763716012472287,
        0.01894508599070832,
        0.021784880984341726,
        0.026979713002219796,
        0.020783382991794497,
        0.019763390999287367,
        0.018824680999387056,
        0.033470313996076584,
        0.02347908800584264,
        0.025247083976864815,
        0.025219472008757293,
        0.021975839976221323,
        0.022239765006816015,
        0.01630971400300041,
        0.01898066300782375,
        0.02298987001995556,
        0.025305672985268757,
        0.023664014996029437,
        0.02174849298899062,
        0.019130975008010864,
        0.018890432984335348,
        0.023188763996586204,
        0.024980132991913706,
        0.02526995600783266,
        0.025436810014070943,
        0.022133234015200287,
        0.019645439984742552,
        0.01871666798251681,
        0.019031337986234576
      ]
    },
    "backward": {
      "mean_seconds": 0.021611407328455245,
      "stdev_seconds": 0.00669518886737629,
      "min_seconds": 0.010382820008089766,
      "max_seconds": 0.0590086130250711,
      "timings_seconds": [
        0.02520316099980846,
        0.025090029987040907,
        0.019461424002656713,
        0.01872393098892644,
        0.02492962800897658,
        0.02201413200236857,
        0.018910421000327915,
        0.025220765004632995,
        0.025442710000788793,
        0.019929822999984026,
        0.01894961399375461,
        0.019069017987931147,
        0.01537545199971646,
        0.012135365977883339,
        0.01788122099242173,
        0.016353376006009057,
        0.012045508017763495,
        0.010382820008089766,
        0.01847483401070349,
        0.017396652983734384,
        0.018097247026162222,
        0.028112776984926313,
        0.025138950994005427,
        0.019166682002833113,
        0.02000062499428168,
        0.0181371410144493,
        0.018473481002729386,
        0.01847404200816527,
        0.01819057099055499,
        0.018578168004751205,
        0.018511542992200702,
        0.018588798004202545,
        0.0590086130250711,
        0.01843532099155709,
        0.018401416979031637,
        0.02234271797351539,
        0.02317358599975705,
        0.01878318199305795,
        0.022927053010789678,
        0.04599142400547862,
        0.018531801004428416,
        0.024928084982093424,
        0.021955680975224823,
        0.018728801020188257,
        0.042050323012517765,
        0.01875676299096085,
        0.018380877998424694,
        0.026064246019814163,
        0.02143926397548057,
        0.0337151630083099,
        0.030372175009688362,
        0.018767603993183002,
        0.019050482980674133,
        0.018630936974659562,
        0.023325651010964066,
        0.03144064798834734,
        0.024362475000089034,
        0.01782333297887817,
        0.021422140998765826,
        0.023884879978140816,
        0.02579889801563695,
        0.02854447698337026,
        0.023766005993820727,
        0.01892653200775385,
        0.029218159994343296,
        0.024343258992303163,
        0.018897597008617595,
        0.01877534799859859,
        0.023377387988148257,
        0.0198793480230961,
        0.018993436999153346,
        0.026827547000721097,
        0.02475027198670432,
        0.021649787988280877,
        0.025191168999299407,
        0.030787933996180072,
        0.021752339991508052,
        0.023925756016978994,
        0.01859142302419059,
        0.01700525899650529,
        0.0254118729790207,
        0.02187536100973375,
        0.019004197005415335,
        0.024293364986078814,
        0.025238246977096424,
        0.018945768009871244,
        0.021107169974129647,
        0.022863864985993132,
        0.012142058985773474,
        0.012501453020377085,
        0.017057516000932083,
        0.012739338999381289,
        0.016249039996182546,
        0.016803820006316528,
        0.012694093980826437,
        0.014104038011282682,
        0.01771377702243626,
        0.01876395699218847,
        0.020196764002321288,
        0.025278533023083583
      ],
      "memory_allocated_before_backward": {
        "mean_bytes": 574881792.0,
        "max_bytes": 574881792,
        "mean_gb": 0.535400390625,
        "max_gb": 0.535400390625
      },
      "memory_reserved_before_backward": {
        "mean_bytes": 8675917824.0,
        "max_bytes": 8675917824,
        "mean_gb": 8.080078125,
        "max_gb": 8.080078125
      }
    },
    "attention_scores_bytes": 536870912
  },
  {
    "config": {
      "implementation": "naive",
      "batch_size": 8,
      "d_model": 32,
      "sequence_length": 8192,
      "warmup_steps": 10,
      "measure_steps": 100,
      "device": "cuda:0",
      "dtype": "fp32",
      "is_causal": false,
      "campaign": "assignment_attention_full",
      "output_root": "data/section1_2"
    },
    "status": "ok",
    "forward": {
      "mean_seconds": 0.061738605998980345,
      "stdev_seconds": 0.017161041878424124,
      "min_seconds": 0.0207117990066763,
      "max_seconds": 0.09751058398978785,
      "timings_seconds": [
        0.06846476599457674,
        0.07207001699134707,
        0.06610090300091542,
        0.07521576501312666,
        0.06268821400590241,
        0.07847032899735495,
        0.06272332000662573,
        0.07474357998580672,
        0.06689404099597596,
        0.07106974098132923,
        0.0721056739857886,
        0.06557554798200727,
        0.07383828301681206,
        0.06468112100264989,
        0.07871158097987063,
        0.06222453500959091,
        0.08407549001276493,
        0.06397876399569213,
        0.07327609899220988,
        0.06832556499284692,
        0.07047353300731629,
        0.07576753100147471,
        0.06399917197995819,
        0.07337528400239535,
        0.06269059798796661,
        0.09054819701123051,
        0.08209324302151799,
        0.09487142399302684,
        0.08648131100926548,
        0.09024738299194723,
        0.0892714430228807,
        0.08839406800689176,
        0.0919081469764933,
        0.08411155702196993,
        0.09734866899088956,
        0.08042879099957645,
        0.09751058398978785,
        0.0765068469918333,
        0.07270965600037016,
        0.050552105996757746,
        0.05036530600045808,
        0.051600161008536816,
        0.04598082401207648,
        0.07578999199904501,
        0.06173188000684604,
        0.07935460700537078,
        0.06286115900729783,
        0.07533708299160935,
        0.06672314999741502,
        0.07176821099710651,
        0.06984538599499501,
        0.06842658398090862,
        0.07442500299657695,
        0.06399542500730604,
        0.07879502800642513,
        0.05420885302009992,
        0.07338576400070451,
        0.059560199006227776,
        0.06273882900131866,
        0.042181128985248506,
        0.055266496987314895,
        0.04670587400323711,
        0.05221811999217607,
        0.049464467010693625,
        0.047761633002664894,
        0.05739281402202323,
        0.06786302800173871,
        0.0412462150270585,
        0.06003327600774355,
        0.04090538699529134,
        0.05314225298934616,
        0.05259399497299455,
        0.051951180008472875,
        0.049029019981389865,
        0.047671565000200644,
        0.05344217599486001,
        0.04330771099193953,
        0.0577566769788973,
        0.0414076879969798,
        0.056888197985244915,
        0.05272514099488035,
        0.05779249299666844,
        0.0481984929938335,
        0.061179504002211615,
        0.03939917200477794,
        0.059442917990963906,
        0.044552786013809964,
        0.05257999899913557,
        0.04851619800319895,
        0.04982980198110454,
        0.051723522978136316,
        0.030022808990906924,
        0.03528447600547224,
        0.0207117990066763,
        0.03671343601308763,
        0.024254922987893224,
        0.03488779300823808,
        0.026124349009478465,
        0.03480155998840928,
        0.025474199006566778
      ]
    },
    "backward": {
      "mean_seconds": 0.06957061667897506,
      "stdev_seconds": 0.012938101358404838,
      "min_seconds": 0.029165040992666036,
      "max_seconds": 0.0993157580087427,
      "timings_seconds": [
        0.059786422993056476,
        0.061596857995027676,
        0.06830990599701181,
        0.08332517297822051,
        0.09167194500332698,
        0.08345997601281852,
        0.08137141901534051,
        0.07953625798108988,
        0.07726085998001508,
        0.06872402198496275,
        0.06703478397685103,
        0.0993157580087427,
        0.08566399800474755,
        0.05173768900567666,
        0.04504645202541724,
        0.03571431201999076,
        0.061621283006388694,
        0.072382091981126,
        0.0740063370030839,
        0.07595354897785,
        0.07365371700143442,
        0.07826925200060941,
        0.06689652500790544,
        0.06081929898937233,
        0.06265885799075477,
        0.06067381700268015,
        0.07054060901282355,
        0.07483730601961724,
        0.07431052799802274,
        0.0766602739749942,
        0.07882972300285473,
        0.07413890599855222,
        0.0766191270085983,
        0.0729313719784841,
        0.06996948798769154,
        0.06919303198810667,
        0.059565939009189606,
        0.06124846398597583,
        0.04424876600387506,
        0.06554748499183916,
        0.04831559199374169,
        0.06894740101415664,
        0.06196373500279151,
        0.06084783299593255,
        0.06532955699367449,
        0.06532500800676644,
        0.07410841999808326,
        0.07754862000001594,
        0.07042730701505207,
        0.07258765798178501,
        0.07725970802130178,
        0.0764447909896262,
        0.07887230298365466,
        0.07294851401820779,
        0.0855129349802155,
        0.07915830900310539,
        0.08054806498694234,
        0.08715351100545377,
        0.08752879500389099,
        0.09371071800705977,
        0.09767998100141995,
        0.09132995299296454,
        0.08552600900293328,
        0.08014204300707206,
        0.05742113699670881,
        0.04833794399746694,
        0.06083385698730126,
        0.07033916100044735,
        0.06155034099356271,
        0.06862065801396966,
        0.06675576200359501,
        0.07218334899516776,
        0.07927136099897325,
        0.07160178900812753,
        0.07574547900003381,
        0.07478515797993168,
        0.0750813540071249,
        0.07108769501792267,
        0.060932852007681504,
        0.05779362499015406,
        0.06043199301348068,
        0.06274082299205475,
        0.06672366100247018,
        0.06795205498929136,
        0.07274967100238428,
        0.0716350720031187,
        0.07264275100897066,
        0.07346417100052349,
        0.06376102499780245,
        0.03273561698733829,
        0.029165040992666036,
        0.031871074985247105,
        0.05215273701469414,
        0.06476867600576952,
        0.07011643401347101,
        0.07387027199729346,
        0.07728214099188335,
        0.0734691709803883,
        0.07062616900657304,
        0.062213244003942236
      ],
      "memory_allocated_before_backward": {
        "mean_bytes": 2206466048.0,
        "max_bytes": 2206466048,
        "mean_gb": 2.054931640625,
        "max_gb": 2.054931640625
      },
      "memory_reserved_before_backward": {
        "mean_bytes": 8675917824.0,
        "max_bytes": 8675917824,
        "mean_gb": 8.080078125,
        "max_gb": 8.080078125
      }
    },
    "attention_scores_bytes": 2147483648
  },
  {
    "config": {
      "implementation": "naive",
      "batch_size": 8,
      "d_model": 32,
      "sequence_length": 16384,
      "warmup_steps": 10,
      "measure_steps": 100,
      "device": "cuda:0",
      "dtype": "fp32",
      "is_causal": false,
      "campaign": "assignment_attention_full",
      "output_root": "data/section1_2"
    },
    "status": "oom",
    "error": "CUDA out of memory. Tried to allocate 8.00 GiB. GPU 0 has a total capacity of 94.97 GiB of which 7.20 GiB is free. Process 911662 has 4.51 GiB memory in use. Process 1033637 has 56.75 GiB memory in use. Including non-PyTorch memory, this process has 24.73 GiB memory in use. Process 2468454 has 1.16 GiB memory in use. Process 2479593 has 550.00 MiB memory in use. Of the allocated memory 16.11 GiB is allocated by PyTorch, and 7.96 GiB is reserved by PyTorch but unallocated. If reserved but unallocated memory is large try setting PYTORCH_CUDA_ALLOC_CONF=expandable_segments:True to avoid fragmentation.  See documentation for Memory Management  (https://docs.pytorch.org/docs/stable/notes/cuda.html#optimizing-memory-usage-with-pytorch-cuda-alloc-conf)"
  },
  {
    "config": {
      "implementation": "naive",
      "batch_size": 8,
      "d_model": 64,
      "sequence_length": 256,
      "warmup_steps": 10,
      "measure_steps": 100,
      "device": "cuda:0",
      "dtype": "fp32",
      "is_causal": false,
      "campaign": "assignment_attention_full",
      "output_root": "data/section1_2"
    },
    "status": "ok",
    "forward": {
      "mean_seconds": 0.005271165658195969,
      "stdev_seconds": 0.002141436252685181,
      "min_seconds": 0.0010744649916887283,
      "max_seconds": 0.017899325001053512,
      "timings_seconds": [
        0.004675917996792123,
        0.004612839984474704,
        0.004149541986407712,
        0.003986675990745425,
        0.002597140002762899,
        0.0036220820038579404,
        0.0034810069773811847,
        0.003450420015724376,
        0.003486166999209672,
        0.0055376939999405295,
        0.0060522900021169335,
        0.00605605699820444,
        0.006036047998350114,
        0.006496432004496455,
        0.0048446449800394475,
        0.006231474981177598,
        0.0067573009873740375,
        0.006773201021132991,
        0.005285772000206634,
        0.004631174000678584,
        0.004271590994903818,
        0.003912405984010547,
        0.0035681609879247844,
        0.0036870240001007915,
        0.0038921089726500213,
        0.003958704008255154,
        0.003816907003056258,
        0.0038285889895632863,
        0.003796468983637169,
        0.005849449022207409,
        0.00679465098073706,
        0.006809368991525844,
        0.006811774015659466,
        0.006767400976968929,
        0.005046884005423635,
        0.005941039999015629,
        0.0065383409964852035,
        0.006771809014026076,
        0.005175805010367185,
        0.004655369993997738,
        0.004122209997149184,
        0.003910283005097881,
        0.0033892949868459255,
        0.0034792539954651147,
        0.003537923999829218,
        0.0035632210201583803,
        0.003542102000210434,
        0.00360467002610676,
        0.0034900149912573397,
        0.0054981310095172375,
        0.006071324984077364,
        0.006060595012968406,
        0.006015379971358925,
        0.006602812005439773,
        0.004984797997167334,
        0.00623191602062434,
        0.006732475012540817,
        0.00673571098013781,
        0.005164836009498686,
        0.004642626008717343,
        0.004641663981601596,
        0.003922215022612363,
        0.0038930399750825018,
        0.0038360030157491565,
        0.0043511590047273785,
        0.003966988995671272,
        0.003965076000895351,
        0.0037718130042776465,
        0.0036773059982806444,
        0.006040938023943454,
        0.0067292389867361635,
        0.006828576006228104,
        0.006716033996781334,
        0.006830529018770903,
        0.005051471991464496,
        0.006695063988445327,
        0.006701095990138128,
        0.008439995988737792,
        0.013292315998114645,
        0.004998794000130147,
        0.0019609569862950593,
        0.0032974029891192913,
        0.0034978789917659014,
        0.0036141469900030643,
        0.003534738003509119,
        0.003590682987123728,
        0.0034952349960803986,
        0.005650887003866956,
        0.00601218399242498,
        0.006068560003768653,
        0.005989191005937755,
        0.006404289015335962,
        0.006995859002927318,
        0.007718744978774339,
        0.006389541988028213,
        0.010132580995559692,
        0.007570467016194016,
        0.017899325001053512,
        0.0010744649916887283,
        0.0038327969959937036
      ]
    },
    "backward": {
      "mean_seconds": 0.0033471092401305214,
      "stdev_seconds": 0.0027424652721757697,
      "min_seconds": 0.00021808900055475533,
      "max_seconds": 0.01644461799878627,
      "timings_seconds": [
        0.005378065019613132,
        0.006498786999145523,
        0.0065525769896339625,
        0.00654589498299174,
        0.0065658430103212595,
        0.004403968981932849,
        0.003888581006322056,
        0.0037793270021211356,
        0.004776276997290552,
        0.004279063985450193,
        0.0065464159997645766,
        0.011402000993257388,
        0.006560431997058913,
        0.005374167987611145,
        0.004661180981202051,
        0.006658536003669724,
        0.0027618089807219803,
        0.003390828991541639,
        0.0044731179950758815,
        0.005951591010671109,
        0.006323207024252042,
        0.0070241720241028816,
        0.00419840301037766,
        0.003856080991681665,
        0.003720145992701873,
        0.003433247999055311,
        0.00064985899371095,
        0.0027586439973674715,
        0.00147032699896954,
        0.000228488992433995,
        0.0005370569997467101,
        0.00041884600068442523,
        0.00027874199440702796,
        0.0027852130006067455,
        0.0030951340158935636,
        0.0012689199938904494,
        0.0037760910054203123,
        0.00137632098631002,
        0.0002785620163194835,
        0.00022694500512443483,
        0.00042622900218702853,
        0.00021808900055475533,
        0.00041949699516408145,
        0.001921634015161544,
        0.002949099987745285,
        0.0027663469954859465,
        0.0031744519947096705,
        0.002864841982955113,
        0.0019303589942865074,
        0.00024031000793911517,
        0.004300073022022843,
        0.0032317299919668585,
        0.003285050013801083,
        0.0004379920137580484,
        0.003037885995581746,
        0.0006264749972615391,
        0.0003483339969534427,
        0.00027867298922501504,
        0.00033768301364034414,
        0.001753547985572368,
        0.0031662269902881235,
        0.0027973150135949254,
        0.001984781993087381,
        0.0027569300145842135,
        0.0024309589935000986,
        0.0008157489937730134,
        0.002896492020227015,
        0.003429270989727229,
        0.002726612990954891,
        0.009923097997670993,
        0.0004586199938785285,
        0.00021886001923121512,
        0.0003458980063442141,
        0.00037576397880911827,
        0.006724841019604355,
        0.006071976997191086,
        0.0020935060165356845,
        0.003527485008817166,
        0.001225698011694476,
        0.0003055830020457506,
        0.0003016450209543109,
        0.0004058410122524947,
        0.00045387097634375095,
        0.00044658800470642745,
        0.002443400997435674,
        0.009114140993915498,
        0.005957040993962437,
        0.00498948700260371,
        0.0055823879956733435,
        0.0033498010016046464,
        0.01644461799878627,
        0.002789480990031734,
        0.00643025798490271,
        0.0051757759938482195,
        0.004128331027459353,
        0.005336717993486673,
        0.00464425899554044,
        0.0034171180159319192,
        0.0031227360013872385,
        0.0032005810062400997
      ],
      "memory_allocated_before_backward": {
        "mean_bytes": 21757952.0,
        "max_bytes": 21757952,
        "mean_gb": 0.020263671875,
        "max_gb": 0.020263671875
      },
      "memory_reserved_before_backward": {
        "mean_bytes": 17261658112.0,
        "max_bytes": 17261658112,
        "mean_gb": 16.076171875,
        "max_gb": 16.076171875
      }
    },
    "attention_scores_bytes": 2097152
  },
  {
    "config": {
      "implementation": "naive",
      "batch_size": 8,
      "d_model": 64,
      "sequence_length": 1024,
      "warmup_steps": 10,
      "measure_steps": 100,
      "device": "cuda:0",
      "dtype": "fp32",
      "is_causal": false,
      "campaign": "assignment_attention_full",
      "output_root": "data/section1_2"
    },
    "status": "ok",
    "forward": {
      "mean_seconds": 0.0052916069989441894,
      "stdev_seconds": 0.0019229091701893298,
      "min_seconds": 0.001282715005800128,
      "max_seconds": 0.01291255300748162,
      "timings_seconds": [
        0.005790538998553529,
        0.005782323016319424,
        0.006757601979188621,
        0.00531296301051043,
        0.004157365998253226,
        0.003875116992276162,
        0.0038473139866255224,
        0.0038321159954648465,
        0.003707301977556199,
        0.00372404299560003,
        0.0038662100268993527,
        0.003927745012333617,
        0.0036552440142259,
        0.003932203981094062,
        0.00551696598995477,
        0.006862028007162735,
        0.006951866002054885,
        0.006905299000209197,
        0.0069566050078719854,
        0.005283478007186204,
        0.005838056997163221,
        0.005711019999580458,
        0.0062153149920050055,
        0.004668324021622539,
        0.004149069980485365,
        0.0038764890050515532,
        0.0038620519917458296,
        0.00379894400248304,
        0.0037960390036460012,
        0.0037767119938507676,
        0.0039019370160531253,
        0.0038989219756331295,
        0.003903150005498901,
        0.0039145810005720705,
        0.005559465003898367,
        0.006843714014394209,
        0.006928572984179482,
        0.006916930986335501,
        0.006931348005309701,
        0.005297032999806106,
        0.005931593012064695,
        0.005891778011573479,
        0.006911179982125759,
        0.005337650014553219,
        0.0044240159913897514,
        0.0039040709962137043,
        0.003857664007227868,
        0.0038059969956520945,
        0.0038891029835212976,
        0.003926563018467277,
        0.004032722004922107,
        0.0030769100121688098,
        0.003476699988823384,
        0.003874615009408444,
        0.007407210010569543,
        0.005860099015990272,
        0.005465499009005725,
        0.006873239006381482,
        0.006849624012829736,
        0.005322309996699914,
        0.005855811003129929,
        0.0058301929966546595,
        0.006912902987096459,
        0.005354150984203443,
        0.004515397973591462,
        0.0038291900127660483,
        0.0038591769989579916,
        0.003841654019197449,
        0.0029959779931232333,
        0.004106309992494062,
        0.0042577039857860655,
        0.004126387997530401,
        0.004215324006509036,
        0.004183594981441274,
        0.006267894001211971,
        0.006920998013811186,
        0.006952036987058818,
        0.006868269003462046,
        0.006936788005987182,
        0.005251416994724423,
        0.006853080994915217,
        0.0069138649851083755,
        0.006781746982596815,
        0.005242621002253145,
        0.004799640009878203,
        0.004727615014417097,
        0.004447629995411262,
        0.00372205997700803,
        0.01291255300748162,
        0.001282715005800128,
        0.012689134979154915,
        0.0015229459968395531,
        0.012310163991060108,
        0.001493830990511924,
        0.006915958976605907,
        0.006938381004147232,
        0.005255444993963465,
        0.0069084049900993705,
        0.0068926749809179455,
        0.006918504019267857
      ]
    },
    "backward": {
      "mean_seconds": 0.005371073821152095,
      "stdev_seconds": 0.0025282245740994407,
      "min_seconds": 0.0012866729812230915,
      "max_seconds": 0.02266979098203592,
      "timings_seconds": [
        0.004587663017446175,
        0.0012866729812230915,
        0.0038615509984083474,
        0.004382076993351802,
        0.004381766979349777,
        0.006011722987750545,
        0.006750689004547894,
        0.0068038190074730664,
        0.006729720014845952,
        0.006673073017736897,
        0.004513042978942394,
        0.0045982519804965705,
        0.003521914011798799,
        0.004100990016013384,
        0.0040923639899119735,
        0.006173817993840203,
        0.006789121020119637,
        0.006800000992370769,
        0.006762892007827759,
        0.006803257012506947,
        0.004661361017497256,
        0.0060745619994122535,
        0.002515876985853538,
        0.003563903010217473,
        0.004000691988039762,
        0.009774890000699088,
        0.008116169017739594,
        0.004768482001964003,
        0.0066959460091311485,
        0.005197206017328426,
        0.0045385110133793205,
        0.00457195402123034,
        0.0039984280010685325,
        0.0032386230013798922,
        0.004130835994146764,
        0.006649107992416248,
        0.006826731987530366,
        0.005174933990929276,
        0.00648368799011223,
        0.005218425998464227,
        0.004239349014824256,
        0.003482791013084352,
        0.0037231220048852265,
        0.003844229009700939,
        0.0033796780044212937,
        0.006755178008461371,
        0.006667634006589651,
        0.005125420982949436,
        0.006707558000925928,
        0.005044559016823769,
        0.004600507003488019,
        0.004482455988181755,
        0.003974823019234464,
        0.003739682986633852,
        0.003975134022766724,
        0.002533641003537923,
        0.0068172040046192706,
        0.005047524988185614,
        0.005644434975693002,
        0.005109029996674508,
        0.003907017002347857,
        0.003969323995988816,
        0.012373713019769639,
        0.02266979098203592,
        0.007812489988282323,
        0.009278580022510141,
        0.007696191983995959,
        0.0037985430099070072,
        0.003949345991713926,
        0.0038831320125609636,
        0.003920721996109933,
        0.004091112001333386,
        0.005624708021059632,
        0.006773241009796038,
        0.0027646140079014003,
        0.0038526940043084323,
        0.010790404019644484,
        0.0016890070110093802,
        0.003984201001003385,
        0.002457056980347261,
        0.006768983002984896,
        0.0071991900040302426,
        0.006431139976484701,
        0.006691107992082834,
        0.0041956079949159175,
        0.004606377973686904,
        0.00407735601766035,
        0.0032823549991007894,
        0.003966648015193641,
        0.005964524985756725,
        0.0067640340130310506,
        0.006770806998247281,
        0.006639961007749662,
        0.006760767981177196,
        0.004434205999132246,
        0.004760586976772174,
        0.004314179997891188,
        0.002948548994027078,
        0.003698786022141576,
        0.004827633005334064
      ],
      "memory_allocated_before_backward": {
        "mean_bytes": 61079552.0,
        "max_bytes": 61079552,
        "mean_gb": 0.056884765625,
        "max_gb": 0.056884765625
      },
      "memory_reserved_before_backward": {
        "mean_bytes": 17261658112.0,
        "max_bytes": 17261658112,
        "mean_gb": 16.076171875,
        "max_gb": 16.076171875
      }
    },
    "attention_scores_bytes": 33554432
  },
  {
    "config": {
      "implementation": "naive",
      "batch_size": 8,
      "d_model": 64,
      "sequence_length": 4096,
      "warmup_steps": 10,
      "measure_steps": 100,
      "device": "cuda:0",
      "dtype": "fp32",
      "is_causal": false,
      "campaign": "assignment_attention_full",
      "output_root": "data/section1_2"
    },
    "status": "ok",
    "forward": {
      "mean_seconds": 0.020126517231110485,
      "stdev_seconds": 0.004904408775534121,
      "min_seconds": 0.00844346301164478,
      "max_seconds": 0.042845964984735474,
      "timings_seconds": [
        0.042845964984735474,
        0.018403801979729906,
        0.017965659004403278,
        0.01671053600148298,
        0.017020177008816972,
        0.017444842989789322,
        0.010831931984284893,
        0.008557126973755658,
        0.009076331014512107,
        0.011059949989430606,
        0.017213659011758864,
        0.015888363996054977,
        0.01559785901918076,
        0.008614304009824991,
        0.00844346301164478,
        0.008951846015406772,
        0.013701363001018763,
        0.017928399989614263,
        0.01671983298729174,
        0.01309023701469414,
        0.01375523500610143,
        0.01717896497575566,
        0.01704459299799055,
        0.02579937901464291,
        0.022439608990680426,
        0.025240701012080535,
        0.01941920499666594,
        0.018314844026463106,
        0.017878056009067222,
        0.021033892990089953,
        0.025317224994068965,
        0.023632255994016305,
        0.023459861986339092,
        0.018819149991031736,
        0.018134796002414078,
        0.017270746000576764,
        0.02040773900807835,
        0.024108458019327372,
        0.02200908202212304,
        0.019280375010566786,
        0.016944404022069648,
        0.02023931301664561,
        0.017993621004279703,
        0.023921418003737926,
        0.02510093999444507,
        0.02375771099468693,
        0.02225413199630566,
        0.01811202400131151,
        0.02099193399772048,
        0.023763592005707324,
        0.02503330199397169,
        0.023583514004712924,
        0.02156578001449816,
        0.01889706600923091,
        0.01880208801594563,
        0.018967798998346552,
        0.025358934013638645,
        0.027758514013839886,
        0.021040896011982113,
        0.01937220699619502,
        0.018928075005533174,
        0.018784725019941106,
        0.02104218798922375,
        0.0253095309890341,
        0.023706264997599646,
        0.023543479008367285,
        0.018727257993305102,
        0.018836312025086954,
        0.018943233008030802,
        0.023173987021436915,
        0.025376034987857565,
        0.023543838993646204,
        0.02153656500740908,
        0.01882461999775842,
        0.020433797995792702,
        0.01995456899749115,
        0.02302049897843972,
        0.02415874198777601,
        0.024521904007997364,
        0.019369902001926675,
        0.01875699299853295,
        0.018896515015512705,
        0.02101121097803116,
        0.026266214990755543,
        0.022466508991783485,
        0.023480800999095663,
        0.02041474200086668,
        0.017166972014820203,
        0.018908417026977986,
        0.02310795200173743,
        0.029908494994742796,
        0.019055473007028922,
        0.021497462003026158,
        0.018785276013659313,
        0.01879692799411714,
        0.018892877997132018,
        0.02748010098002851,
        0.02163851697696373,
        0.02507048298139125,
        0.019245248986408114
      ]
    },
    "backward": {
      "mean_seconds": 0.020552336963301058,
      "stdev_seconds": 0.004281441426313107,
      "min_seconds": 0.008451989007880911,
      "max_seconds": 0.03224942501401529,
      "timings_seconds": [
        0.018936961016152054,
        0.022156838997034356,
        0.021387977001722902,
        0.018872660002671182,
        0.025380124017829075,
        0.025177783012622967,
        0.01888523402158171,
        0.0199949549860321,
        0.023050114017678425,
        0.018165204004617408,
        0.01897585397819057,
        0.025000911991810426,
        0.020466729998588562,
        0.020250574016245082,
        0.024157922016456723,
        0.024068983999313787,
        0.0187186720140744,
        0.024159935011994094,
        0.017176610010210425,
        0.008685086009791121,
        0.010114978009369224,
        0.015272199001628906,
        0.008948139002313837,
        0.008451989007880911,
        0.016360950015950948,
        0.01368711597751826,
        0.008610616001533344,
        0.016046150005422533,
        0.016749218018958345,
        0.017384841019520536,
        0.021154008980374783,
        0.023803716991096735,
        0.017487412987975404,
        0.01906830698135309,
        0.025416351010790095,
        0.021570279001025483,
        0.018953532009618357,
        0.03224942501401529,
        0.02240045601502061,
        0.01835969800595194,
        0.025593944010324776,
        0.02288914201199077,
        0.018834237998817116,
        0.0231661910074763,
        0.024216501013142988,
        0.021070030983537436,
        0.021210874983808026,
        0.02413067000452429,
        0.016265239974018186,
        0.017808014003094286,
        0.024760141008300707,
        0.02218899899162352,
        0.018933083018055186,
        0.025718958990182728,
        0.02397633099462837,
        0.023749865998979658,
        0.02568825101479888,
        0.020708842988824472,
        0.019114524009637535,
        0.02195831699646078,
        0.02596574099152349,
        0.018623623007442802,
        0.024622923985589296,
        0.02197974600130692,
        0.01965832299902104,
        0.01904971300973557,
        0.02571835700655356,
        0.02374570901156403,
        0.015360583987785503,
        0.025629561016103253,
        0.01984624602482654,
        0.018867802020395175,
        0.020667616015998647,
        0.02375291200587526,
        0.018935949017759413,
        0.021581851004157215,
        0.025316623999970034,
        0.02152556600049138,
        0.018940206995466724,
        0.02391098899533972,
        0.02497891100938432,
        0.018754068005364388,
        0.020623022021027282,
        0.023788858990883455,
        0.019122880010399967,
        0.019017862010514364,
        0.025402604980627075,
        0.021278361993608996,
        0.017574836005223915,
        0.025287179014412686,
        0.027675788005581126,
        0.018748086993582547,
        0.021091361006256193,
        0.02337235800223425,
        0.0188218449766282,
        0.019019505998585373,
        0.02329573401948437,
        0.013154707994544879,
        0.018937442015158013,
        0.013847566995536909
      ],
      "memory_allocated_before_backward": {
        "mean_bytes": 595853312.0,
        "max_bytes": 595853312,
        "mean_gb": 0.554931640625,
        "max_gb": 0.554931640625
      },
      "memory_reserved_before_backward": {
        "mean_bytes": 17261658112.0,
        "max_bytes": 17261658112,
        "mean_gb": 16.076171875,
        "max_gb": 16.076171875
      }
    },
    "attention_scores_bytes": 536870912
  },
  {
    "config": {
      "implementation": "naive",
      "batch_size": 8,
      "d_model": 64,
      "sequence_length": 8192,
      "warmup_steps": 10,
      "measure_steps": 100,
      "device": "cuda:0",
      "dtype": "fp32",
      "is_causal": false,
      "campaign": "assignment_attention_full",
      "output_root": "data/section1_2"
    },
    "status": "ok",
    "forward": {
      "mean_seconds": 0.07324413033929886,
      "stdev_seconds": 0.012001853362681631,
      "min_seconds": 0.037637077999534085,
      "max_seconds": 0.09857335602282546,
      "timings_seconds": [
        0.06734696999774314,
        0.08517398900585249,
        0.06749775298521854,
        0.08474304201081395,
        0.06579714300460182,
        0.08327015000395477,
        0.06753403099719435,
        0.08439474800252356,
        0.06782084799488075,
        0.08421441097743809,
        0.06736875101341866,
        0.09857335602282546,
        0.06877428700681776,
        0.08139953098725528,
        0.07122739701298997,
        0.08108934000483714,
        0.07127621799008921,
        0.08111313500558026,
        0.07104476398671977,
        0.08123375099967234,
        0.07135705000837334,
        0.07995920098619536,
        0.07083047198830172,
        0.07996697499766015,
        0.06932407800923102,
        0.07990638102637604,
        0.07449151799664833,
        0.09728703400469385,
        0.07568632898619398,
        0.09753893601009622,
        0.0892661239777226,
        0.07892355899093673,
        0.07827547399210744,
        0.09709711800678633,
        0.0718225930177141,
        0.07167068801936693,
        0.04120530898217112,
        0.05660566798178479,
        0.03930869200848974,
        0.052870993997203186,
        0.037637077999534085,
        0.05200369897647761,
        0.04174055199837312,
        0.08002320097875781,
        0.07049188698874786,
        0.08063855499494821,
        0.07080826102173887,
        0.08030932801193558,
        0.07093225402059034,
        0.07913075701799244,
        0.07716909897862934,
        0.07336383301299065,
        0.07720022700959817,
        0.07315542199648917,
        0.07906661700690165,
        0.0733004639914725,
        0.07538172698696144,
        0.07315265701618046,
        0.07763500299188308,
        0.07311967498390004,
        0.07762069598538801,
        0.0731897969963029,
        0.07721252998453565,
        0.0730651429912541,
        0.07741304600494914,
        0.0729370919871144,
        0.07763468197663315,
        0.07306992099620402,
        0.07696742101688869,
        0.07287107899901457,
        0.0775530890095979,
        0.07376281099277548,
        0.08223245400586165,
        0.07173130099545233,
        0.08029968899791129,
        0.07163512101396918,
        0.0918955440283753,
        0.06510915397666395,
        0.08274013598565944,
        0.07100516901118681,
        0.08249329202226363,
        0.06935803100350313,
        0.08270688299671747,
        0.06822287300019525,
        0.060474522004369646,
        0.04217269297805615,
        0.05350141698727384,
        0.045926842984044924,
        0.054648688004817814,
        0.051808973017614335,
        0.08029099300620146,
        0.07245153200346977,
        0.0815447939967271,
        0.07279715099139139,
        0.08163503301329911,
        0.0726725269923918,
        0.08260288799647242,
        0.07306551400688477,
        0.08236402997863479,
        0.07318037800723687
      ]
    },
    "backward": {
      "mean_seconds": 0.06937195082980907,
      "stdev_seconds": 0.014177067102829339,
      "min_seconds": 0.031362189998617396,
      "max_seconds": 0.11889156702090986,
      "timings_seconds": [
        0.07156367800780572,
        0.07371018201229163,
        0.09216428798390552,
        0.08435600600205362,
        0.08352024899795651,
        0.06435134200728498,
        0.059821056987857446,
        0.059237923996988684,
        0.06967507599620149,
        0.08450355200329795,
        0.085492857004283,
        0.08455586002673954,
        0.0847094889904838,
        0.08584156198776327,
        0.08395517399185337,
        0.08538397299707867,
        0.08495367597788572,
        0.11889156702090986,
        0.06473908000043593,
        0.06727865198627114,
        0.06749804300488904,
        0.06523601099615917,
        0.06642974997521378,
        0.06676003002212383,
        0.06746726500568911,
        0.06676799501292408,
        0.06404620001558214,
        0.06628043099772185,
        0.06449738700757734,
        0.03629724498023279,
        0.03968961600912735,
        0.040517999994335696,
        0.05782819099840708,
        0.07148106201202609,
        0.0714907499786932,
        0.0716774010215886,
        0.06902737100608647,
        0.07156453898642212,
        0.07159957499243319,
        0.0714406670012977,
        0.07174364500679076,
        0.07185897100134753,
        0.0717128170072101,
        0.07131777598988265,
        0.07150043899309821,
        0.07507876900490373,
        0.08261070298613049,
        0.09003202998428605,
        0.07624803198268637,
        0.07547824797802605,
        0.08213572201202624,
        0.07900249701924622,
        0.07776758100953884,
        0.04646262701135129,
        0.05326265899930149,
        0.05459306397824548,
        0.07997048198012635,
        0.08527911701821722,
        0.07849553599953651,
        0.07824432497727685,
        0.07870543000171892,
        0.07815021800342947,
        0.07851850902079605,
        0.07957366801565513,
        0.07799038899247535,
        0.07825634701293893,
        0.06339369699708186,
        0.06423759899917059,
        0.06548955701873638,
        0.0659212659811601,
        0.06496809900272638,
        0.06501289299922064,
        0.07260026098811068,
        0.06563217399525456,
        0.06433965099859051,
        0.061419364996254444,
        0.06401053399895318,
        0.03220732498448342,
        0.03276132498285733,
        0.031362189998617396,
        0.032379138021497056,
        0.042147475003730506,
        0.0580121950188186,
        0.05841937899822369,
        0.058207121008308604,
        0.06426104297861457,
        0.061821178009267896,
        0.06175112701021135,
        0.06533558800583705,
        0.06431048599188216,
        0.06817074501304887,
        0.06203485798323527,
        0.06346839701291174,
        0.0769537849992048,
        0.07669688298483379,
        0.08195381099358201,
        0.08278964797500521,
        0.0808573350077495,
        0.07884377901791595,
        0.08513280202168971
      ],
      "memory_allocated_before_backward": {
        "mean_bytes": 2248409088.0,
        "max_bytes": 2248409088,
        "mean_gb": 2.093994140625,
        "max_gb": 2.093994140625
      },
      "memory_reserved_before_backward": {
        "mean_bytes": 17261658112.0,
        "max_bytes": 17261658112,
        "mean_gb": 16.076171875,
        "max_gb": 16.076171875
      }
    },
    "attention_scores_bytes": 2147483648
  },
  {
    "config": {
      "implementation": "naive",
      "batch_size": 8,
      "d_model": 64,
      "sequence_length": 16384,
      "warmup_steps": 10,
      "measure_steps": 100,
      "device": "cuda:0",
      "dtype": "fp32",
      "is_causal": false,
      "campaign": "assignment_attention_full",
      "output_root": "data/section1_2"
    },
    "status": "oom",
    "error": "CUDA out of memory. Tried to allocate 8.00 GiB. GPU 0 has a total capacity of 94.97 GiB of which 3.15 GiB is free. Process 911662 has 4.51 GiB memory in use. Process 1033637 has 56.75 GiB memory in use. Including non-PyTorch memory, this process has 24.71 GiB memory in use. Process 2468454 has 1.16 GiB memory in use. Process 2500129 has 4.07 GiB memory in use. Process 2502398 has 550.00 MiB memory in use. Of the allocated memory 16.20 GiB is allocated by PyTorch, and 7.85 GiB is reserved by PyTorch but unallocated. If reserved but unallocated memory is large try setting PYTORCH_CUDA_ALLOC_CONF=expandable_segments:True to avoid fragmentation.  See documentation for Memory Management  (https://docs.pytorch.org/docs/stable/notes/cuda.html#optimizing-memory-usage-with-pytorch-cuda-alloc-conf)"
  },
  {
    "config": {
      "implementation": "naive",
      "batch_size": 8,
      "d_model": 128,
      "sequence_length": 256,
      "warmup_steps": 10,
      "measure_steps": 100,
      "device": "cuda:0",
      "dtype": "fp32",
      "is_causal": false,
      "campaign": "assignment_attention_full",
      "output_root": "data/section1_2"
    },
    "status": "ok",
    "forward": {
      "mean_seconds": 0.0063788908015703786,
      "stdev_seconds": 0.001796145979907734,
      "min_seconds": 0.003035642992472276,
      "max_seconds": 0.010656804020982236,
      "timings_seconds": [
        0.006918674014741555,
        0.006895881990203634,
        0.006864492985187098,
        0.0070174389984458685,
        0.006857399013824761,
        0.009022498998092487,
        0.009113640000578016,
        0.0089871330128517,
        0.00909045699518174,
        0.00903780700173229,
        0.007397662004223093,
        0.008945364999817684,
        0.008919215004425496,
        0.00897207498201169,
        0.007402681978419423,
        0.0065491409914102405,
        0.004800841998076066,
        0.005849859007867053,
        0.004937038000207394,
        0.005182408000109717,
        0.005673990002833307,
        0.005255205003777519,
        0.0053540100052487105,
        0.006967385997995734,
        0.008158359007211402,
        0.00818996800808236,
        0.008283422997919843,
        0.009058886993443593,
        0.009023380000144243,
        0.009002490987768397,
        0.009046174003742635,
        0.008977764984592795,
        0.00906141201267019,
        0.009062955010449514,
        0.008906962000764906,
        0.0073007809987757355,
        0.006996450014412403,
        0.007453205995261669,
        0.006690155016258359,
        0.007399455993436277,
        0.006879930995637551,
        0.006831331003922969,
        0.006919976993231103,
        0.0069411360018420964,
        0.006900298991240561,
        0.005139949003932998,
        0.004468469007406384,
        0.005606273014564067,
        0.00633151299552992,
        0.006728026986820623,
        0.006761097989510745,
        0.00682340600178577,
        0.005068194004707038,
        0.0060174740210641176,
        0.006769535015337169,
        0.006771639018552378,
        0.0052332440100144595,
        0.004461837001144886,
        0.003979383007390425,
        0.0038557999941986054,
        0.003911535022780299,
        0.003891406988259405,
        0.0036162709875497967,
        0.00390945200342685,
        0.0036100389843340963,
        0.00586590901366435,
        0.0067644350056070834,
        0.006721835001371801,
        0.006760397023754194,
        0.010656804020982236,
        0.003035642992472276,
        0.0065097569895442575,
        0.006722305988660082,
        0.006888567004352808,
        0.006814479012973607,
        0.006829918012954295,
        0.006793268985347822,
        0.004959229001542553,
        0.004537639004411176,
        0.003977557993493974,
        0.00414147597621195,
        0.003751073993043974,
        0.00385680198087357,
        0.0039003640122245997,
        0.003572729998268187,
        0.003749230003450066,
        0.0035817760217469186,
        0.0038348709931597114,
        0.0037129220145288855,
        0.0038010680000297725,
        0.0037042860058136284,
        0.005953023006441072,
        0.006697569013340399,
        0.006818406021920964,
        0.006848713004728779,
        0.006813607004005462,
        0.006159491022117436,
        0.0058923699834849685,
        0.007261096005095169,
        0.007949116989038885
      ]
    },
    "backward": {
      "mean_seconds": 0.0045680225803516805,
      "stdev_seconds": 0.0019301969511067785,
      "min_seconds": 0.0007609969761688262,
      "max_seconds": 0.010788150015287101,
      "timings_seconds": [
        0.003698525979416445,
        0.001583880017278716,
        0.002003155997954309,
        0.00408709398470819,
        0.003663440002128482,
        0.006534833984915167,
        0.00660187000175938,
        0.00655235699377954,
        0.006524736003484577,
        0.004486051999265328,
        0.003043097007321194,
        0.00344158400548622,
        0.003556858981028199,
        0.0041144550195895135,
        0.006625845009693876,
        0.0065525780082680285,
        0.00630561399157159,
        0.0065702499996405095,
        0.005905162979615852,
        0.005900765012484044,
        0.0030328969878610224,
        0.003849729022476822,
        0.002978275006171316,
        0.002985058003105223,
        0.0030041729914955795,
        0.0052263300167396665,
        0.006155713024782017,
        0.006085301021812484,
        0.005598127987468615,
        0.005062803975306451,
        0.0037045059725642204,
        0.0033649599936325103,
        0.0038462119991891086,
        0.004796415014425293,
        0.005769598996266723,
        0.006557407003128901,
        0.006460836011683568,
        0.006426340987673029,
        0.006600016000447795,
        0.0064606950036250055,
        0.004240071022650227,
        0.0033356449857819825,
        0.002443902980303392,
        0.003123306989436969,
        0.002505307988030836,
        0.0032273920078296214,
        0.003057313006138429,
        0.006593104015337303,
        0.0065264590084552765,
        0.00444092700490728,
        0.003867432998958975,
        0.003320427000289783,
        0.0029640879947692156,
        0.003290090011432767,
        0.006534062005812302,
        0.006607630988582969,
        0.006359185004839674,
        0.006659317994490266,
        0.006683022016659379,
        0.006471214990597218,
        0.0039196599973365664,
        0.00368389900540933,
        0.0035162530257366598,
        0.0029231310181785375,
        0.0035877269983757287,
        0.003533356008119881,
        0.006321013002889231,
        0.0065557530033402145,
        0.004760267009260133,
        0.006209824001416564,
        0.005165737005881965,
        0.003625458019087091,
        0.0034097940078936517,
        0.003280550998169929,
        0.010511091008083895,
        0.010788150015287101,
        0.006846669013611972,
        0.006606668990571052,
        0.003378153982339427,
        0.004768801998579875,
        0.0031415410048794,
        0.0057023630070034415,
        0.006683572981273755,
        0.007093291002092883,
        0.002544952993048355,
        0.004878277977695689,
        0.0043147609976585954,
        0.0010673319920897484,
        0.002428623993182555,
        0.002509205980459228,
        0.0008123129955492914,
        0.000899086007848382,
        0.0007609969761688262,
        0.004767350008478388,
        0.003039900999283418,
        0.0010948230046778917,
        0.0031822379969526082,
        0.002827290998538956,
        0.00160656200023368,
        0.006088366993935779
      ],
      "memory_allocated_before_backward": {
        "mean_bytes": 24379392.0,
        "max_bytes": 24379392,
        "mean_gb": 0.022705078125,
        "max_gb": 0.022705078125
      },
      "memory_reserved_before_backward": {
        "mean_bytes": 17244880896.0,
        "max_bytes": 17244880896,
        "mean_gb": 16.060546875,
        "max_gb": 16.060546875
      }
    },
    "attention_scores_bytes": 2097152
  },
  {
    "config": {
      "implementation": "naive",
      "batch_size": 8,
      "d_model": 128,
      "sequence_length": 1024,
      "warmup_steps": 10,
      "measure_steps": 100,
      "device": "cuda:0",
      "dtype": "fp32",
      "is_causal": false,
      "campaign": "assignment_attention_full",
      "output_root": "data/section1_2"
    },
    "status": "ok",
    "forward": {
      "mean_seconds": 0.0013876754292869008,
      "stdev_seconds": 0.0012524546113253077,
      "min_seconds": 0.00039310698048211634,
      "max_seconds": 0.004061226005433127,
      "timings_seconds": [
        0.001719665015116334,
        0.0008504949801135808,
        0.0028205800044815987,
        0.003473032993497327,
        0.0035735009878408164,
        0.0017428279970772564,
        0.0005733059952035546,
        0.0005319979973137379,
        0.000495760003104806,
        0.0006339589890558273,
        0.0005139039712958038,
        0.0007414600113406777,
        0.0005176800186745822,
        0.0004697410040535033,
        0.000448420993052423,
        0.0004982939863111824,
        0.00042364498949609697,
        0.0004724860191345215,
        0.00039310698048211634,
        0.0005385800031945109,
        0.0006391179922502488,
        0.0006255229818634689,
        0.0007189080060925335,
        0.0005949460028205067,
        0.0006342289852909744,
        0.0007013950089458376,
        0.0008430909947492182,
        0.0008313990256283432,
        0.002892063988838345,
        0.003931332001229748,
        0.0038079500081948936,
        0.0036129050131421536,
        0.003539688012097031,
        0.0032097490038722754,
        0.003268728993134573,
        0.0034376859839539975,
        0.0038779820024501532,
        0.003894141991622746,
        0.0035275850095786154,
        0.00344709400087595,
        0.0005051270127296448,
        0.0006628330156672746,
        0.0006814280059188604,
        0.0008381719817407429,
        0.0008916320221032947,
        0.0007994490151759237,
        0.0006116169970482588,
        0.0005139440181665123,
        0.0004025450034532696,
        0.000496961991302669,
        0.0005057289963588119,
        0.0005370670114643872,
        0.000773460982600227,
        0.0010489470150787383,
        0.0006685839907731861,
        0.0005687660013791174,
        0.0006398500117938966,
        0.000653896015137434,
        0.0006493580003734678,
        0.0005659110029228032,
        0.0005488689930643886,
        0.0006982790073379874,
        0.0006392590003088117,
        0.00279728599707596,
        0.0037926420045550913,
        0.004061226005433127,
        0.003956869972171262,
        0.003324464982142672,
        0.0018088420038111508,
        0.0012014030071441084,
        0.002885661000618711,
        0.003950468002585694,
        0.0025846270145848393,
        0.0013187830045353621,
        0.0006679630023427308,
        0.00048630201490595937,
        0.0005693180137313902,
        0.0006778820243198425,
        0.0007198200037237257,
        0.0006126279768068343,
        0.0006164459919091314,
        0.0006242310046218336,
        0.000579617015318945,
        0.0005655410059262067,
        0.0004964309919159859,
        0.000543889997061342,
        0.000508954981341958,
        0.0005293019930832088,
        0.0005481879925355315,
        0.0004946569970343262,
        0.00046480100718326867,
        0.0005841849779244512,
        0.0006551379919983447,
        0.0005078629765193909,
        0.0006246709963306785,
        0.0007168340089265257,
        0.0006926889764145017,
        0.0026763189816847444,
        0.003193077980540693,
        0.003358877991558984
      ]
    },
    "backward": {
      "mean_seconds": 0.004397236880322453,
      "stdev_seconds": 0.0020648524229047657,
      "min_seconds": 0.000566982984310016,
      "max_seconds": 0.008771978988079354,
      "timings_seconds": [
        0.0033684869995340705,
        0.0006229379796423018,
        0.0006574830040335655,
        0.0008790680149104446,
        0.001432846998795867,
        0.0024193470017053187,
        0.0006445390172302723,
        0.0005864900012966245,
        0.000566982984310016,
        0.0006735829811077565,
        0.002821942005539313,
        0.0048625090275891125,
        0.008771978988079354,
        0.0037339419941417873,
        0.003324704011902213,
        0.0031185180123429745,
        0.0005864299891982228,
        0.0008743390208110213,
        0.0006431859801523387,
        0.0007454679871443659,
        0.0006871380028314888,
        0.0026299820165149868,
        0.0031716370140202343,
        0.0034569629933685064,
        0.0010513619927223772,
        0.0066023510007653385,
        0.005011898989323527,
        0.003909991995897144,
        0.003809743997408077,
        0.003781320992857218,
        0.005965546995867044,
        0.00668323299032636,
        0.006717717013088986,
        0.006557165994308889,
        0.006603332993108779,
        0.00652349297888577,
        0.004687089007347822,
        0.004801042989129201,
        0.0037675140192732215,
        0.0041400839982088655,
        0.003653722000308335,
        0.0036696209863293916,
        0.006061467021936551,
        0.006405511987395585,
        0.0062328079948201776,
        0.005642119998810813,
        0.004701586993178353,
        0.002505769021809101,
        0.001080306014046073,
        0.003504251013509929,
        0.0037753299984615296,
        0.0031543550139758736,
        0.006637236016103998,
        0.00655004198779352,
        0.006385824992321432,
        0.006782429001759738,
        0.006487837003078312,
        0.006561654998222366,
        0.004492072999710217,
        0.0026817280158866197,
        0.004313459008699283,
        0.0040685599960852414,
        0.0038054560136515647,
        0.0030890429916325957,
        0.00617313600378111,
        0.006468509993283078,
        0.006843834009487182,
        0.0054423749970737845,
        0.00652833198546432,
        0.004612358985468745,
        0.003658910980448127,
        0.004663384985178709,
        0.0034943319915328175,
        0.003843837999738753,
        0.006304793001618236,
        0.00647452098201029,
        0.0063740829937160015,
        0.005807010020362213,
        0.006859371991595253,
        0.005505784007254988,
        0.00332986400462687,
        0.004309551004553214,
        0.0038961060054134578,
        0.003648131008958444,
        0.0037303149874787778,
        0.005343340017134324,
        0.00810429800185375,
        0.005463616020279005,
        0.006642285996349528,
        0.005140068009495735,
        0.004827762983040884,
        0.003087379998760298,
        0.004041587992105633,
        0.004161363001912832,
        0.006849313998827711,
        0.00660187000175938,
        0.006497755006421357,
        0.007340976007981226,
        0.006636775011429563,
        0.006881173001602292
      ],
      "memory_allocated_before_backward": {
        "mean_bytes": 71565312.0,
        "max_bytes": 71565312,
        "mean_gb": 0.066650390625,
        "max_gb": 0.066650390625
      },
      "memory_reserved_before_backward": {
        "mean_bytes": 17244880896.0,
        "max_bytes": 17244880896,
        "mean_gb": 16.060546875,
        "max_gb": 16.060546875
      }
    },
    "attention_scores_bytes": 33554432
  },
  {
    "config": {
      "implementation": "naive",
      "batch_size": 8,
      "d_model": 128,
      "sequence_length": 4096,
      "warmup_steps": 10,
      "measure_steps": 100,
      "device": "cuda:0",
      "dtype": "fp32",
      "is_causal": false,
      "campaign": "assignment_attention_full",
      "output_root": "data/section1_2"
    },
    "status": "ok",
    "forward": {
      "mean_seconds": 0.02088705504022073,
      "stdev_seconds": 0.004724185003631514,
      "min_seconds": 0.008416953991400078,
      "max_seconds": 0.030551691015716642,
      "timings_seconds": [
        0.02415262200520374,
        0.025817833986366168,
        0.026101095019839704,
        0.02581009001005441,
        0.020209567999700084,
        0.022996032988885418,
        0.0163305829919409,
        0.019481491995975375,
        0.0296832220046781,
        0.020340582996141165,
        0.025782046985113993,
        0.020064786018338054,
        0.01938894798513502,
        0.019058367994148284,
        0.026418279972858727,
        0.02915192599175498,
        0.021674403978977352,
        0.026013350987341255,
        0.019994864996988326,
        0.021144811005797237,
        0.018068031989969313,
        0.01941420597722754,
        0.02578307900694199,
        0.024205580004490912,
        0.0257025379978586,
        0.02015552599914372,
        0.019581800006562844,
        0.01939307598513551,
        0.025482505006948486,
        0.025702958984766155,
        0.02572904698899947,
        0.02580455900169909,
        0.020005044003482908,
        0.01994544197805226,
        0.01927607602556236,
        0.019523821014445275,
        0.0274723969923798,
        0.02278884398401715,
        0.02587755600688979,
        0.01926830201409757,
        0.020738799998071045,
        0.015880579012446105,
        0.025421641010325402,
        0.025888365984428674,
        0.02480306100915186,
        0.025081492989556864,
        0.020251164998626336,
        0.02070795200415887,
        0.020945046009728685,
        0.018309845007024705,
        0.025988244015024975,
        0.02435348799917847,
        0.026283437007805333,
        0.01987976799136959,
        0.01956173198414035,
        0.02188531999127008,
        0.02597014998900704,
        0.025930044008418918,
        0.025850987003650516,
        0.025080621999222785,
        0.02016341101261787,
        0.019978804019046947,
        0.01954578299773857,
        0.02189417599583976,
        0.025943429995095357,
        0.024351644999114797,
        0.024756564002018422,
        0.020008830993901938,
        0.019407033018069342,
        0.021432320005260408,
        0.030551691015716642,
        0.021828712982824072,
        0.02493718301411718,
        0.024606863997178152,
        0.019954368995968252,
        0.01852424701792188,
        0.016870505001861602,
        0.018042384006548673,
        0.017728774982970208,
        0.01626254600705579,
        0.013975217007100582,
        0.009507398994173855,
        0.008854743995470926,
        0.014379624975845218,
        0.01836077100597322,
        0.018054705986287445,
        0.0171815290232189,
        0.012755800009472296,
        0.010064703004900366,
        0.008955372992204502,
        0.008748124004341662,
        0.008416953991400078,
        0.016402539011323825,
        0.017417472001397982,
        0.018143112014513463,
        0.01829834299860522,
        0.02084189301240258,
        0.017460141010815278,
        0.01889433100586757,
        0.01759641701937653
      ]
    },
    "backward": {
      "mean_seconds": 0.029529353879624978,
      "stdev_seconds": 0.006732650266852064,
      "min_seconds": 0.01189956400776282,
      "max_seconds": 0.04858998701092787,
      "timings_seconds": [
        0.03361639802460559,
        0.02622915498795919,
        0.04858998701092787,
        0.026150919002247974,
        0.02892859699204564,
        0.033185059000970796,
        0.02842613501707092,
        0.02352751902071759,
        0.034331128001213074,
        0.026218626007903367,
        0.02856248099124059,
        0.033059592999052256,
        0.022813060000771657,
        0.024641517986310646,
        0.03345011599594727,
        0.029734918993199244,
        0.02227198498439975,
        0.03323507300228812,
        0.0321801139798481,
        0.02506492202519439,
        0.03154478402575478,
        0.03957770697888918,
        0.02654988699941896,
        0.040207668003859,
        0.03922290101763792,
        0.034640678990399465,
        0.03586852201260626,
        0.03831694199470803,
        0.028763167007127777,
        0.04025483599980362,
        0.04073247199994512,
        0.030513639998389408,
        0.03731214799336158,
        0.03899209899827838,
        0.03319523800746538,
        0.04003764901426621,
        0.04214251600205898,
        0.032761855982244015,
        0.026771412987727672,
        0.037885063007706776,
        0.024572107999119908,
        0.03973966100602411,
        0.027266330987913534,
        0.026255143980961293,
        0.03299000300467014,
        0.02756628202041611,
        0.025867587013635784,
        0.03323863900732249,
        0.027149330999236554,
        0.01189956400776282,
        0.01864895099424757,
        0.01366319099906832,
        0.021362689993111417,
        0.015396922011859715,
        0.014100120984949172,
        0.020901475014397874,
        0.02136233900091611,
        0.015051003021653742,
        0.02009146599448286,
        0.0382973050000146,
        0.028978471003938466,
        0.02725696301786229,
        0.03567669200128876,
        0.026712080987636,
        0.028916144015965983,
        0.03292935999343172,
        0.024524057982489467,
        0.03320386397535913,
        0.02750067997840233,
        0.026333851012168452,
        0.033286449004663154,
        0.025917229999322444,
        0.024681423004949465,
        0.03353676898404956,
        0.02757313597248867,
        0.02692759601632133,
        0.03284062401507981,
        0.027584105991991237,
        0.02440942300017923,
        0.03352930399705656,
        0.028020043013384566,
        0.03511466798954643,
        0.03465154898003675,
        0.03399407598772086,
        0.034583852015202865,
        0.02804006199585274,
        0.026890555978752673,
        0.032859548984561116,
        0.027423535007983446,
        0.023913882992928848,
        0.03276865798397921,
        0.021769682003650814,
        0.018623802985530347,
        0.03279290400678292,
        0.031735230004414916,
        0.023765435995301232,
        0.029213861998869106,
        0.031118232989683747,
        0.02519240099354647,
        0.03321657801279798
      ],
      "memory_allocated_before_backward": {
        "mean_bytes": 637796352.0,
        "max_bytes": 637796352,
        "mean_gb": 0.593994140625,
        "max_gb": 0.593994140625
      },
      "memory_reserved_before_backward": {
        "mean_bytes": 17244880896.0,
        "max_bytes": 17244880896,
        "mean_gb": 16.060546875,
        "max_gb": 16.060546875
      }
    },
    "attention_scores_bytes": 536870912
  },
  {
    "config": {
      "implementation": "naive",
      "batch_size": 8,
      "d_model": 128,
      "sequence_length": 8192,
      "warmup_steps": 10,
      "measure_steps": 100,
      "device": "cuda:0",
      "dtype": "fp32",
      "is_causal": false,
      "campaign": "assignment_attention_full",
      "output_root": "data/section1_2"
    },
    "status": "ok",
    "forward": {
      "mean_seconds": 0.07920737415086478,
      "stdev_seconds": 0.01352186521293807,
      "min_seconds": 0.03766819598968141,
      "max_seconds": 0.0988261699967552,
      "timings_seconds": [
        0.07831406602053903,
        0.07352670899126679,
        0.03766819598968141,
        0.06088680599350482,
        0.0437375679903198,
        0.07523560299887322,
        0.04194651899160817,
        0.058244099986040965,
        0.07447875401703641,
        0.0883398869773373,
        0.0828387810033746,
        0.08608206300414167,
        0.08837958000367507,
        0.08340518298791721,
        0.09018927402212285,
        0.0761069470026996,
        0.09349955199286342,
        0.08814523101318628,
        0.0943088700005319,
        0.07586420199368149,
        0.09306015801848844,
        0.07446685101604089,
        0.0896242449816782,
        0.08393138900282793,
        0.0884516460064333,
        0.07511396499467082,
        0.08512712200172246,
        0.08649119001347572,
        0.0988261699967552,
        0.08646402801969089,
        0.07808485598070547,
        0.096390041988343,
        0.0744965169869829,
        0.09242720098700374,
        0.07912610899074934,
        0.09227211997495033,
        0.07973133400082588,
        0.08651697798632085,
        0.08399276400450617,
        0.08922490599798039,
        0.08047273400006816,
        0.08546298200963065,
        0.09028210898395628,
        0.08303828400676139,
        0.08418166800402105,
        0.06579116298235022,
        0.06108313400181942,
        0.047018519981065765,
        0.05358338000951335,
        0.04631002101814374,
        0.06556254398310557,
        0.06510815198998898,
        0.08561703099985607,
        0.0785848929954227,
        0.09489706199383363,
        0.07622807400184684,
        0.08861304901074618,
        0.08159647102002054,
        0.09065989701775834,
        0.0782183260016609,
        0.0874919060152024,
        0.0858296189981047,
        0.08763915198505856,
        0.08191886599524878,
        0.08312882497557439,
        0.08986781098064966,
        0.08279024899820797,
        0.07928059800178744,
        0.0718596630031243,
        0.08979536601691507,
        0.07846458800486289,
        0.08842188998823985,
        0.07820088401786052,
        0.09649916700436734,
        0.07420682400697842,
        0.0914596870134119,
        0.0795311380061321,
        0.09293143701506779,
        0.0763170410064049,
        0.08946389399352483,
        0.08351726300315931,
        0.08869945100741461,
        0.07921827101381496,
        0.08638453998719342,
        0.08498595701530576,
        0.08516661601606756,
        0.08397211600095034,
        0.08079104000353254,
        0.09200824500294402,
        0.05624694499420002,
        0.05479296899284236,
        0.04572284102323465,
        0.06301029800670221,
        0.047048206004546955,
        0.07907475202227943,
        0.07791324399295263,
        0.09637633600505069,
        0.07442579400958493,
        0.09080187301151454,
        0.07815507700433955
      ]
    },
    "backward": {
      "mean_seconds": 0.12438728608132806,
      "stdev_seconds": 0.018735946277447905,
      "min_seconds": 0.07315933902282268,
      "max_seconds": 0.16642168699763715,
      "timings_seconds": [
        0.10914710399811156,
        0.10214061601436697,
        0.0999411910015624,
        0.09752350801136345,
        0.07315933902282268,
        0.07515416099340655,
        0.09160977799911052,
        0.11409700699732639,
        0.10850040198420174,
        0.10582881199661642,
        0.09275207997416146,
        0.1126818920020014,
        0.11321570401196368,
        0.10027294300380163,
        0.10233985900413245,
        0.1158645210089162,
        0.10024762601824477,
        0.10516098997322842,
        0.09712831702199765,
        0.08732238900847733,
        0.09705375699559227,
        0.12452118398505263,
        0.1270832279988099,
        0.11903817200800404,
        0.11487310199299827,
        0.12961927402648143,
        0.12526354598230682,
        0.12100675300462171,
        0.12177940297988243,
        0.13292977202218026,
        0.13205086402012967,
        0.13625645102001727,
        0.12232907299767248,
        0.12686819498776458,
        0.12368224101373926,
        0.1215416369959712,
        0.13341976000810973,
        0.1317907859920524,
        0.135937842016574,
        0.1284478869929444,
        0.12772642401978374,
        0.12361582700395957,
        0.0861331679916475,
        0.12388036199263297,
        0.12105168798007071,
        0.13907722997828387,
        0.13425741100218147,
        0.13119065097998828,
        0.12365104199852794,
        0.11770692601567134,
        0.12869365798542276,
        0.1274977860157378,
        0.14207541197538376,
        0.13212495201150887,
        0.1287043990159873,
        0.12361971399514005,
        0.11798807300510816,
        0.12924236702383496,
        0.12769924398162402,
        0.14008800499141216,
        0.12460825699963607,
        0.09899032799876295,
        0.12328169902320951,
        0.11756888701347634,
        0.12947049498325214,
        0.12577941300696693,
        0.1411350179987494,
        0.1337521840177942,
        0.1298953520017676,
        0.12482838000869378,
        0.11905830999603495,
        0.12981768598547205,
        0.1299078659794759,
        0.14075501600746065,
        0.13728675202582963,
        0.14331797198974527,
        0.13101424000342377,
        0.14524168000207283,
        0.15757232200121507,
        0.13493645502603613,
        0.15740769301191904,
        0.16094744199654087,
        0.154810283012921,
        0.15118896201602183,
        0.14549326099222526,
        0.15767800001776777,
        0.15537678499822505,
        0.16642168699763715,
        0.1588102639943827,
        0.15486039701499976,
        0.1341504709853325,
        0.11806015798356384,
        0.13890268301474862,
        0.13264101097593084,
        0.13410755101358518,
        0.11896898300619796,
        0.1240647779777646,
        0.10947416699491441,
        0.08751055199536495,
        0.12402966301306151
      ],
      "memory_allocated_before_backward": {
        "mean_bytes": 2332295168.0,
        "max_bytes": 2332295168,
        "mean_gb": 2.172119140625,
        "max_gb": 2.172119140625
      },
      "memory_reserved_before_backward": {
        "mean_bytes": 17244880896.0,
        "max_bytes": 17244880896,
        "mean_gb": 16.060546875,
        "max_gb": 16.060546875
      }
    },
    "attention_scores_bytes": 2147483648
  },
  {
    "config": {
      "implementation": "naive",
      "batch_size": 8,
      "d_model": 128,
      "sequence_length": 16384,
      "warmup_steps": 10,
      "measure_steps": 100,
      "device": "cuda:0",
      "dtype": "fp32",
      "is_causal": false,
      "campaign": "assignment_attention_full",
      "output_root": "data/section1_2"
    },
    "status": "oom",
    "error": "CUDA out of memory. Tried to allocate 8.00 GiB. GPU 0 has a total capacity of 94.97 GiB of which 6.92 GiB is free. Process 911662 has 4.51 GiB memory in use. Process 1033637 has 56.75 GiB memory in use. Including non-PyTorch memory, this process has 24.68 GiB memory in use. Process 2468454 has 1.16 GiB memory in use. Process 2511083 has 884.00 MiB memory in use. Of the allocated memory 16.39 GiB is allocated by PyTorch, and 7.63 GiB is reserved by PyTorch but unallocated. If reserved but unallocated memory is large try setting PYTORCH_CUDA_ALLOC_CONF=expandable_segments:True to avoid fragmentation.  See documentation for Memory Management  (https://docs.pytorch.org/docs/stable/notes/cuda.html#optimizing-memory-usage-with-pytorch-cuda-alloc-conf)"
  }
]
